time,movement,cmd_vx,cmd_vy,motive_x,motive_y,motive_z,motive_vx,motive_vy,motive_vz,speed,delta_from_start_x,delta_from_start_y,delta_from_start_z,horizontal_distance_from_start
0.0000,1,0.04710,-0.00717,-0.61779,0.44027,-0.08006,0.00000,0.00000,0.00000,0.00000,0.01054,0.02306,-0.00123,0.01061
0.0160,1,0.04710,-0.00717,-0.61903,0.43907,-0.08086,0.14529,0.34151,-0.03170,0.37248,0.00930,0.02186,-0.00203,0.00952
0.0320,1,0.04710,-0.00717,-0.61899,0.43743,-0.08145,0.10964,0.23045,-0.03291,0.25731,0.00934,0.02021,-0.00261,0.00970
0.0630,1,0.04710,-0.00717,-0.61929,0.43591,-0.08245,0.07717,0.14762,-0.04144,0.17165,0.00904,0.01870,-0.00362,0.00974
0.0790,1,0.04710,-0.00717,-0.61960,0.43484,-0.08329,0.05547,0.10233,-0.03763,0.12233,0.00873,0.01763,-0.00446,0.00980
0.0940,1,0.04710,-0.00717,-0.62115,0.43393,-0.08390,0.01578,0.06157,-0.03845,0.07429,0.00718,0.01672,-0.00507,0.00879
0.1250,1,0.04710,-0.00717,-0.62224,0.43420,-0.08447,0.00304,0.04835,-0.03338,0.05883,0.00609,0.01698,-0.00563,0.00830
0.1410,1,0.04710,-0.00717,-0.62308,0.43279,-0.08555,-0.01090,0.01431,-0.04200,0.04569,0.00525,0.01558,-0.00672,0.00853
0.1570,1,0.04710,-0.00717,-0.62347,0.43206,-0.08585,-0.01428,-0.00079,-0.03620,0.03893,0.00485,0.01484,-0.00702,0.00854
0.1880,1,0.04710,-0.00717,-0.62381,0.43089,-0.08691,-0.01341,-0.01002,-0.03564,0.03937,0.00452,0.01367,-0.00807,0.00925
0.2040,1,0.04710,-0.00717,-0.62392,0.43050,-0.08749,-0.01186,-0.01362,-0.03578,0.04008,0.00440,0.01328,-0.00865,0.00971
0.2190,1,0.04710,-0.00717,-0.62441,0.42948,-0.08819,-0.01702,-0.02715,-0.03858,0.05015,0.00392,0.01227,-0.00936,0.01014
0.2500,1,0.04710,-0.00717,-0.62516,0.42886,-0.08859,-0.01882,-0.02541,-0.03219,0.04512,0.00317,0.01164,-0.00976,0.01026
0.2660,1,0.04710,-0.00717,-0.62530,0.42770,-0.08923,-0.01629,-0.03712,-0.03410,0.05297,0.00303,0.01049,-0.01040,0.01083
0.2820,1,0.04710,-0.00717,-0.62559,0.42725,-0.08959,-0.01678,-0.03486,-0.03117,0.04968,0.00273,0.01004,-0.01076,0.01110
0.3130,1,0.04710,-0.00717,-0.62742,0.42816,-0.09013,-0.02734,-0.01880,-0.02770,0.04322,0.00091,0.01095,-0.01129,0.01133
0.3290,1,0.04710,-0.00717,-0.62803,0.42820,-0.09036,-0.03003,-0.01345,-0.02445,0.04099,0.00030,0.01099,-0.01153,0.01153
0.3440,1,0.04710,-0.00717,-0.62861,0.42752,-0.09068,-0.03208,-0.02152,-0.02365,0.04529,-0.00028,0.01030,-0.01185,0.01185
0.3750,1,0.04710,-0.00717,-0.62894,0.42686,-0.09093,-0.02672,-0.02144,-0.01978,0.03956,-0.00061,0.00964,-0.01210,0.01211
0.3910,1,0.04710,-0.00717,-0.62926,0.42672,-0.09126,-0.02511,-0.01826,-0.01994,0.03690,-0.00093,0.00951,-0.01243,0.01246
0.4070,1,0.04710,-0.00717,-0.62983,0.42614,-0.09141,-0.02777,-0.02279,-0.01724,0.03985,-0.00150,0.00892,-0.01257,0.01266
0.4380,1,0.04710,-0.00717,-0.63007,0.42625,-0.09180,-0.02278,-0.01615,-0.01613,0.03225,-0.00175,0.00904,-0.01297,0.01309
0.4540,1,0.04710,-0.00717,-0.63069,0.42594,-0.09197,-0.02671,-0.01702,-0.01478,0.03495,-0.00236,0.00873,-0.01314,0.01335
0.4690,1,0.04710,-0.00717,-0.63146,0.42654,-0.09187,-0.03283,-0.00275,-0.00938,0.03426,-0.00313,0.00933,-0.01304,0.01341
0.5000,1,0.04710,-0.00717,-0.63194,0.42604,-0.09191,-0.02853,-0.00613,-0.00734,0.03009,-0.00361,0.00882,-0.01308,0.01357
0.5160,1,0.04710,-0.00717,-0.63202,0.42570,-0.09201,-0.02262,-0.00983,-0.00706,0.02566,-0.00369,0.00849,-0.01318,0.01368
0.5320,1,0.04710,-0.00717,-0.63189,0.42469,-0.09216,-0.01491,-0.02312,-0.00769,0.02857,-0.00356,0.00748,-0.01333,0.01380
0.5630,1,0.04710,-0.00717,-0.63258,0.42429,-0.09182,-0.01673,-0.02061,-0.00302,0.02671,-0.00425,0.00707,-0.01299,0.01367
0.5790,1,0.04710,-0.00717,-0.63254,0.42392,-0.09178,-0.01191,-0.02122,-0.00169,0.02440,-0.00421,0.00671,-0.01295,0.01362
0.5940,1,0.04710,-0.00717,-0.63322,0.42342,-0.09154,-0.02040,-0.02427,0.00278,0.03182,-0.00490,0.00620,-0.01271,0.01362
0.6250,1,0.04710,-0.00717,-0.63398,0.42328,-0.09133,-0.02144,-0.01929,0.00381,0.02909,-0.00566,0.00607,-0.01249,0.01372
0.6410,1,0.04710,-0.00717,-0.63427,0.42328,-0.09119,-0.02058,-0.01455,0.00496,0.02569,-0.00595,0.00606,-0.01236,0.01372
0.6570,1,0.04710,-0.00717,-0.63484,0.42290,-0.09071,-0.02436,-0.01688,0.01125,0.03170,-0.00652,0.00568,-0.01188,0.01355
0.6880,1,0.04710,-0.00717,-0.63513,0.42237,-0.09056,-0.02057,-0.01691,0.00968,0.02834,-0.00680,0.00515,-0.01172,0.01355
0.7040,1,0.04710,-0.00717,-0.63577,0.42221,-0.09043,-0.02552,-0.01521,0.00931,0.03113,-0.00745,0.00499,-0.01159,0.01378
0.7190,1,0.04710,-0.00717,-0.63553,0.42160,-0.09005,-0.01513,-0.02150,0.01331,0.02946,-0.00721,0.00439,-0.01121,0.01333
0.7500,1,0.04710,-0.00717,-0.63511,0.41997,-0.08979,-0.00793,-0.02929,0.01206,0.03265,-0.00678,0.00276,-0.01096,0.01289
0.7660,1,0.04710,-0.00717,-0.63532,0.41937,-0.08956,-0.00917,-0.03130,0.01264,0.03498,-0.00699,0.00216,-0.01073,0.01280
0.7820,1,0.04710,-0.00717,-0.63680,0.42134,-0.08865,-0.02997,0.00731,0.02367,0.03888,-0.00847,0.00413,-0.00982,0.01296
0.8130,1,0.04710,-0.00717,-0.63701,0.42118,-0.08832,-0.02419,0.00420,0.02042,0.03194,-0.00868,0.00397,-0.00949,0.01286
0.8290,1,0.04710,-0.00717,-0.63658,0.42079,-0.08790,-0.01152,-0.00294,0.02187,0.02490,-0.00826,0.00358,-0.00907,0.01226
0.8440,1,0.04710,-0.00717,-0.63677,0.42042,-0.08746,-0.01175,-0.00849,0.02376,0.02783,-0.00844,0.00320,-0.00863,0.01207
0.8750,1,0.04710,-0.00717,-0.63752,0.42069,-0.08674,-0.01489,-0.00418,0.02360,0.02822,-0.00920,0.00347,-0.00791,0.01213
0.8910,1,0.04710,-0.00717,-0.63828,0.42080,-0.08622,-0.02304,-0.00144,0.02578,0.03461,-0.00996,0.00358,-0.00739,0.01240
0.9070,1,0.04710,-0.00717,-0.63832,0.42099,-0.08586,-0.01778,0.00199,0.02505,0.03078,-0.00999,0.00378,-0.00703,0.01221
0.9380,1,0.04710,-0.00717,-0.63899,0.42135,-0.08546,-0.01874,0.00436,0.02197,0.02921,-0.01066,0.00413,-0.00663,0.01255
0.9540,1,0.04710,-0.00717,-0.63880,0.42131,-0.08486,-0.01115,0.00268,0.02597,0.02839,-0.01047,0.00410,-0.00602,0.01208
0.9690,1,0.04710,-0.00717,-0.63864,0.42149,-0.08433,-0.00576,0.00497,0.02832,0.02933,-0.01032,0.00427,-0.00549,0.01169
1.0000,0,0.00000,0.00000,-0.63900,0.42161,-0.08355,-0.00716,0.00469,0.02747,0.02877,-0.01067,0.00439,-0.00472,0.01167
1.0160,0,0.00000,0.00000,-0.63865,0.42192,-0.08327,-0.00002,0.00836,0.02505,0.02640,-0.01033,0.00470,-0.00444,0.01124
1.0320,0,0.00000,0.00000,-0.63931,0.42259,-0.08236,-0.01025,0.01673,0.03297,0.03836,-0.01098,0.00537,-0.00353,0.01153
1.0630,0,0.00000,0.00000,-0.63965,0.42287,-0.08194,-0.01041,0.01483,0.02813,0.03346,-0.01132,0.00566,-0.00311,0.01174
1.0790,0,0.00000,0.00000,-0.64077,0.42396,-0.08152,-0.02537,0.02810,0.02764,0.04687,-0.01244,0.00674,-0.00269,0.01273
1.0940,0,0.00000,0.00000,-0.64061,0.42387,-0.08104,-0.01631,0.01969,0.02883,0.03853,-0.01228,0.00666,-0.00220,0.01248
1.1250,0,0.00000,0.00000,-0.64070,0.42411,-0.08065,-0.01293,0.01666,0.02470,0.03248,-0.01237,0.00689,-0.00182,0.01250
1.1410,0,0.00000,0.00000,-0.64008,0.42363,-0.08026,-0.00016,0.00495,0.02463,0.02512,-0.01176,0.00641,-0.00143,0.01184
1.1570,0,0.00000,0.00000,-0.64029,0.42355,-0.07960,-0.00337,0.00250,0.02881,0.02911,-0.01196,0.00633,-0.00077,0.01199
1.1880,0,0.00000,0.00000,-0.64047,0.42382,-0.07926,-0.00396,0.00404,0.02434,0.02499,-0.01214,0.00660,-0.00043,0.01215
1.2040,0,0.00000,0.00000,-0.64040,0.42402,-0.07858,-0.00187,0.00620,0.02895,0.02967,-0.01207,0.00680,0.00026,0.01207
1.2190,0,0.00000,0.00000,-0.64014,0.42360,-0.07826,0.00295,-0.00232,0.02700,0.02726,-0.01181,0.00639,0.00057,0.01182
1.2500,0,0.00000,0.00000,-0.64007,0.42327,-0.07782,0.00279,-0.00441,0.02377,0.02434,-0.01174,0.00606,0.00101,0.01178
1.2660,0,0.00000,0.00000,-0.64004,0.42316,-0.07760,0.00252,-0.00501,0.02130,0.02202,-0.01171,0.00595,0.00123,0.01178
1.2970,0,0.00000,0.00000,-0.64082,0.42380,-0.07718,-0.00437,0.00143,0.01936,0.01990,-0.01249,0.00659,0.00165,0.01260
1.3130,0,0.00000,0.00000,-0.64099,0.42378,-0.07702,-0.00599,0.00066,0.01707,0.01810,-0.01266,0.00656,0.00181,0.01279
1.3290,0,0.00000,0.00000,-0.64108,0.42360,-0.07691,-0.00591,-0.00226,0.01442,0.01575,-0.01275,0.00639,0.00192,0.01290
1.3600,0,0.00000,0.00000,-0.64109,0.42349,-0.07677,-0.00452,-0.00262,0.01200,0.01309,-0.01276,0.00627,0.00207,0.01293
1.3750,0,0.00000,0.00000,-0.64066,0.42316,-0.07632,0.00382,-0.00745,0.01651,0.01851,-0.01233,0.00594,0.00252,0.01259
1.3910,0,0.00000,0.00000,-0.64047,0.42302,-0.07604,0.00574,-0.00782,0.01670,0.01931,-0.01215,0.00580,0.00279,0.01246
1.4220,0,0.00000,0.00000,-0.64146,0.42370,-0.07576,-0.00366,-0.00038,0.01476,0.01521,-0.01313,0.00648,0.00307,0.01349
1.4380,0,0.00000,0.00000,-0.64149,0.42352,-0.07574,-0.00314,-0.00297,0.01150,0.01228,-0.01316,0.00631,0.00310,0.01352
1.4540,0,0.00000,0.00000,-0.64142,0.42341,-0.07562,-0.00129,-0.00398,0.01052,0.01132,-0.01309,0.00620,0.00322,0.01348
1.4850,0,0.00000,0.00000,-0.64127,0.42333,-0.07554,0.00025,-0.00362,0.00852,0.00926,-0.01294,0.00612,0.00330,0.01335
1.5000,2,0.07565,0.00235,-0.64136,0.42338,-0.07533,-0.00128,-0.00185,0.00982,0.01007,-0.01303,0.00617,0.00350,0.01349
1.5160,2,0.07565,0.00235,-0.64124,0.42327,-0.07516,0.00086,-0.00320,0.01001,0.01054,-0.01291,0.00605,0.00367,0.01342
1.5470,2,0.07565,0.00235,-0.64123,0.42332,-0.07504,0.00071,-0.00198,0.00848,0.00874,-0.01291,0.00611,0.00379,0.01345
1.5630,2,0.07565,0.00235,-0.64123,0.42321,-0.07481,0.00065,-0.00315,0.00990,0.01041,-0.01290,0.00600,0.00402,0.01351
1.5790,2,0.07565,0.00235,-0.64118,0.42323,-0.07464,0.00114,-0.00216,0.01019,0.01047,-0.01286,0.00601,0.00420,0.01352
1.6100,2,0.07565,0.00235,-0.64121,0.42336,-0.07421,0.00062,-0.00055,0.01113,0.01116,-0.01289,0.00615,0.00463,0.01369
1.6250,2,0.07565,0.00235,-0.64100,0.42346,-0.07393,0.00398,0.00130,0.01298,0.01363,-0.01267,0.00625,0.00491,0.01359
1.6410,2,0.07565,0.00235,-0.64052,0.42315,-0.07353,0.01055,-0.00390,0.01597,0.01954,-0.01219,0.00594,0.00531,0.01329
1.6720,2,0.07565,0.00235,-0.64009,0.42276,-0.07313,0.01138,-0.00610,0.01523,0.01996,-0.01176,0.00554,0.00571,0.01307
1.6880,2,0.07565,0.00235,-0.64072,0.42303,-0.07250,-0.00137,-0.00028,0.02121,0.02125,-0.01239,0.00582,0.00633,0.01392
1.7040,2,0.07565,0.00235,-0.64082,0.42270,-0.07203,-0.00256,-0.00540,0.02329,0.02404,-0.01249,0.00548,0.00681,0.01423
1.7350,2,0.07565,0.00235,-0.64114,0.42287,-0.07108,-0.00453,-0.00265,0.02513,0.02568,-0.01282,0.00566,0.00776,0.01498
1.7500,2,0.07565,0.00235,-0.64132,0.42292,-0.07045,-0.00626,-0.00125,0.02933,0.03002,-0.01299,0.00570,0.00839,0.01546
1.7660,2,0.07565,0.00235,-0.64208,0.42334,-0.06947,-0.01659,0.00570,0.03730,0.04123,-0.01375,0.00613,0.00937,0.01664
1.7970,2,0.07565,0.00235,-0.64215,0.42302,-0.06882,-0.01300,0.00172,0.03321,0.03570,-0.01382,0.00581,0.01001,0.01707
1.8130,2,0.07565,0.00235,-0.64240,0.42362,-0.06774,-0.01375,0.01067,0.04182,0.04529,-0.01407,0.00641,0.01110,0.01792
1.8290,2,0.07565,0.00235,-0.64238,0.42301,-0.06688,-0.01002,-0.00159,0.04470,0.04584,-0.01406,0.00580,0.01195,0.01845
1.8600,2,0.07565,0.00235,-0.64177,0.42305,-0.06572,-0.00257,-0.00086,0.04286,0.04295,-0.01344,0.00584,0.01311,0.01878
1.8750,2,0.07565,0.00235,-0.64139,0.42257,-0.06497,0.00446,-0.00867,0.04468,0.04573,-0.01306,0.00536,0.01386,0.01904
1.8910,2,0.07565,0.00235,-0.64306,0.42335,-0.06325,-0.02284,0.00572,0.06050,0.06492,-0.01473,0.00614,0.01559,0.02145
1.9220,2,0.07565,0.00235,-0.64363,0.42356,-0.06203,-0.02169,0.00595,0.05514,0.05955,-0.01530,0.00634,0.01680,0.02272
1.9380,2,0.07565,0.00235,-0.64375,0.42345,-0.06041,-0.01820,0.00281,0.06670,0.06920,-0.01542,0.00624,0.01842,0.02403
1.9540,2,0.07565,0.00235,-0.64421,0.42374,-0.05931,-0.02087,0.00666,0.06723,0.07071,-0.01588,0.00653,0.01952,0.02517
1.9850,2,0.07565,0.00235,-0.64325,0.42147,-0.05806,-0.00788,-0.01337,0.06052,0.06248,-0.01492,0.00425,0.02077,0.02558
2.0000,2,0.07565,0.00235,-0.64284,0.42079,-0.05704,0.00084,-0.02125,0.06236,0.06588,-0.01452,0.00358,0.02179,0.02618
2.0160,2,0.07565,0.00235,-0.64492,0.42247,-0.05482,-0.03177,0.01029,0.08151,0.08809,-0.01659,0.00526,0.02402,0.02919
2.0470,2,0.07565,0.00235,-0.64469,0.42170,-0.05374,-0.02203,0.00148,0.06981,0.07321,-0.01637,0.00448,0.02509,0.02996
2.0630,2,0.07565,0.00235,-0.64503,0.42111,-0.05163,-0.02169,-0.00810,0.08537,0.08845,-0.01670,0.00390,0.02720,0.03192
2.0790,2,0.07565,0.00235,-0.64623,0.42201,-0.05043,-0.03505,0.00796,0.08282,0.09028,-0.01790,0.00479,0.02841,0.03358
2.1100,2,0.07565,0.00235,-0.64622,0.42167,-0.04843,-0.02619,0.00327,0.07822,0.08256,-0.01789,0.00446,0.03040,0.03528
2.1250,2,0.07565,0.00235,-0.64635,0.42120,-0.04708,-0.02195,-0.00540,0.08107,0.08416,-0.01803,0.00399,0.03175,0.03651
2.1410,2,0.07565,0.00235,-0.64719,0.42070,-0.04489,-0.02945,-0.01192,0.09508,0.10025,-0.01886,0.00348,0.03394,0.03883
2.1720,2,0.07565,0.00235,-0.64732,0.42079,-0.04374,-0.02319,-0.00818,0.08063,0.08429,-0.01899,0.00358,0.03510,0.03991
2.1880,2,0.07565,0.00235,-0.64787,0.42093,-0.04162,-0.02599,-0.00398,0.09359,0.09722,-0.01954,0.00372,0.03722,0.04204
2.2040,2,0.07565,0.00235,-0.64806,0.42069,-0.04016,-0.02242,-0.00674,0.09287,0.09578,-0.01973,0.00348,0.03867,0.04341
2.2350,2,0.07565,0.00235,-0.64797,0.42077,-0.03803,-0.01610,-0.00444,0.08686,0.08845,-0.01964,0.00355,0.04080,0.04528
2.2500,2,0.07565,0.00235,-0.64905,0.42171,-0.03654,-0.03009,0.01237,0.08995,0.09565,-0.02072,0.00449,0.04229,0.04710
2.2660,2,0.07565,0.00235,-0.64868,0.42119,-0.03446,-0.01673,0.00115,0.10000,0.10140,-0.02035,0.00397,0.04437,0.04882
2.2970,2,0.07565,0.00235,-0.64875,0.42088,-0.03304,-0.01309,-0.00161,0.08649,0.08749,-0.02042,0.00367,0.04580,0.05014
2.3130,2,0.07565,0.00235,-0.64847,0.41984,-0.03127,-0.00548,-0.01748,0.09250,0.09429,-0.02014,0.00263,0.04757,0.05165
2.3290,2,0.07565,0.00235,-0.64876,0.41953,-0.02952,-0.00860,-0.01788,0.09666,0.09867,-0.02043,0.00232,0.04931,0.05338
2.3600,2,0.07565,0.00235,-0.64997,0.42154,-0.02729,-0.01623,0.00278,0.09046,0.09195,-0.02164,0.00433,0.05154,0.05590
2.3750,2,0.07565,0.00235,-0.65009,0.42213,-0.02588,-0.01414,0.01186,0.09141,0.09325,-0.02176,0.00491,0.05295,0.05725
2.3910,2,0.07565,0.00235,-0.65038,0.42255,-0.02363,-0.01516,0.01547,0.10363,0.10587,-0.02205,0.00534,0.05520,0.05944
2.4220,2,0.07565,0.00235,-0.65005,0.42010,-0.02275,-0.00876,-0.00815,0.08483,0.08567,-0.02173,0.00289,0.05608,0.06014
2.4380,2,0.07565,0.00235,-0.65040,0.41939,-0.02075,-0.01194,-0.01722,0.09493,0.09722,-0.02207,0.00218,0.05808,0.06214
2.4540,2,0.07565,0.00235,-0.65018,0.41925,-0.01936,-0.00548,-0.01516,0.09292,0.09431,-0.02185,0.00203,0.05947,0.06336
2.4850,2,0.07565,0.00235,-0.65057,0.42107,-0.01722,-0.00733,0.00337,0.08698,0.08735,-0.02225,0.00386,0.06162,0.06551
2.5000,0,0.00000,0.00000,-0.65108,0.42202,-0.01547,-0.01393,0.01822,0.09440,0.09715,-0.02275,0.00480,0.06337,0.06733
2.5160,0,0.00000,0.00000,-0.65175,0.42226,-0.01345,-0.02097,0.01752,0.10237,0.10595,-0.02343,0.00505,0.06539,0.06946
2.5470,0,0.00000,0.00000,-0.65077,0.42116,-0.01194,-0.00783,0.00423,0.08891,0.08936,-0.02245,0.00394,0.06689,0.07056
2.5630,0,0.00000,0.00000,-0.65061,0.41971,-0.01028,-0.00328,-0.01949,0.09265,0.09474,-0.02228,0.00249,0.06856,0.07209
2.5790,0,0.00000,0.00000,-0.65043,0.42008,-0.00928,0.00025,-0.00885,0.08512,0.08558,-0.02211,0.00286,0.06956,0.07298
2.6100,0,0.00000,0.00000,-0.64923,0.41912,-0.00738,0.00993,-0.01438,0.07917,0.08108,-0.02090,0.00190,0.07146,0.07445
2.6250,0,0.00000,0.00000,-0.64918,0.41933,-0.00643,0.00820,-0.00714,0.07509,0.07587,-0.02085,0.00212,0.07240,0.07534
2.6410,0,0.00000,0.00000,-0.64940,0.42001,-0.00462,0.00268,0.00513,0.08462,0.08482,-0.02108,0.00279,0.07421,0.07715
2.6720,0,0.00000,0.00000,-0.64890,0.41992,-0.00351,0.00607,0.00318,0.07242,0.07275,-0.02057,0.00271,0.07532,0.07808
2.6880,0,0.00000,0.00000,-0.64838,0.42064,-0.00214,0.01275,0.01356,0.07569,0.07794,-0.02005,0.00342,0.07669,0.07927
2.7040,0,0.00000,0.00000,-0.64867,0.42113,-0.00114,0.00488,0.01785,0.07242,0.07475,-0.02035,0.00392,0.07769,0.08031
2.7350,0,0.00000,0.00000,-0.64938,0.42251,0.00034,-0.00199,0.02455,0.06631,0.07073,-0.02105,0.00530,0.07918,0.08193
2.7500,0,0.00000,0.00000,-0.64880,0.42280,0.00121,0.00815,0.02321,0.06421,0.06876,-0.02047,0.00559,0.08005,0.08262
2.7660,0,0.00000,0.00000,-0.64828,0.42248,0.00240,0.01425,0.01233,0.06675,0.06936,-0.01995,0.00526,0.08124,0.08365
2.7970,0,0.00000,0.00000,-0.64785,0.42248,0.00341,0.01417,0.00931,0.05821,0.06063,-0.01952,0.00527,0.08225,0.08453
2.8130,0,0.00000,0.00000,-0.64804,0.42404,0.00450,0.00759,0.03125,0.06058,0.06859,-0.01971,0.00682,0.08333,0.08563
2.8290,0,0.00000,0.00000,-0.64692,0.42285,0.00491,0.02317,0.00484,0.05191,0.05705,-0.01859,0.00563,0.08374,0.08578
2.8600,0,0.00000,0.00000,-0.64765,0.42354,0.00614,0.01151,0.00918,0.04881,0.05098,-0.01932,0.00632,0.08497,0.08714
2.8750,0,0.00000,0.00000,-0.64718,0.42310,0.00679,0.01638,-0.00032,0.04753,0.05027,-0.01886,0.00589,0.08562,0.08768
2.8910,0,0.00000,0.00000,-0.64681,0.42316,0.00797,0.01819,0.00067,0.05406,0.05704,-0.01848,0.00595,0.08680,0.08875
2.9220,0,0.00000,0.00000,-0.64660,0.42331,0.00828,0.01527,0.00167,0.04303,0.04569,-0.01828,0.00609,0.08711,0.08901
2.9380,0,0.00000,0.00000,-0.64600,0.42317,0.00929,0.02089,-0.00089,0.04811,0.05246,-0.01767,0.00595,0.08812,0.08988
2.9540,0,0.00000,0.00000,-0.64586,0.42298,0.00984,0.01787,-0.00365,0.04461,0.04819,-0.01753,0.00576,0.08867,0.09039
2.9850,0,0.00000,0.00000,-0.64485,0.42190,0.01041,0.02155,-0.01144,0.03805,0.04520,-0.01652,0.00469,0.08924,0.09076
3.0000,3,-0.03261,0.05745,-0.64479,0.42195,0.01103,0.01706,-0.00776,0.03886,0.04315,-0.01647,0.00473,0.08986,0.09136
3.0160,3,-0.03261,0.05745,-0.64452,0.42196,0.01180,0.01707,-0.00563,0.04118,0.04493,-0.01619,0.00475,0.09063,0.09207
3.0470,3,-0.03261,0.05745,-0.64437,0.42157,0.01264,0.01399,-0.00734,0.03766,0.04084,-0.01605,0.00436,0.09147,0.09287
3.0630,3,-0.03261,0.05745,-0.64432,0.42206,0.01297,0.01125,0.00214,0.03351,0.03542,-0.01600,0.00485,0.09181,0.09319
3.0790,3,-0.03261,0.05745,-0.64484,0.42287,0.01393,0.00031,0.01426,0.04007,0.04253,-0.01652,0.00566,0.09276,0.09422
3.1100,3,-0.03261,0.05745,-0.64447,0.42271,0.01461,0.00327,0.00941,0.03554,0.03691,-0.01614,0.00550,0.09344,0.09483
3.1250,3,-0.03261,0.05745,-0.64427,0.42290,0.01501,0.00584,0.01010,0.03326,0.03525,-0.01594,0.00568,0.09384,0.09518
3.1410,3,-0.03261,0.05745,-0.64350,0.42287,0.01568,0.01631,0.00715,0.03547,0.03969,-0.01517,0.00565,0.09451,0.09572
3.1720,3,-0.03261,0.05745,-0.64305,0.42280,0.01617,0.01590,0.00481,0.03052,0.03475,-0.01472,0.00559,0.09500,0.09613
3.1880,3,-0.03261,0.05745,-0.64166,0.42200,0.01661,0.03363,-0.00895,0.02982,0.04583,-0.01333,0.00478,0.09544,0.09637
3.2040,3,-0.03261,0.05745,-0.64127,0.42189,0.01696,0.03124,-0.00831,0.02777,0.04262,-0.01294,0.00468,0.09579,0.09666
3.2350,3,-0.03261,0.05745,-0.64160,0.42252,0.01757,0.02082,-0.00117,0.02577,0.03315,-0.01327,0.00531,0.09640,0.09731
3.2500,3,-0.03261,0.05745,-0.64109,0.42269,0.01797,0.02402,0.00187,0.02609,0.03551,-0.01276,0.00547,0.09681,0.09765
3.2660,3,-0.03261,0.05745,-0.63998,0.42192,0.01832,0.03543,-0.01063,0.02499,0.04464,-0.01165,0.00470,0.09715,0.09785
3.2970,3,-0.03261,0.05745,-0.63933,0.42148,0.01872,0.03177,-0.01146,0.02197,0.04028,-0.01101,0.00427,0.09755,0.09817
3.3130,3,-0.03261,0.05745,-0.63800,0.42126,0.01909,0.04463,-0.01207,0.02229,0.05133,-0.00967,0.00405,0.09793,0.09840
3.3290,3,-0.03261,0.05745,-0.63753,0.42112,0.01926,0.04080,-0.01129,0.01927,0.04651,-0.00921,0.00390,0.09809,0.09852
3.3600,3,-0.03261,0.05745,-0.63670,0.42114,0.01943,0.03728,-0.00827,0.01587,0.04136,-0.00838,0.00393,0.09827,0.09862
3.3750,3,-0.03261,0.05745,-0.63515,0.42073,0.01963,0.05389,-0.01301,0.01525,0.05750,-0.00682,0.00352,0.09847,0.09870
3.3910,3,-0.03261,0.05745,-0.63350,0.41985,0.01981,0.06613,-0.02353,0.01415,0.07160,-0.00517,0.00264,0.09864,0.09878
3.4220,3,-0.03261,0.05745,-0.63291,0.42002,0.01987,0.05439,-0.01630,0.01111,0.05786,-0.00458,0.00281,0.09870,0.09881
3.4380,3,-0.03261,0.05745,-0.63244,0.42079,0.02040,0.04810,-0.00022,0.01662,0.05089,-0.00411,0.00357,0.09923,0.09932
3.4540,3,-0.03261,0.05745,-0.63062,0.42016,0.02068,0.06453,-0.00999,0.01690,0.06745,-0.00229,0.00295,0.09952,0.09954
3.4850,3,-0.03261,0.05745,-0.62967,0.42060,0.02065,0.05606,-0.00394,0.01237,0.05754,-0.00134,0.00339,0.09948,0.09949
3.5000,3,-0.03261,0.05745,-0.62847,0.42064,0.02051,0.06203,-0.00236,0.00706,0.06247,-0.00014,0.00342,0.09935,0.09935
3.5160,3,-0.03261,0.05745,-0.62557,0.41917,0.02015,0.09191,-0.02474,-0.00041,0.09518,0.00276,0.00195,0.09898,0.09902
3.5470,3,-0.03261,0.05745,-0.62448,0.41930,0.02011,0.07768,-0.01745,-0.00064,0.07962,0.00385,0.00209,0.09894,0.09901
3.5630,3,-0.03261,0.05745,-0.62372,0.41990,0.02022,0.07008,-0.00382,0.00124,0.07020,0.00460,0.00268,0.09905,0.09916
3.5790,3,-0.03261,0.05745,-0.62264,0.42080,0.02006,0.06944,0.01125,-0.00148,0.07036,0.00568,0.00359,0.09889,0.09906
3.6100,3,-0.03261,0.05745,-0.62155,0.42163,0.02024,0.06089,0.01512,0.00036,0.06274,0.00678,0.00441,0.09908,0.09931
3.6250,3,-0.03261,0.05745,-0.62124,0.42240,0.02024,0.05092,0.02422,0.00016,0.05639,0.00709,0.00519,0.09907,0.09932
3.6410,3,-0.03261,0.05745,-0.61960,0.42293,0.02016,0.06371,0.02639,-0.00113,0.06896,0.00872,0.00571,0.09899,0.09937
3.6720,3,-0.03261,0.05745,-0.61833,0.42284,0.01988,0.05805,0.01911,-0.00305,0.06119,0.01000,0.00563,0.09872,0.09922
3.6880,3,-0.03261,0.05745,-0.61662,0.42316,0.01967,0.07029,0.01933,-0.00557,0.07312,0.01171,0.00595,0.09851,0.09920
3.7190,3,-0.03261,0.05745,-0.61432,0.42345,0.01948,0.07123,0.01684,-0.00573,0.07341,0.01401,0.00624,0.09831,0.09931
3.7350,3,-0.03261,0.05745,-0.61372,0.42374,0.01926,0.06290,0.01707,-0.00777,0.06564,0.01461,0.00652,0.09809,0.09917
3.7500,3,-0.03261,0.05745,-0.61279,0.42482,0.01907,0.06254,0.03088,-0.00899,0.07032,0.01553,0.00761,0.09790,0.09913
3.7820,3,-0.03261,0.05745,-0.61099,0.42436,0.01886,0.06096,0.01952,-0.00834,0.06455,0.01733,0.00714,0.09770,0.09922
3.7970,3,-0.03261,0.05745,-0.61003,0.42483,0.01861,0.06171,0.02260,-0.01045,0.06655,0.01829,0.00762,0.09745,0.09915
3.8130,3,-0.03261,0.05745,-0.60944,0.42569,0.01835,0.05551,0.03034,-0.01197,0.06439,0.01888,0.00848,0.09718,0.09900
3.8440,3,-0.03261,0.05745,-0.60822,0.42648,0.01793,0.05153,0.02916,-0.01235,0.06048,0.02011,0.00927,0.09676,0.09883
3.8600,3,-0.03261,0.05745,-0.60575,0.42561,0.01743,0.07712,0.00819,-0.01702,0.07940,0.02257,0.00839,0.09627,0.09888
3.8750,3,-0.03261,0.05745,-0.60536,0.42646,0.01702,0.06444,0.02026,-0.01971,0.07037,0.02297,0.00924,0.09585,0.09856
3.9070,3,-0.03261,0.05745,-0.60389,0.42650,0.01644,0.05977,0.01557,-0.01925,0.06470,0.02443,0.00929,0.09528,0.09836
3.9220,3,-0.03261,0.05745,-0.60297,0.42697,0.01602,0.06032,0.01945,-0.02148,0.06692,0.02536,0.00976,0.09486,0.09819
3.9380,3,-0.03261,0.05745,-0.60202,0.42737,0.01571,0.06005,0.02079,-0.02098,0.06692,0.02631,0.01015,0.09454,0.09814
3.9690,3,-0.03261,0.05745,-0.60092,0.42741,0.01489,0.05392,0.01597,-0.02239,0.06053,0.02741,0.01020,0.09372,0.09765
3.9850,3,-0.03261,0.05745,-0.60062,0.42774,0.01451,0.04500,0.01707,-0.02267,0.05320,0.02770,0.01053,0.09334,0.09737
4.0000,0,0.00000,0.00000,-0.59939,0.42801,0.01402,0.05427,0.01736,-0.02509,0.06225,0.02893,0.01080,0.09286,0.09726
4.0320,0,0.00000,0.00000,-0.59871,0.42847,0.01340,0.04605,0.01656,-0.02371,0.05438,0.02962,0.01125,0.09223,0.09687
4.0470,0,0.00000,0.00000,-0.59788,0.42879,0.01263,0.04841,0.01785,-0.03050,0.05994,0.03045,0.01158,0.09147,0.09640
4.0630,0,0.00000,0.00000,-0.59717,0.42886,0.01206,0.04731,0.01437,-0.03185,0.05882,0.03116,0.01164,0.09089,0.09608
4.0940,0,0.00000,0.00000,-0.59602,0.42869,0.01136,0.04480,0.00942,-0.02957,0.05450,0.03231,0.01147,0.09019,0.09580
4.1100,0,0.00000,0.00000,-0.59513,0.42877,0.01080,0.04752,0.00843,-0.03080,0.05725,0.03320,0.01156,0.08964,0.09559
4.1250,0,0.00000,0.00000,-0.59426,0.42898,0.00994,0.05010,0.00980,-0.03744,0.06330,0.03407,0.01177,0.08878,0.09509
4.1570,0,0.00000,0.00000,-0.59396,0.42914,0.00952,0.03991,0.00856,-0.03139,0.05149,0.03437,0.01192,0.08835,0.09480
4.1720,0,0.00000,0.00000,-0.59339,0.42938,0.00862,0.03949,0.01044,-0.03852,0.05614,0.03494,0.01216,0.08745,0.09418
4.1880,0,0.00000,0.00000,-0.59222,0.42862,0.00794,0.04779,-0.00402,-0.03948,0.06212,0.03611,0.01141,0.08678,0.09399
4.2190,0,0.00000,0.00000,-0.59110,0.42830,0.00747,0.04493,-0.00557,-0.03346,0.05630,0.03723,0.01109,0.08630,0.09399
4.2350,0,0.00000,0.00000,-0.59070,0.42842,0.00700,0.03989,-0.00241,-0.03242,0.05146,0.03763,0.01120,0.08583,0.09372
4.2500,0,0.00000,0.00000,-0.59132,0.42932,0.00621,0.01955,0.01321,-0.03735,0.04417,0.03701,0.01210,0.08505,0.09275
4.2820,0,0.00000,0.00000,-0.59095,0.42959,0.00572,0.01758,0.01207,-0.03190,0.03837,0.03738,0.01238,0.08455,0.09244
4.2970,0,0.00000,0.00000,-0.59078,0.42999,0.00506,0.01603,0.01569,-0.03485,0.04144,0.03755,0.01278,0.08389,0.09192
4.3130,0,0.00000,0.00000,-0.59038,0.43019,0.00463,0.01818,0.01490,-0.03287,0.04040,0.03794,0.01298,0.08346,0.09168
4.3440,0,0.00000,0.00000,-0.58997,0.43047,0.00387,0.01697,0.01343,-0.03079,0.03764,0.03836,0.01326,0.08270,0.09116
4.3600,0,0.00000,0.00000,-0.58992,0.43103,0.00341,0.01347,0.01871,-0.03023,0.03802,0.03841,0.01381,0.08225,0.09077
4.3750,0,0.00000,0.00000,-0.58988,0.43144,0.00281,0.01081,0.02089,-0.03265,0.04024,0.03845,0.01422,0.08165,0.09025
4.4070,0,0.00000,0.00000,-0.58986,0.43175,0.00240,0.00828,0.01811,-0.02773,0.03414,0.03847,0.01454,0.08123,0.08988
4.4220,0,0.00000,0.00000,-0.58968,0.43215,0.00179,0.00920,0.02026,-0.03098,0.03815,0.03865,0.01494,0.08062,0.08941
4.4380,0,0.00000,0.00000,-0.58996,0.43264,0.00142,0.00256,0.02284,-0.02897,0.03698,0.03837,0.01543,0.08025,0.08896
4.4690,0,0.00000,0.00000,-0.59051,0.43305,0.00093,-0.00254,0.02048,-0.02565,0.03292,0.03782,0.01584,0.07977,0.08828
4.4850,0,0.00000,0.00000,-0.59068,0.43356,0.00054,-0.00452,0.02328,-0.02533,0.03470,0.03765,0.01635,0.07938,0.08785
4.5000,4,0.04409,0.00969,-0.59091,0.43373,0.00009,-0.00726,0.02024,-0.02653,0.03415,0.03742,0.01651,0.07893,0.08735
4.5320,4,0.04409,0.00969,-0.59106,0.43367,-0.00020,-0.00664,0.01474,-0.02220,0.02747,0.03727,0.01646,0.07863,0.08701
4.5470,4,0.04409,0.00969,-0.59054,0.43282,-0.00017,0.00374,-0.00307,-0.01611,0.01682,0.03779,0.01561,0.07866,0.08727
4.5630,4,0.04409,0.00969,-0.59079,0.43306,-0.00060,-0.00118,0.00131,-0.01883,0.01891,0.03753,0.01584,0.07823,0.08677
4.5940,4,0.04409,0.00969,-0.59161,0.43368,-0.00128,-0.00747,0.00598,-0.01959,0.02180,0.03672,0.01646,0.07755,0.08581
4.6100,4,0.04409,0.00969,-0.59169,0.43350,-0.00133,-0.00691,0.00172,-0.01552,0.01708,0.03663,0.01628,0.07750,0.08572
4.6250,4,0.04409,0.00969,-0.59208,0.43366,-0.00148,-0.01156,0.00403,-0.01408,0.01866,0.03625,0.01645,0.07735,0.08543
4.6570,4,0.04409,0.00969,-0.59248,0.43386,-0.00150,-0.01180,0.00457,-0.01074,0.01660,0.03585,0.01665,0.07733,0.08524
4.6720,4,0.04409,0.00969,-0.59257,0.43357,-0.00142,-0.01032,-0.00146,-0.00663,0.01235,0.03576,0.01635,0.07742,0.08528
4.6880,4,0.04409,0.00969,-0.59327,0.43430,-0.00126,-0.01876,0.01042,-0.00249,0.02161,0.03506,0.01709,0.07757,0.08513
4.7190,4,0.04409,0.00969,-0.59353,0.43468,-0.00105,-0.01616,0.01087,-0.00016,0.01947,0.03480,0.01747,0.07779,0.08522
4.7350,4,0.04409,0.00969,-0.59369,0.43494,-0.00088,-0.01471,0.01213,0.00244,0.01922,0.03463,0.01772,0.07795,0.08530
4.7500,4,0.04409,0.00969,-0.59390,0.43530,-0.00063,-0.01449,0.01513,0.00605,0.02181,0.03443,0.01809,0.07820,0.08545
4.7820,4,0.04409,0.00969,-0.59428,0.43612,-0.00026,-0.01383,0.01772,0.00742,0.02366,0.03405,0.01890,0.07857,0.08563
4.7970,4,0.04409,0.00969,-0.59522,0.43707,0.00006,-0.02597,0.02919,0.01089,0.04056,0.03311,0.01985,0.07889,0.08556
4.8130,4,0.04409,0.00969,-0.59556,0.43755,0.00057,-0.02491,0.02935,0.01618,0.04176,0.03276,0.02033,0.07940,0.08590
4.8440,4,0.04409,0.00969,-0.59530,0.43709,0.00111,-0.01655,0.01829,0.01644,0.02964,0.03303,0.01987,0.07994,0.08649
4.8600,4,0.04409,0.00969,-0.59543,0.43726,0.00146,-0.01445,0.01642,0.01793,0.02828,0.03290,0.02004,0.08030,0.08677
4.8750,4,0.04409,0.00969,-0.59612,0.43805,0.00232,-0.02228,0.02557,0.02767,0.04377,0.03221,0.02084,0.08115,0.08731
4.9070,4,0.04409,0.00969,-0.59726,0.43972,0.00342,-0.02563,0.03220,0.02934,0.05055,0.03107,0.02251,0.08225,0.08792
4.9220,4,0.04409,0.00969,-0.59745,0.44014,0.00410,-0.02241,0.03120,0.03337,0.05088,0.03088,0.02293,0.08293,0.08849
4.9380,4,0.04409,0.00969,-0.59637,0.43914,0.00484,-0.00000,0.00768,0.03667,0.03746,0.03195,0.02192,0.08368,0.08957
4.9690,4,0.04409,0.00969,-0.59712,0.43848,0.00570,-0.00598,0.00049,0.03445,0.03496,0.03121,0.02127,0.08454,0.09012
4.9850,4,0.04409,0.00969,-0.59765,0.43835,0.00641,-0.01284,-0.00172,0.03682,0.03904,0.03068,0.02114,0.08524,0.09059
5.0000,4,0.04409,0.00969,-0.59805,0.43828,0.00691,-0.01637,-0.00239,0.03607,0.03968,0.03027,0.02107,0.08575,0.09094
5.0320,4,0.04409,0.00969,-0.59850,0.43856,0.00796,-0.01575,0.00038,0.03522,0.03858,0.02983,0.02135,0.08679,0.09178
5.0470,4,0.04409,0.00969,-0.59935,0.43896,0.00866,-0.02596,0.00683,0.03801,0.04653,0.02898,0.02174,0.08749,0.09216
5.0790,4,0.04409,0.00969,-0.60011,0.43960,0.00983,-0.02544,0.01012,0.03770,0.04659,0.02822,0.02238,0.08867,0.09305
5.0940,4,0.04409,0.00969,-0.60043,0.43963,0.01073,-0.02441,0.00822,0.04316,0.05026,0.02790,0.02242,0.08956,0.09380
5.1100,4,0.04409,0.00969,-0.60059,0.43988,0.01179,-0.02079,0.01002,0.04900,0.05416,0.02774,0.02267,0.09062,0.09477
5.1410,4,0.04409,0.00969,-0.60070,0.43995,0.01243,-0.01647,0.00807,0.04192,0.04575,0.02763,0.02273,0.09126,0.09535
5.1570,4,0.04409,0.00969,-0.60024,0.43961,0.01335,-0.00516,0.00079,0.04581,0.04611,0.02809,0.02240,0.09218,0.09637
5.1720,4,0.04409,0.00969,-0.59963,0.43906,0.01403,0.00633,-0.00861,0.04562,0.04686,0.02870,0.02185,0.09286,0.09719
5.2040,4,0.04409,0.00969,-0.60050,0.43965,0.01517,-0.00209,-0.00182,0.04314,0.04323,0.02782,0.02244,0.09400,0.09803
5.2190,4,0.04409,0.00969,-0.60141,0.44076,0.01586,-0.01667,0.01702,0.04391,0.04995,0.02692,0.02354,0.09470,0.09845
5.2350,4,0.04409,0.00969,-0.60109,0.44030,0.01677,-0.00746,0.00562,0.04712,0.04803,0.02724,0.02309,0.09560,0.09941
5.2660,4,0.04409,0.00969,-0.60092,0.44020,0.01769,-0.00423,0.00344,0.04272,0.04307,0.02741,0.02299,0.09652,0.10034
5.2820,4,0.04409,0.00969,-0.60100,0.44010,0.01897,-0.00442,0.00098,0.05218,0.05238,0.02733,0.02289,0.09781,0.10156
5.2970,4,0.04409,0.00969,-0.60076,0.44063,0.01926,0.00064,0.00959,0.04394,0.04498,0.02757,0.02342,0.09810,0.10190
5.3290,4,0.04409,0.00969,-0.60247,0.44206,0.02047,-0.01287,0.01834,0.04242,0.04798,0.02586,0.02484,0.09931,0.10262
5.3440,4,0.04409,0.00969,-0.60239,0.44265,0.02132,-0.00828,0.02368,0.04595,0.05235,0.02594,0.02544,0.10016,0.10346
5.3600,4,0.04409,0.00969,-0.60262,0.44306,0.02241,-0.00992,0.02405,0.05146,0.05767,0.02570,0.02584,0.10124,0.10446
5.3910,4,0.04409,0.00969,-0.60158,0.44226,0.02320,0.00098,0.01159,0.04495,0.04643,0.02675,0.02504,0.10203,0.10548
5.4070,4,0.04409,0.00969,-0.60272,0.44351,0.02407,-0.01714,0.02832,0.04732,0.05775,0.02560,0.02630,0.10290,0.10604
5.4220,4,0.04409,0.00969,-0.60289,0.44422,0.02490,-0.01565,0.03298,0.04939,0.06141,0.02544,0.02700,0.10374,0.10681
5.4540,4,0.04409,0.00969,-0.60285,0.44413,0.02573,-0.01141,0.02404,0.04351,0.05100,0.02548,0.02691,0.10456,0.10762
5.4690,4,0.04409,0.00969,-0.60268,0.44394,0.02652,-0.00571,0.01496,0.04572,0.04844,0.02565,0.02673,0.10535,0.10843
5.4850,4,0.04409,0.00969,-0.60213,0.44426,0.02749,0.00429,0.01616,0.04958,0.05232,0.02620,0.02705,0.10633,0.10951
5.5160,0,0.00000,0.00000,-0.60344,0.44537,0.02874,-0.00731,0.02106,0.04721,0.05221,0.02489,0.02816,0.10757,0.11041
5.5320,0,0.00000,0.00000,-0.60354,0.44569,0.02927,-0.00714,0.02077,0.04378,0.04898,0.02479,0.02847,0.10811,0.11091
5.5630,0,0.00000,0.00000,-0.60342,0.44604,0.03052,-0.00436,0.01838,0.04287,0.04685,0.02491,0.02882,0.10935,0.11215
5.5790,0,0.00000,0.00000,-0.60313,0.44600,0.03128,0.00121,0.01329,0.04406,0.04604,0.02520,0.02879,0.11011,0.11296
5.5940,0,0.00000,0.00000,-0.60153,0.44446,0.03175,0.02754,-0.01580,0.04084,0.05173,0.02679,0.02724,0.11058,0.11378
5.6250,0,0.00000,0.00000,-0.60303,0.44669,0.03296,0.00858,0.00617,0.04039,0.04175,0.02530,0.02948,0.11179,0.11462
5.6410,0,0.00000,0.00000,-0.60282,0.44698,0.03353,0.00969,0.00913,0.03928,0.04148,0.02551,0.02977,0.11237,0.11523
5.6570,0,0.00000,0.00000,-0.60310,0.44723,0.03441,0.00287,0.01078,0.04308,0.04450,0.02522,0.03002,0.11324,0.11601
5.6880,0,0.00000,0.00000,-0.60289,0.44717,0.03492,0.00390,0.00757,0.03648,0.03747,0.02544,0.02995,0.11376,0.11657
5.7040,0,0.00000,0.00000,-0.60273,0.44715,0.03561,0.00540,0.00534,0.03811,0.03886,0.02560,0.02993,0.11444,0.11727
5.7190,0,0.00000,0.00000,-0.60263,0.44726,0.03604,0.00571,0.00585,0.03569,0.03661,0.02570,0.03004,0.11487,0.11771
5.7500,0,0.00000,0.00000,-0.60219,0.44715,0.03671,0.00779,0.00356,0.03221,0.03332,0.02613,0.02994,0.11555,0.11846
5.7660,0,0.00000,0.00000,-0.60178,0.44698,0.03709,0.01239,-0.00002,0.03014,0.03259,0.02655,0.02977,0.11593,0.11893
5.7820,0,0.00000,0.00000,-0.60221,0.44789,0.03736,0.00255,0.01415,0.02672,0.03035,0.02612,0.03068,0.11619,0.11909
5.8130,0,0.00000,0.00000,-0.60238,0.44804,0.03780,0.00051,0.01182,0.02359,0.02639,0.02595,0.03083,0.11663,0.11948
5.8290,0,0.00000,0.00000,-0.60290,0.44846,0.03817,-0.00781,0.01537,0.02358,0.02921,0.02542,0.03124,0.11701,0.11974
5.8440,0,0.00000,0.00000,-0.60332,0.44889,0.03824,-0.01285,0.01876,0.01884,0.02953,0.02500,0.03168,0.11708,0.11972
5.8750,0,0.00000,0.00000,-0.60325,0.44869,0.03846,-0.00906,0.01243,0.01589,0.02212,0.02508,0.03147,0.11730,0.11995
5.8910,0,0.00000,0.00000,-0.60339,0.44874,0.03853,-0.00887,0.01023,0.01294,0.01873,0.02494,0.03153,0.11736,0.11998
5.9070,0,0.00000,0.00000,-0.60349,0.44871,0.03861,-0.00835,0.00705,0.01100,0.01551,0.02483,0.03149,0.11744,0.12004
5.9380,0,0.00000,0.00000,-0.60352,0.44853,0.03861,-0.00650,0.00388,0.00826,0.01120,0.02480,0.03132,0.11745,0.12004
5.9540,0,0.00000,0.00000,-0.60369,0.44856,0.03859,-0.00743,0.00341,0.00589,0.01008,0.02464,0.03135,0.11743,0.11998
5.9690,0,0.00000,0.00000,-0.60378,0.44847,0.03854,-0.00717,0.00095,0.00346,0.00802,0.02454,0.03125,0.11737,0.11991
6.0000,0,0.00000,0.00000,-0.60386,0.44834,0.03844,-0.00599,-0.00026,0.00185,0.00627,0.02447,0.03113,0.11728,0.11980
6.0160,5,-0.00084,-0.07821,-0.60362,0.44806,0.03830,-0.00073,-0.00461,-0.00085,0.00474,0.02471,0.03085,0.11713,0.11971
6.0320,5,-0.00084,-0.07821,-0.60388,0.44777,0.03819,-0.00465,-0.00809,-0.00236,0.00962,0.02445,0.03055,0.11702,0.11955
6.0630,5,-0.00084,-0.07821,-0.60357,0.44712,0.03798,-0.00100,-0.01125,-0.00344,0.01181,0.02476,0.02991,0.11682,0.11941
6.0790,5,-0.00084,-0.07821,-0.60421,0.44694,0.03775,-0.01074,-0.01130,-0.00620,0.01677,0.02412,0.02973,0.11658,0.11905
6.0940,5,-0.00084,-0.07821,-0.60467,0.44705,0.03755,-0.01570,-0.00658,-0.00802,0.01881,0.02366,0.02984,0.11638,0.11876
6.1250,5,-0.00084,-0.07821,-0.60494,0.44686,0.03733,-0.01397,-0.00650,-0.00776,0.01725,0.02339,0.02965,0.11617,0.11850
6.1410,5,-0.00084,-0.07821,-0.60493,0.44638,0.03707,-0.01024,-0.01242,-0.00991,0.01890,0.02340,0.02916,0.11590,0.11824
6.1720,5,-0.00084,-0.07821,-0.60625,0.44694,0.03682,-0.02839,-0.00046,-0.01130,0.03056,0.02208,0.02973,0.11566,0.11774
6.1880,5,-0.00084,-0.07821,-0.60682,0.44741,0.03657,-0.02584,0.00344,-0.01051,0.02811,0.02151,0.03020,0.11540,0.11739
6.2040,5,-0.00084,-0.07821,-0.60739,0.44775,0.03618,-0.02829,0.00790,-0.01406,0.03256,0.02094,0.03054,0.11501,0.11690
6.2350,5,-0.00084,-0.07821,-0.60800,0.44809,0.03582,-0.02619,0.00865,-0.01344,0.03068,0.02032,0.03088,0.11465,0.11644
6.2500,5,-0.00084,-0.07821,-0.60854,0.44855,0.03548,-0.02867,0.01405,-0.01577,0.03561,0.01978,0.03133,0.11431,0.11601
6.2660,5,-0.00084,-0.07821,-0.60868,0.44856,0.03506,-0.02364,0.01082,-0.01830,0.03179,0.01965,0.03135,0.11389,0.11558
6.2970,5,-0.00084,-0.07821,-0.61052,0.44942,0.03474,-0.03258,0.01502,-0.01634,0.03942,0.01781,0.03221,0.11357,0.11496
6.3130,5,-0.00084,-0.07821,-0.61071,0.44928,0.03478,-0.02729,0.00906,-0.01161,0.03101,0.01762,0.03207,0.11361,0.11497
6.3290,5,-0.00084,-0.07821,-0.61226,0.45023,0.03403,-0.04475,0.02160,-0.02033,0.05369,0.01607,0.03301,0.11287,0.11401
6.3600,5,-0.00084,-0.07821,-0.61339,0.45087,0.03378,-0.04266,0.02137,-0.01729,0.05075,0.01494,0.03365,0.11261,0.11360
6.3750,5,-0.00084,-0.07821,-0.61438,0.45132,0.03324,-0.04857,0.02361,-0.02193,0.05828,0.01395,0.03411,0.11208,0.11294
6.3910,5,-0.00084,-0.07821,-0.61500,0.45124,0.03296,-0.04604,0.01641,-0.02085,0.05314,0.01333,0.03403,0.11179,0.11259
6.4220,5,-0.00084,-0.07821,-0.61650,0.45216,0.03273,-0.04669,0.01971,-0.01753,0.05362,0.01182,0.03494,0.11156,0.11218
6.4380,5,-0.00084,-0.07821,-0.61782,0.45285,0.03204,-0.05563,0.02560,-0.02385,0.06572,0.01050,0.03564,0.11087,0.11137
6.4540,5,-0.00084,-0.07821,-0.61914,0.45366,0.03183,-0.06227,0.03181,-0.02115,0.07306,0.00919,0.03644,0.11067,0.11105
6.4850,5,-0.00084,-0.07821,-0.62051,0.45399,0.03198,-0.05773,0.02657,-0.01471,0.06523,0.00782,0.03678,0.11081,0.11108
6.5000,5,-0.00084,-0.07821,-0.62095,0.45344,0.03107,-0.05078,0.01078,-0.02611,0.05811,0.00737,0.03623,0.10990,0.11015
6.5160,5,-0.00084,-0.07821,-0.62253,0.45346,0.03064,-0.06276,0.00838,-0.02627,0.06855,0.00579,0.03625,0.10948,0.10963
6.5470,5,-0.00084,-0.07821,-0.62195,0.45285,0.03023,-0.04236,0.00131,-0.02302,0.04823,0.00638,0.03563,0.10907,0.10925
6.5630,5,-0.00084,-0.07821,-0.62364,0.45287,0.03018,-0.05815,0.00133,-0.01813,0.06093,0.00469,0.03565,0.10901,0.10911
6.5790,5,-0.00084,-0.07821,-0.62516,0.45376,0.02978,-0.06745,0.01499,-0.01984,0.07189,0.00316,0.03655,0.10861,0.10866
6.6100,5,-0.00084,-0.07821,-0.62692,0.45464,0.02933,-0.06472,0.01832,-0.01847,0.06975,0.00141,0.03743,0.10817,0.10817
6.6250,5,-0.00084,-0.07821,-0.62641,0.45409,0.02898,-0.04006,0.00459,-0.01977,0.04490,0.00192,0.03688,0.10781,0.10783
6.6410,5,-0.00084,-0.07821,-0.62873,0.45517,0.02893,-0.06632,0.02022,-0.01562,0.07107,-0.00040,0.03795,0.10776,0.10776
6.6720,5,-0.00084,-0.07821,-0.62938,0.45489,0.02886,-0.05499,0.01289,-0.01224,0.05779,-0.00105,0.03767,0.10769,0.10770
6.6880,5,-0.00084,-0.07821,-0.63057,0.45476,0.02843,-0.05989,0.00777,-0.01586,0.06244,-0.00225,0.03755,0.10727,0.10729
6.7040,5,-0.00084,-0.07821,-0.63124,0.45468,0.02821,-0.05529,0.00449,-0.01534,0.05755,-0.00291,0.03746,0.10705,0.10709
6.7350,5,-0.00084,-0.07821,-0.63255,0.45465,0.02802,-0.05202,0.00314,-0.01306,0.05373,-0.00422,0.03744,0.10685,0.10694
6.7500,5,-0.00084,-0.07821,-0.63372,0.45481,0.02777,-0.05851,0.00505,-0.01397,0.06036,-0.00539,0.03760,0.10660,0.10674
6.7660,5,-0.00084,-0.07821,-0.63518,0.45452,0.02783,-0.06676,-0.00078,-0.00950,0.06744,-0.00685,0.03730,0.10667,0.10689
6.7970,5,-0.00084,-0.07821,-0.63635,0.45477,0.02757,-0.05949,0.00141,-0.00923,0.06022,-0.00802,0.03755,0.10640,0.10671
6.8130,5,-0.00084,-0.07821,-0.63782,0.45490,0.02738,-0.06760,0.00322,-0.00997,0.06841,-0.00949,0.03769,0.10621,0.10663
6.8290,5,-0.00084,-0.07821,-0.63841,0.45432,0.02744,-0.05992,-0.00671,-0.00648,0.06064,-0.01008,0.03711,0.10627,0.10675
6.8600,5,-0.00084,-0.07821,-0.63934,0.45366,0.02705,-0.05244,-0.01037,-0.00798,0.05405,-0.01101,0.03644,0.10589,0.10646
6.8750,5,-0.00084,-0.07821,-0.64083,0.45339,0.02691,-0.06418,-0.01231,-0.00841,0.06589,-0.01250,0.03617,0.10574,0.10648
6.8910,5,-0.00084,-0.07821,-0.64130,0.45258,0.02697,-0.05544,-0.02190,-0.00536,0.05985,-0.01297,0.03536,0.10580,0.10659
6.9220,5,-0.00084,-0.07821,-0.64327,0.45289,0.02666,-0.05748,-0.01389,-0.00651,0.05949,-0.01494,0.03568,0.10549,0.10655
6.9380,5,-0.00084,-0.07821,-0.64405,0.45307,0.02652,-0.05528,-0.00764,-0.00707,0.05625,-0.01572,0.03585,0.10535,0.10652
6.9690,5,-0.00084,-0.07821,-0.64542,0.45312,0.02637,-0.05251,-0.00535,-0.00647,0.05318,-0.01709,0.03590,0.10521,0.10659
6.9850,5,-0.00084,-0.07821,-0.64569,0.45294,0.02633,-0.04368,-0.00676,-0.00560,0.04455,-0.01737,0.03573,0.10516,0.10658
7.0000,5,-0.00084,-0.07821,-0.64740,0.45299,0.02643,-0.06113,-0.00416,-0.00249,0.06132,-0.01907,0.03578,0.10526,0.10698
7.0320,0,0.00000,0.00000,-0.64852,0.45361,0.02617,-0.05460,0.00167,-0.00389,0.05476,-0.02019,0.03639,0.10500,0.10693
7.0470,0,0.00000,0.00000,-0.65006,0.45439,0.02621,-0.06675,0.01430,-0.00219,0.06830,-0.02174,0.03718,0.10505,0.10727
7.0630,0,0.00000,0.00000,-0.65027,0.45442,0.02613,-0.05332,0.01111,-0.00292,0.05454,-0.02194,0.03720,0.10497,0.10724
7.0940,0,0.00000,0.00000,-0.65239,0.45539,0.02621,-0.05709,0.01619,-0.00156,0.05936,-0.02407,0.03817,0.10504,0.10777
7.1100,0,0.00000,0.00000,-0.65218,0.45524,0.02622,-0.03956,0.00976,-0.00097,0.04075,-0.02386,0.03802,0.10506,0.10773
7.1250,0,0.00000,0.00000,-0.65304,0.45516,0.02635,-0.04397,0.00599,0.00142,0.04440,-0.02472,0.03794,0.10519,0.10805
7.1570,0,0.00000,0.00000,-0.65399,0.45527,0.02620,-0.04041,0.00539,-0.00014,0.04077,-0.02567,0.03806,0.10503,0.10812
7.1720,0,0.00000,0.00000,-0.65481,0.45511,0.02609,-0.04398,0.00136,-0.00197,0.04405,-0.02649,0.03790,0.10492,0.10821
7.1880,0,0.00000,0.00000,-0.65645,0.45621,0.02638,-0.05857,0.01817,0.00311,0.06140,-0.02812,0.03899,0.10521,0.10891
7.2190,0,0.00000,0.00000,-0.65733,0.45657,0.02630,-0.05097,0.01652,0.00166,0.05361,-0.02900,0.03935,0.10513,0.10906
7.2350,0,0.00000,0.00000,-0.65739,0.45661,0.02649,-0.03922,0.01313,0.00426,0.04158,-0.02906,0.03940,0.10532,0.10926
7.2500,0,0.00000,0.00000,-0.65762,0.45623,0.02653,-0.03322,0.00339,0.00382,0.03361,-0.02929,0.03901,0.10536,0.10936
7.2820,0,0.00000,0.00000,-0.65765,0.45608,0.02665,-0.02519,0.00142,0.00383,0.02552,-0.02932,0.03887,0.10548,0.10948
7.2970,0,0.00000,0.00000,-0.65794,0.45630,0.02655,-0.02367,0.00464,0.00121,0.02415,-0.02961,0.03908,0.10538,0.10947
7.3130,0,0.00000,0.00000,-0.65869,0.45649,0.02679,-0.02945,0.00644,0.00457,0.03049,-0.03036,0.03927,0.10562,0.10990
7.3440,0,0.00000,0.00000,-0.65950,0.45696,0.02703,-0.02860,0.00864,0.00537,0.03036,-0.03117,0.03974,0.10586,0.11035
7.3600,0,0.00000,0.00000,-0.65984,0.45712,0.02718,-0.02682,0.00894,0.00642,0.02899,-0.03151,0.03990,0.10601,0.11060
7.3750,0,0.00000,0.00000,-0.66042,0.45721,0.02767,-0.02974,0.00820,0.01296,0.03346,-0.03209,0.03999,0.10650,0.11123
7.4070,0,0.00000,0.00000,-0.66070,0.45762,0.02773,-0.02452,0.00937,0.01020,0.02816,-0.03237,0.04040,0.10656,0.11137
7.4220,0,0.00000,0.00000,-0.66139,0.45847,0.02770,-0.02982,0.02119,0.00712,0.03727,-0.03306,0.04125,0.10653,0.11154
7.4380,0,0.00000,0.00000,-0.66110,0.45830,0.02777,-0.01796,0.01319,0.00653,0.02322,-0.03278,0.04108,0.10661,0.11153
7.4690,0,0.00000,0.00000,-0.66109,0.45808,0.02794,-0.01333,0.00816,0.00621,0.01682,-0.03276,0.04087,0.10677,0.11168
7.4850,0,0.00000,0.00000,-0.66115,0.45831,0.02804,-0.01103,0.00964,0.00626,0.01593,-0.03283,0.04109,0.10687,0.11180
7.5000,0,0.00000,0.00000,-0.66094,0.45843,0.02814,-0.00466,0.00931,0.00640,0.01222,-0.03261,0.04122,0.10697,0.11183
7.5320,6,0.04891,-0.00060,-0.66089,0.45847,0.02823,-0.00314,0.00729,0.00552,0.00967,-0.03256,0.04126,0.10707,0.11191
7.5470,6,0.04891,-0.00060,-0.66078,0.45847,0.02832,-0.00048,0.00554,0.00552,0.00783,-0.03245,0.04126,0.10715,0.11196
7.5630,6,0.04891,-0.00060,-0.66086,0.45863,0.02848,-0.00157,0.00659,0.00668,0.00951,-0.03253,0.04142,0.10731,0.11213
7.5940,6,0.04891,-0.00060,-0.66065,0.45831,0.02878,0.00044,0.00235,0.00747,0.00784,-0.03233,0.04109,0.10762,0.11237
7.6100,6,0.04891,-0.00060,-0.66059,0.45832,0.02887,0.00129,0.00201,0.00688,0.00728,-0.03227,0.04111,0.10770,0.11243
7.6250,6,0.04891,-0.00060,-0.66087,0.45875,0.02877,-0.00360,0.00858,0.00354,0.00996,-0.03254,0.04153,0.10760,0.11241
7.6570,6,0.04891,-0.00060,-0.66075,0.45877,0.02890,-0.00177,0.00657,0.00368,0.00773,-0.03242,0.04155,0.10773,0.11251
7.6720,6,0.04891,-0.00060,-0.66115,0.45923,0.02925,-0.00805,0.01274,0.00852,0.01731,-0.03282,0.04202,0.10808,0.11295
7.6880,6,0.04891,-0.00060,-0.66120,0.45921,0.02946,-0.00676,0.00922,0.00969,0.01499,-0.03287,0.04200,0.10829,0.11317
7.7190,6,0.04891,-0.00060,-0.66115,0.45927,0.02974,-0.00466,0.00735,0.00952,0.01290,-0.03282,0.04205,0.10857,0.11342
7.7350,6,0.04891,-0.00060,-0.66089,0.45945,0.03015,0.00051,0.00830,0.01358,0.01593,-0.03256,0.04223,0.10898,0.11374
7.7500,6,0.04891,-0.00060,-0.66046,0.45920,0.03049,0.00759,0.00207,0.01583,0.01768,-0.03213,0.04198,0.10932,0.11394
7.7820,6,0.04891,-0.00060,-0.66023,0.45890,0.03083,0.00749,-0.00076,0.01456,0.01639,-0.03190,0.04169,0.10966,0.11421
7.7970,6,0.04891,-0.00060,-0.65991,0.45884,0.03132,0.01092,-0.00156,0.01907,0.02203,-0.03158,0.04163,0.11015,0.11459
7.8130,6,0.04891,-0.00060,-0.66006,0.45932,0.03141,0.00589,0.00626,0.01565,0.01786,-0.03173,0.04210,0.11024,0.11471
7.8440,6,0.04891,-0.00060,-0.65965,0.45922,0.03227,0.00767,0.00395,0.01870,0.02059,-0.03133,0.04201,0.11110,0.11543
7.8600,6,0.04891,-0.00060,-0.65961,0.45917,0.03269,0.00651,0.00205,0.02068,0.02178,-0.03128,0.04195,0.11153,0.11583
7.8750,6,0.04891,-0.00060,-0.65918,0.45968,0.03322,0.01190,0.01018,0.02435,0.02895,-0.03086,0.04247,0.11206,0.11623
7.9070,6,0.04891,-0.00060,-0.65927,0.46011,0.03358,0.00823,0.01096,0.02106,0.02513,-0.03095,0.04290,0.11242,0.11660
7.9220,6,0.04891,-0.00060,-0.65928,0.46035,0.03397,0.00599,0.01229,0.02228,0.02614,-0.03096,0.04314,0.11281,0.11698
7.9380,6,0.04891,-0.00060,-0.65931,0.46061,0.03440,0.00410,0.01316,0.02345,0.02720,-0.03098,0.04339,0.11324,0.11740
7.9690,6,0.04891,-0.00060,-0.65928,0.46048,0.03501,0.00329,0.00888,0.02248,0.02440,-0.03095,0.04327,0.11384,0.11798
7.9850,6,0.04891,-0.00060,-0.65934,0.46023,0.03555,0.00154,0.00262,0.02531,0.02549,-0.03101,0.04301,0.11438,0.11852
8.0000,6,0.04891,-0.00060,-0.65886,0.46034,0.03623,0.00913,0.00395,0.03035,0.03194,-0.03054,0.04313,0.11507,0.11905
8.0320,6,0.04891,-0.00060,-0.65909,0.46066,0.03657,0.00506,0.00539,0.02536,0.02641,-0.03077,0.04344,0.11540,0.11943
8.0470,6,0.04891,-0.00060,-0.65997,0.46158,0.03731,-0.01088,0.01942,0.03147,0.03855,-0.03165,0.04436,0.11615,0.12038
8.0630,6,0.04891,-0.00060,-0.66089,0.46249,0.03778,-0.02256,0.02888,0.03083,0.04790,-0.03257,0.04528,0.11661,0.12107
8.0940,6,0.04891,-0.00060,-0.66108,0.46312,0.03870,-0.01842,0.02669,0.03057,0.04457,-0.03275,0.04590,0.11753,0.12201
8.1100,6,0.04891,-0.00060,-0.66113,0.46323,0.03935,-0.01465,0.02176,0.03303,0.04218,-0.03281,0.04601,0.11818,0.12265
8.1250,6,0.04891,-0.00060,-0.66134,0.46406,0.04021,-0.01443,0.03009,0.03920,0.05148,-0.03301,0.04684,0.11904,0.12354
8.1570,6,0.04891,-0.00060,-0.66171,0.46434,0.04075,-0.01372,0.02476,0.03358,0.04392,-0.03338,0.04712,0.11958,0.12415
8.1720,6,0.04891,-0.00060,-0.66207,0.46463,0.04178,-0.01626,0.02344,0.04246,0.05116,-0.03374,0.04741,0.12062,0.12525
8.1880,6,0.04891,-0.00060,-0.66151,0.46436,0.04220,-0.00342,0.01340,0.03837,0.04079,-0.03318,0.04715,0.12103,0.12550
8.2190,6,0.04891,-0.00060,-0.66282,0.46530,0.04327,-0.01315,0.01764,0.03743,0.04342,-0.03449,0.04809,0.12211,0.12689
8.2350,6,0.04891,-0.00060,-0.66307,0.46576,0.04409,-0.01369,0.02034,0.04082,0.04761,-0.03474,0.04854,0.12292,0.12774
8.2500,6,0.04891,-0.00060,-0.66306,0.46597,0.04518,-0.01015,0.01883,0.04886,0.05334,-0.03473,0.04876,0.12402,0.12879
8.2820,6,0.04891,-0.00060,-0.66346,0.46621,0.04594,-0.01072,0.01599,0.04255,0.04670,-0.03513,0.04900,0.12477,0.12962
8.2970,6,0.04891,-0.00060,-0.66384,0.46675,0.04703,-0.01436,0.02095,0.05005,0.05613,-0.03551,0.04953,0.12586,0.13077
8.3130,6,0.04891,-0.00060,-0.66455,0.46679,0.04816,-0.02191,0.01639,0.05518,0.06159,-0.03622,0.04958,0.12699,0.13206
8.3440,6,0.04891,-0.00060,-0.66533,0.46793,0.04937,-0.02273,0.02144,0.05117,0.05996,-0.03700,0.05071,0.12820,0.13344
8.3600,6,0.04891,-0.00060,-0.66451,0.46601,0.04988,-0.00431,-0.01391,0.04641,0.04864,-0.03619,0.04879,0.12872,0.13371
8.3750,6,0.04891,-0.00060,-0.66523,0.46511,0.05118,-0.01509,-0.02534,0.05643,0.06368,-0.03690,0.04790,0.13001,0.13515
8.4070,6,0.04891,-0.00060,-0.66544,0.46575,0.05205,-0.01300,-0.01402,0.04911,0.05270,-0.03711,0.04854,0.13088,0.13604
8.4220,6,0.04891,-0.00060,-0.66551,0.46678,0.05355,-0.01084,0.00668,0.06183,0.06313,-0.03718,0.04957,0.13238,0.13751
8.4380,6,0.04891,-0.00060,-0.66578,0.46647,0.05436,-0.01241,0.00014,0.05909,0.06038,-0.03745,0.04926,0.13320,0.13836
8.4690,6,0.04891,-0.00060,-0.66541,0.46645,0.05576,-0.00633,-0.00010,0.05560,0.05596,-0.03708,0.04923,0.13460,0.13961
8.4850,6,0.04891,-0.00060,-0.66492,0.46612,0.05647,0.00297,-0.00511,0.05281,0.05314,-0.03659,0.04891,0.13531,0.14017
8.5000,6,0.04891,-0.00060,-0.66604,0.46673,0.05817,-0.01642,0.00626,0.06787,0.07010,-0.03771,0.04951,0.13700,0.14210
8.5320,0,0.00000,0.00000,-0.66673,0.46740,0.06007,-0.01776,0.00995,0.06575,0.06883,-0.03841,0.05019,0.13890,0.14412
8.5470,0,0.00000,0.00000,-0.66692,0.46783,0.06100,-0.01645,0.01455,0.06486,0.06848,-0.03859,0.05061,0.13984,0.14506
8.5630,0,0.00000,0.00000,-0.66701,0.46746,0.06275,-0.01366,0.00516,0.07587,0.07726,-0.03868,0.05024,0.14158,0.14677
8.5940,0,0.00000,0.00000,-0.66705,0.46767,0.06383,-0.01057,0.00560,0.06565,0.06674,-0.03872,0.05046,0.14266,0.14783
8.6100,0,0.00000,0.00000,-0.66835,0.46874,0.06529,-0.02826,0.02085,0.07200,0.08011,-0.04002,0.05152,0.14412,0.14957
8.6250,0,0.00000,0.00000,-0.66863,0.46894,0.06628,-0.02589,0.01907,0.07049,0.07748,-0.04030,0.05173,0.14511,0.15060
8.6570,0,0.00000,0.00000,-0.66834,0.46911,0.06806,-0.01716,0.01558,0.06677,0.07067,-0.04001,0.05189,0.14689,0.15224
8.6720,0,0.00000,0.00000,-0.66940,0.47009,0.06893,-0.03048,0.02799,0.06467,0.07678,-0.04107,0.05287,0.14776,0.15337
8.6880,0,0.00000,0.00000,-0.66910,0.47018,0.07048,-0.01816,0.02241,0.07273,0.07824,-0.04077,0.05296,0.14932,0.15478
8.7190,0,0.00000,0.00000,-0.66895,0.47027,0.07161,-0.01245,0.01757,0.06364,0.06718,-0.04062,0.05306,0.15044,0.15583
8.7350,0,0.00000,0.00000,-0.66971,0.47045,0.07290,-0.02122,0.01595,0.06789,0.07290,-0.04138,0.05323,0.15173,0.15728
8.7500,0,0.00000,0.00000,-0.67017,0.47160,0.07370,-0.02364,0.03108,0.06426,0.07520,-0.04185,0.05438,0.15253,0.15817
8.7820,0,0.00000,0.00000,-0.67046,0.47194,0.07515,-0.01997,0.02604,0.05948,0.06793,-0.04213,0.05473,0.15398,0.15964
8.7970,0,0.00000,0.00000,-0.67085,0.47215,0.07615,-0.02147,0.02291,0.06131,0.06888,-0.04252,0.05493,0.15498,0.16071
8.8290,0,0.00000,0.00000,-0.67099,0.47223,0.07711,-0.01721,0.01782,0.05352,0.05897,-0.04266,0.05501,0.15595,0.16168
8.8440,0,0.00000,0.00000,-0.67106,0.47255,0.07782,-0.01407,0.01878,0.05197,0.05702,-0.04273,0.05534,0.15666,0.16238
8.8600,0,0.00000,0.00000,-0.67117,0.47262,0.07892,-0.01226,0.01511,0.05617,0.05944,-0.04284,0.05541,0.15776,0.16347
8.8910,0,0.00000,0.00000,-0.67126,0.47218,0.07985,-0.00988,0.00779,0.04960,0.05117,-0.04293,0.05497,0.15868,0.16439
8.9070,0,0.00000,0.00000,-0.67100,0.47180,0.08069,-0.00345,-0.00017,0.05037,0.05049,-0.04267,0.05458,0.15952,0.16513
8.9220,0,0.00000,0.00000,-0.67082,0.47193,0.08105,0.00053,0.00205,0.04375,0.04380,-0.04249,0.05471,0.15988,0.16543
8.9380,0,0.00000,0.00000,-0.67103,0.47193,0.08149,-0.00297,0.00155,0.03967,0.03981,-0.04270,0.05471,0.16032,0.16591
8.9690,0,0.00000,0.00000,-0.67231,0.47275,0.08218,-0.01253,0.00777,0.03536,0.03831,-0.04398,0.05553,0.16102,0.16692
8.9850,0,0.00000,0.00000,-0.67327,0.47338,0.08293,-0.02441,0.01579,0.03825,0.04805,-0.04494,0.05617,0.16177,0.16789
9.0000,0,0.00000,0.00000,-0.67321,0.47312,0.08338,-0.01733,0.00738,0.03606,0.04069,-0.04488,0.05590,0.16221,0.16831
9.0320,7,-0.04611,0.05829,-0.67359,0.47330,0.08391,-0.01594,0.00696,0.03121,0.03573,-0.04526,0.05608,0.16274,0.16892
9.0470,7,-0.04611,0.05829,-0.67397,0.47363,0.08424,-0.01841,0.01076,0.02883,0.03586,-0.04565,0.05642,0.16307,0.16934
9.0790,7,-0.04611,0.05829,-0.67225,0.47206,0.08410,0.01320,-0.01650,0.01949,0.02875,-0.04392,0.05484,0.16293,0.16875
9.0940,7,-0.04611,0.05829,-0.67214,0.47157,0.08414,0.01078,-0.01635,0.01493,0.02463,-0.04381,0.05435,0.16297,0.16876
9.1100,7,-0.04611,0.05829,-0.67371,0.47364,0.08511,-0.01655,0.02016,0.02644,0.03714,-0.04539,0.05643,0.16395,0.17011
9.1410,7,-0.04611,0.05829,-0.67374,0.47362,0.08517,-0.01266,0.01498,0.02030,0.02823,-0.04542,0.05641,0.16401,0.17018
9.1570,7,-0.04611,0.05829,-0.67405,0.47400,0.08489,-0.01431,0.01705,0.01075,0.02472,-0.04572,0.05678,0.16372,0.16998
9.1720,7,-0.04611,0.05829,-0.67453,0.47469,0.08487,-0.01877,0.02429,0.00787,0.03169,-0.04621,0.05747,0.16371,0.17010
9.2040,7,-0.04611,0.05829,-0.67523,0.47554,0.08474,-0.01948,0.02485,0.00488,0.03195,-0.04690,0.05832,0.16358,0.17017
9.2190,7,-0.04611,0.05829,-0.67536,0.47596,0.08469,-0.01681,0.02569,0.00273,0.03082,-0.04703,0.05874,0.16352,0.17015
9.2350,7,-0.04611,0.05829,-0.67538,0.47642,0.08453,-0.01287,0.02644,-0.00045,0.02941,-0.04705,0.05920,0.16336,0.17000
9.2660,7,-0.04611,0.05829,-0.67534,0.47654,0.08434,-0.00940,0.02086,-0.00184,0.02295,-0.04702,0.05933,0.16318,0.16981
9.2820,7,-0.04611,0.05829,-0.67493,0.47703,0.08380,-0.00055,0.02322,-0.00982,0.02522,-0.04660,0.05982,0.16263,0.16918
9.2970,7,-0.04611,0.05829,-0.67474,0.47714,0.08346,0.00267,0.01918,-0.01312,0.02339,-0.04642,0.05992,0.16229,0.16880
9.3290,7,-0.04611,0.05829,-0.67417,0.47722,0.08261,0.00646,0.01503,-0.01643,0.02319,-0.04584,0.06000,0.16145,0.16783
9.3440,7,-0.04611,0.05829,-0.67417,0.47720,0.08237,0.00485,0.01098,-0.01644,0.02035,-0.04584,0.05999,0.16120,0.16759
9.3600,7,-0.04611,0.05829,-0.67388,0.47803,0.08160,0.00824,0.02126,-0.02430,0.03332,-0.04555,0.06082,0.16043,0.16677
9.3910,7,-0.04611,0.05829,-0.67351,0.47811,0.08111,0.00912,0.01655,-0.02217,0.02913,-0.04519,0.06089,0.15994,0.16620
9.4070,7,-0.04611,0.05829,-0.67306,0.47793,0.08041,0.01394,0.00953,-0.02756,0.03233,-0.04473,0.06071,0.15924,0.16541
9.4220,7,-0.04611,0.05829,-0.67238,0.47777,0.07990,0.02171,0.00458,-0.02923,0.03670,-0.04406,0.06056,0.15873,0.16473
9.4540,7,-0.04611,0.05829,-0.67210,0.47810,0.07891,0.01848,0.00604,-0.02966,0.03546,-0.04377,0.06089,0.15774,0.16370
9.4690,7,-0.04611,0.05829,-0.67128,0.47777,0.07837,0.02760,-0.00100,-0.03118,0.04166,-0.04295,0.06056,0.15720,0.16297
9.4850,7,-0.04611,0.05829,-0.67026,0.47766,0.07751,0.03658,-0.00254,-0.03677,0.05192,-0.04193,0.06044,0.15635,0.16187
9.5160,7,-0.04611,0.05829,-0.66978,0.47766,0.07687,0.03129,-0.00186,-0.03280,0.04537,-0.04146,0.06045,0.15570,0.16112
9.5320,7,-0.04611,0.05829,-0.66809,0.47687,0.07605,0.04993,-0.01378,-0.03740,0.06389,-0.03976,0.05966,0.15488,0.15990
9.5470,7,-0.04611,0.05829,-0.66785,0.47743,0.07516,0.04146,-0.00103,-0.04291,0.05968,-0.03952,0.06021,0.15399,0.15898
9.5790,7,-0.04611,0.05829,-0.66692,0.47798,0.07427,0.03835,0.00354,-0.03907,0.05486,-0.03859,0.06077,0.15311,0.15790
9.5940,7,-0.04611,0.05829,-0.66626,0.47847,0.07366,0.03969,0.01085,-0.03946,0.05701,-0.03794,0.06126,0.15250,0.15715
9.6100,7,-0.04611,0.05829,-0.66541,0.47882,0.07256,0.04320,0.01351,-0.04686,0.06515,-0.03708,0.06160,0.15139,0.15587
9.6410,7,-0.04611,0.05829,-0.66535,0.47949,0.07187,0.03285,0.01557,-0.04073,0.05460,-0.03702,0.06228,0.15070,0.15518
9.6570,7,-0.04611,0.05829,-0.66379,0.47947,0.07092,0.04898,0.01133,-0.04537,0.06772,-0.03546,0.06225,0.14975,0.15389
9.6720,7,-0.04611,0.05829,-0.66296,0.47974,0.07028,0.05065,0.01296,-0.04469,0.06878,-0.03463,0.06252,0.14911,0.15308
9.7040,7,-0.04611,0.05829,-0.66260,0.48063,0.06932,0.04076,0.01671,-0.04099,0.06018,-0.03427,0.06342,0.14816,0.15207
9.7190,7,-0.04611,0.05829,-0.66200,0.48094,0.06862,0.04056,0.01761,-0.04238,0.06125,-0.03367,0.06372,0.14746,0.15125
9.7350,7,-0.04611,0.05829,-0.66075,0.48086,0.06766,0.05005,0.01204,-0.04685,0.06961,-0.03242,0.06365,0.14649,0.15004
9.7660,7,-0.04611,0.05829,-0.65988,0.48080,0.06716,0.04450,0.00852,-0.03916,0.05988,-0.03156,0.06358,0.14599,0.14937
9.7820,7,-0.04611,0.05829,-0.65899,0.48147,0.06596,0.04729,0.01688,-0.04814,0.06955,-0.03066,0.06425,0.14479,0.14800
9.7970,7,-0.04611,0.05829,-0.65833,0.48156,0.06524,0.04655,0.01420,-0.04813,0.06845,-0.03000,0.06435,0.14407,0.14716
9.8290,7,-0.04611,0.05829,-0.65684,0.48114,0.06439,0.04651,0.00737,-0.04273,0.06359,-0.02852,0.06393,0.14322,0.14603
9.8440,7,-0.04611,0.05829,-0.65467,0.48036,0.06357,0.07107,-0.00757,-0.04574,0.08485,-0.02634,0.06314,0.14240,0.14482
9.8600,7,-0.04611,0.05829,-0.65408,0.48032,0.06237,0.06256,-0.00629,-0.05303,0.08226,-0.02575,0.06310,0.14120,0.14353
9.8910,7,-0.04611,0.05829,-0.65332,0.47977,0.06176,0.05304,-0.00914,-0.04471,0.06997,-0.02499,0.06255,0.14059,0.14279
9.9070,7,-0.04611,0.05829,-0.65213,0.48027,0.06108,0.05841,0.00099,-0.04406,0.07317,-0.02380,0.06306,0.13992,0.14193
9.9220,7,-0.04611,0.05829,-0.65147,0.48176,0.06003,0.05483,0.02557,-0.05059,0.07886,-0.02314,0.06455,0.13886,0.14078
9.9540,7,-0.04611,0.05829,-0.65094,0.48194,0.05977,0.04525,0.02058,-0.04001,0.06381,-0.02261,0.06472,0.13860,0.14043
9.9690,7,-0.04611,0.05829,-0.64913,0.48237,0.05865,0.06416,0.02270,-0.04854,0.08360,-0.02080,0.06516,0.13749,0.13905
9.9850,7,-0.04611,0.05829,-0.64844,0.48242,0.05820,0.05890,0.01767,-0.04355,0.07535,-0.02011,0.06520,0.13703,0.13850
10.0160,7,-0.04611,0.05829,-0.64795,0.48296,0.05694,0.04805,0.01768,-0.04277,0.06671,-0.01963,0.06575,0.13578,0.13719
10.0320,0,0.00000,0.00000,-0.64702,0.48283,0.05624,0.05062,0.01108,-0.04311,0.06741,-0.01869,0.06561,0.13507,0.13636
10.0470,0,0.00000,0.00000,-0.64509,0.48234,0.05538,0.07018,0.00023,-0.04660,0.08424,-0.01676,0.06513,0.13421,0.13526
10.0790,0,0.00000,0.00000,-0.64431,0.48228,0.05458,0.05870,-0.00028,-0.04117,0.07170,-0.01598,0.06507,0.13342,0.13437
10.0940,0,0.00000,0.00000,-0.64282,0.48235,0.05360,0.06887,0.00093,-0.04725,0.08352,-0.01449,0.06514,0.13244,0.13323
10.1100,0,0.00000,0.00000,-0.64260,0.48273,0.05303,0.05507,0.00663,-0.04445,0.07108,-0.01428,0.06552,0.13186,0.13263
10.1410,0,0.00000,0.00000,-0.64188,0.48305,0.05206,0.04716,0.00753,-0.04109,0.06300,-0.01355,0.06583,0.13090,0.13160
10.1570,0,0.00000,0.00000,-0.64119,0.48326,0.05157,0.04611,0.00888,-0.03854,0.06075,-0.01286,0.06604,0.13040,0.13104
10.1720,0,0.00000,0.00000,-0.63993,0.48257,0.05070,0.05564,-0.00477,-0.04336,0.07070,-0.01160,0.06535,0.12954,0.13005
10.2040,0,0.00000,0.00000,-0.63915,0.48267,0.05026,0.04776,-0.00281,-0.03601,0.05988,-0.01083,0.06545,0.12909,0.12954
10.2190,0,0.00000,0.00000,-0.63865,0.48268,0.04917,0.04419,-0.00190,-0.04505,0.06313,-0.01032,0.06547,0.12801,0.12842
10.2350,0,0.00000,0.00000,-0.63777,0.48235,0.04859,0.04686,-0.00657,-0.04282,0.06382,-0.00945,0.06514,0.12743,0.12778
10.2660,0,0.00000,0.00000,-0.63682,0.48213,0.04766,0.04282,-0.00674,-0.03964,0.05874,-0.00849,0.06491,0.12650,0.12678
10.2820,0,0.00000,0.00000,-0.63587,0.48154,0.04711,0.04692,-0.01422,-0.03841,0.06228,-0.00755,0.06432,0.12594,0.12617
10.3130,0,0.00000,0.00000,-0.63605,0.48256,0.04626,0.03380,-0.00246,-0.03567,0.04920,-0.00772,0.06534,0.12509,0.12533
10.3290,0,0.00000,0.00000,-0.63575,0.48257,0.04583,0.03003,-0.00157,-0.03346,0.04499,-0.00742,0.06536,0.12466,0.12488
10.3440,0,0.00000,0.00000,-0.63530,0.48280,0.04504,0.02999,0.00264,-0.03824,0.04867,-0.00697,0.06559,0.12387,0.12407
10.3750,0,0.00000,0.00000,-0.63467,0.48262,0.04471,0.02758,0.00051,-0.03130,0.04172,-0.00634,0.06541,0.12355,0.12371
10.3910,0,0.00000,0.00000,-0.63322,0.48223,0.04397,0.04324,-0.00572,-0.03514,0.05601,-0.00490,0.06502,0.12280,0.12290
10.4070,0,0.00000,0.00000,-0.63296,0.48240,0.04349,0.03657,-0.00161,-0.03376,0.04980,-0.00463,0.06519,0.12233,0.12241
10.4380,0,0.00000,0.00000,-0.63273,0.48258,0.04274,0.02928,0.00022,-0.03141,0.04294,-0.00440,0.06537,0.12157,0.12165
10.4540,0,0.00000,0.00000,-0.63294,0.48295,0.04229,0.01868,0.00592,-0.03052,0.03627,-0.00461,0.06573,0.12113,0.12121
10.4690,0,0.00000,0.00000,-0.63284,0.48322,0.04195,0.01570,0.00895,-0.02851,0.03376,-0.00451,0.06600,0.12079,0.12087
10.5000,0,0.00000,0.00000,-0.63294,0.48359,0.04126,0.01098,0.00975,-0.02700,0.03074,-0.00461,0.06638,0.12009,0.12018
10.5160,0,0.00000,0.00000,-0.63306,0.48414,0.04077,0.00634,0.01582,-0.02781,0.03262,-0.00473,0.06692,0.11961,0.11970
10.5320,8,-0.02864,-0.06574,-0.63266,0.48429,0.04037,0.01105,0.01426,-0.02725,0.03268,-0.00433,0.06708,0.11920,0.11928
10.5630,8,-0.02864,-0.06574,-0.63244,0.48450,0.04000,0.01005,0.01237,-0.02339,0.02831,-0.00411,0.06729,0.11883,0.11890
10.5790,8,-0.02864,-0.06574,-0.63244,0.48502,0.03944,0.00741,0.01741,-0.02634,0.03244,-0.00412,0.06781,0.11827,0.11834
10.5940,8,-0.02864,-0.06574,-0.63270,0.48544,0.03904,0.00137,0.01999,-0.02638,0.03313,-0.00437,0.06822,0.11787,0.11795
10.6250,8,-0.02864,-0.06574,-0.63263,0.48580,0.03847,0.00160,0.01793,-0.02439,0.03032,-0.00430,0.06859,0.11730,0.11738
10.6410,8,-0.02864,-0.06574,-0.63259,0.48602,0.03809,0.00175,0.01689,-0.02419,0.02956,-0.00426,0.06881,0.11692,0.11700
10.6720,8,-0.02864,-0.06574,-0.63268,0.48630,0.03745,0.00058,0.01490,-0.02330,0.02767,-0.00435,0.06908,0.11628,0.11636
10.6880,8,-0.02864,-0.06574,-0.63277,0.48646,0.03705,-0.00097,0.01371,-0.02369,0.02739,-0.00444,0.06925,0.11589,0.11597
10.7040,8,-0.02864,-0.06574,-0.63239,0.48620,0.03629,0.00523,0.00624,-0.02967,0.03077,-0.00406,0.06899,0.11512,0.11520
10.7350,8,-0.02864,-0.06574,-0.63259,0.48619,0.03567,0.00230,0.00459,-0.02723,0.02771,-0.00426,0.06898,0.11451,0.11459
10.7500,8,-0.02864,-0.06574,-0.63265,0.48643,0.03510,0.00066,0.00746,-0.02995,0.03087,-0.00433,0.06922,0.11393,0.11402
10.7660,8,-0.02864,-0.06574,-0.63387,0.48789,0.03414,-0.01855,0.02843,-0.03752,0.05060,-0.00555,0.07068,0.11297,0.11311
10.7970,8,-0.02864,-0.06574,-0.63396,0.48780,0.03391,-0.01460,0.02057,-0.02999,0.03919,-0.00563,0.07058,0.11274,0.11288
10.8130,8,-0.02864,-0.06574,-0.63376,0.48814,0.03292,-0.00788,0.02071,-0.03786,0.04387,-0.00543,0.07092,0.11176,0.11189
10.8290,8,-0.02864,-0.06574,-0.63424,0.48836,0.03251,-0.01341,0.01904,-0.03479,0.04187,-0.00591,0.07115,0.11135,0.11151
10.8600,8,-0.02864,-0.06574,-0.63498,0.48937,0.03178,-0.01598,0.02241,-0.03205,0.04225,-0.00665,0.07216,0.11061,0.11081
10.8750,8,-0.02864,-0.06574,-0.63558,0.49015,0.03090,-0.02197,0.02975,-0.03861,0.05346,-0.00725,0.07293,0.10974,0.10997
10.8910,8,-0.02864,-0.06574,-0.63613,0.49070,0.02989,-0.02511,0.03092,-0.04474,0.05990,-0.00780,0.07348,0.10872,0.10900
10.9220,8,-0.02864,-0.06574,-0.63598,0.49040,0.02924,-0.01765,0.02076,-0.03884,0.04744,-0.00765,0.07318,0.10807,0.10834
10.9380,8,-0.02864,-0.06574,-0.63687,0.49104,0.02813,-0.02708,0.02557,-0.04636,0.05947,-0.00854,0.07382,0.10697,0.10731
10.9540,8,-0.02864,-0.06574,-0.63700,0.49125,0.02748,-0.02238,0.02255,-0.04502,0.05511,-0.00867,0.07404,0.10631,0.10666
10.9850,8,-0.02864,-0.06574,-0.63765,0.49111,0.02640,-0.02204,0.01580,-0.04245,0.05037,-0.00932,0.07390,0.10523,0.10565
11.0000,8,-0.02864,-0.06574,-0.63786,0.49116,0.02563,-0.02007,0.01267,-0.04468,0.05059,-0.00954,0.07395,0.10446,0.10490
11.0320,8,-0.02864,-0.06574,-0.63852,0.49143,0.02456,-0.02534,0.01369,-0.05025,0.05792,-0.01019,0.07422,0.10339,0.10389
11.0470,8,-0.02864,-0.06574,-0.63945,0.49142,0.02360,-0.02646,0.01020,-0.04544,0.05356,-0.01112,0.07421,0.10243,0.10303
11.0630,8,-0.02864,-0.06574,-0.63990,0.49147,0.02269,-0.02693,0.00839,-0.04822,0.05587,-0.01157,0.07425,0.10153,0.10218
11.0940,8,-0.02864,-0.06574,-0.64090,0.49178,0.02154,-0.02831,0.00878,-0.04543,0.05425,-0.01258,0.07456,0.10038,0.10116
11.1100,8,-0.02864,-0.06574,-0.64127,0.49205,0.02083,-0.02686,0.01081,-0.04514,0.05363,-0.01294,0.07483,0.09967,0.10050
11.1250,8,-0.02864,-0.06574,-0.64258,0.49227,0.01953,-0.04208,0.01188,-0.05562,0.07075,-0.01425,0.07506,0.09836,0.09939
11.1570,8,-0.02864,-0.06574,-0.64319,0.49204,0.01894,-0.03629,0.00710,-0.04630,0.05925,-0.01486,0.07483,0.09778,0.09890
11.1720,8,-0.02864,-0.06574,-0.64330,0.49161,0.01792,-0.02914,-0.00184,-0.05176,0.05942,-0.01497,0.07440,0.09675,0.09791
11.1880,8,-0.02864,-0.06574,-0.64392,0.49191,0.01698,-0.03151,0.00331,-0.05351,0.06218,-0.01559,0.07470,0.09581,0.09707
11.2190,8,-0.02864,-0.06574,-0.64534,0.49238,0.01580,-0.03505,0.00626,-0.04961,0.06106,-0.01701,0.07517,0.09464,0.09615
11.2350,8,-0.02864,-0.06574,-0.64589,0.49228,0.01510,-0.03501,0.00317,-0.04827,0.05971,-0.01757,0.07507,0.09393,0.09556
11.2500,8,-0.02864,-0.06574,-0.64611,0.49175,0.01389,-0.02992,-0.00648,-0.05639,0.06416,-0.01779,0.07454,0.09272,0.09441
11.2820,8,-0.02864,-0.06574,-0.64679,0.49179,0.01321,-0.02774,-0.00455,-0.04760,0.05528,-0.01846,0.07458,0.09204,0.09387
11.2970,8,-0.02864,-0.06574,-0.64773,0.49172,0.01239,-0.03643,-0.00454,-0.04938,0.06153,-0.01940,0.07451,0.09122,0.09326
11.3130,8,-0.02864,-0.06574,-0.64874,0.49233,0.01145,-0.04309,0.00599,-0.05170,0.06756,-0.02041,0.07511,0.09028,0.09256
11.3440,8,-0.02864,-0.06574,-0.64996,0.49260,0.01023,-0.04220,0.00670,-0.04858,0.06470,-0.02164,0.07538,0.08906,0.09166
11.3600,8,-0.02864,-0.06574,-0.64968,0.49150,0.00972,-0.02723,-0.01222,-0.04445,0.05354,-0.02135,0.07428,0.08855,0.09109
11.3750,8,-0.02864,-0.06574,-0.65071,0.49235,0.00849,-0.03751,0.00502,-0.05378,0.06576,-0.02238,0.07513,0.08733,0.09015
11.4070,8,-0.02864,-0.06574,-0.65142,0.49309,0.00772,-0.03371,0.00954,-0.04637,0.05811,-0.02309,0.07587,0.08655,0.08958
11.4220,8,-0.02864,-0.06574,-0.65202,0.49338,0.00667,-0.03528,0.01214,-0.05222,0.06418,-0.02369,0.07617,0.08551,0.08873
11.4380,8,-0.02864,-0.06574,-0.65316,0.49382,0.00549,-0.04431,0.01595,-0.05762,0.07442,-0.02484,0.07661,0.08433,0.08791
11.4690,8,-0.02864,-0.06574,-0.65328,0.49344,0.00493,-0.03419,0.00884,-0.04774,0.05938,-0.02495,0.07622,0.08376,0.08740
11.4850,8,-0.02864,-0.06574,-0.65467,0.49482,0.00389,-0.04731,0.02820,-0.05205,0.07578,-0.02634,0.07760,0.08272,0.08682
11.5160,8,-0.02864,-0.06574,-0.65549,0.49540,0.00298,-0.04211,0.02582,-0.04639,0.06776,-0.02716,0.07818,0.08181,0.08620
11.5320,0,0.00000,0.00000,-0.65617,0.49587,0.00182,-0.04225,0.02683,-0.05297,0.07287,-0.02784,0.07866,0.08065,0.08532
11.5470,0,0.00000,0.00000,-0.65662,0.49616,0.00130,-0.03915,0.02494,-0.04836,0.06703,-0.02829,0.07895,0.08013,0.08498
11.5790,0,0.00000,0.00000,-0.65731,0.49653,0.00020,-0.03478,0.02161,-0.04483,0.06072,-0.02899,0.07932,0.07904,0.08418
11.5940,0,0.00000,0.00000,-0.65787,0.49644,-0.00066,-0.03544,0.01470,-0.04792,0.06139,-0.02955,0.07923,0.07818,0.08357
11.6100,0,0.00000,0.00000,-0.65831,0.49644,-0.00149,-0.03337,0.01091,-0.04901,0.06029,-0.02998,0.07922,0.07734,0.08295
11.6410,0,0.00000,0.00000,-0.65862,0.49641,-0.00226,-0.02752,0.00797,-0.04292,0.05160,-0.03029,0.07920,0.07658,0.08235
11.6570,0,0.00000,0.00000,-0.65934,0.49695,-0.00346,-0.03187,0.01440,-0.05096,0.06181,-0.03101,0.07973,0.07538,0.08150
11.6720,0,0.00000,0.00000,-0.66001,0.49668,-0.00415,-0.03513,0.00628,-0.04975,0.06122,-0.03168,0.07946,0.07468,0.08113
11.7040,0,0.00000,0.00000,-0.66000,0.49644,-0.00484,-0.02630,0.00284,-0.04270,0.05023,-0.03168,0.07922,0.07399,0.08049
11.7190,0,0.00000,0.00000,-0.66043,0.49652,-0.00556,-0.02685,0.00350,-0.04396,0.05163,-0.03210,0.07931,0.07328,0.08000
11.7350,0,0.00000,0.00000,-0.66047,0.49618,-0.00665,-0.02069,-0.00262,-0.05015,0.05432,-0.03214,0.07897,0.07218,0.07901
11.7660,0,0.00000,0.00000,-0.66069,0.49628,-0.00740,-0.01730,-0.00121,-0.04359,0.04691,-0.03236,0.07906,0.07144,0.07843
11.7820,0,0.00000,0.00000,-0.66111,0.49638,-0.00805,-0.01952,0.00068,-0.04296,0.04719,-0.03278,0.07917,0.07078,0.07800
11.7970,0,0.00000,0.00000,-0.66126,0.49659,-0.00874,-0.01724,0.00398,-0.04370,0.04715,-0.03294,0.07937,0.07009,0.07744
11.8290,0,0.00000,0.00000,-0.66073,0.49599,-0.00961,-0.00877,-0.00165,-0.03957,0.04057,-0.03240,0.07878,0.06922,0.07643
11.8440,0,0.00000,0.00000,-0.66137,0.49688,-0.01024,-0.01727,0.01355,-0.04020,0.04580,-0.03304,0.07967,0.06859,0.07614
11.8600,0,0.00000,0.00000,-0.66130,0.49652,-0.01102,-0.01185,0.00453,-0.04232,0.04418,-0.03297,0.07931,0.06781,0.07540
11.8910,0,0.00000,0.00000,-0.66127,0.49669,-0.01155,-0.00864,0.00477,-0.03597,0.03729,-0.03294,0.07948,0.06729,0.07492
11.9070,0,0.00000,0.00000,-0.66171,0.49726,-0.01255,-0.01339,0.01249,-0.04266,0.04642,-0.03339,0.08005,0.06628,0.07422
11.9220,0,0.00000,0.00000,-0.66155,0.49726,-0.01305,-0.00740,0.00940,-0.04037,0.04210,-0.03323,0.08005,0.06578,0.07370
11.9540,0,0.00000,0.00000,-0.66137,0.49698,-0.01356,-0.00407,0.00485,-0.03427,0.03485,-0.03304,0.07977,0.06527,0.07315
11.9690,0,0.00000,0.00000,-0.66257,0.49870,-0.01414,-0.02306,0.03233,-0.03527,0.05311,-0.03424,0.08149,0.06470,0.07320
11.9850,0,0.00000,0.00000,-0.66207,0.49808,-0.01509,-0.00960,0.01454,-0.04128,0.04481,-0.03375,0.08087,0.06375,0.07213
12.0160,0,0.00000,0.00000,-0.66114,0.49819,-0.01580,0.00035,0.01174,-0.03669,0.03853,-0.03281,0.08097,0.06304,0.07106
12.0320,9,-0.05635,-0.04612,-0.66066,0.49800,-0.01629,0.00772,0.00585,-0.03517,0.03648,-0.03233,0.08078,0.06255,0.07041
12.0470,9,-0.05635,-0.04612,-0.66136,0.49892,-0.01692,-0.00584,0.01984,-0.03687,0.04228,-0.03303,0.08171,0.06192,0.07018
12.0790,9,-0.05635,-0.04612,-0.66107,0.49889,-0.01742,-0.00214,0.01461,-0.03162,0.03490,-0.03274,0.08167,0.06141,0.06959
12.0940,9,-0.05635,-0.04612,-0.66113,0.49874,-0.01821,-0.00259,0.00853,-0.03677,0.03783,-0.03280,0.08153,0.06063,0.06893
12.1100,9,-0.05635,-0.04612,-0.66111,0.49855,-0.01885,-0.00166,0.00335,-0.03763,0.03782,-0.03278,0.08133,0.05998,0.06836
12.1410,9,-0.05635,-0.04612,-0.66118,0.49941,-0.01969,-0.00178,0.00946,-0.03499,0.03629,-0.03285,0.08220,0.05914,0.06765
12.1570,9,-0.05635,-0.04612,-0.66106,0.49935,-0.02021,0.00056,0.00614,-0.03438,0.03493,-0.03273,0.08213,0.05862,0.06714
12.1720,9,-0.05635,-0.04612,-0.65991,0.49847,-0.02114,0.01958,-0.01006,-0.04129,0.04679,-0.03158,0.08125,0.05769,0.06577
12.2040,9,-0.05635,-0.04612,-0.66077,0.49909,-0.02168,0.00793,-0.00270,-0.03520,0.03618,-0.03244,0.08187,0.05715,0.06572
12.2190,9,-0.05635,-0.04612,-0.66094,0.49901,-0.02265,0.00319,-0.00338,-0.04254,0.04279,-0.03261,0.08179,0.05618,0.06496
12.2350,9,-0.05635,-0.04612,-0.66062,0.49915,-0.02325,0.00727,-0.00025,-0.04120,0.04184,-0.03230,0.08194,0.05559,0.06429
12.2660,9,-0.05635,-0.04612,-0.66051,0.49932,-0.02448,0.00635,0.00114,-0.04087,0.04138,-0.03219,0.08210,0.05435,0.06317
12.2820,9,-0.05635,-0.04612,-0.66077,0.49956,-0.02532,0.00079,0.00457,-0.04372,0.04397,-0.03244,0.08234,0.05351,0.06258
12.3130,9,-0.05635,-0.04612,-0.66117,0.49992,-0.02659,-0.00262,0.00634,-0.04301,0.04356,-0.03284,0.08270,0.05225,0.06171
12.3290,9,-0.05635,-0.04612,-0.66160,0.50019,-0.02737,-0.00874,0.00903,-0.04450,0.04624,-0.03327,0.08298,0.05146,0.06128
12.3440,9,-0.05635,-0.04612,-0.66134,0.50031,-0.02862,-0.00220,0.00877,-0.05413,0.05488,-0.03301,0.08310,0.05022,0.06010
12.3750,9,-0.05635,-0.04612,-0.66154,0.50048,-0.02968,-0.00331,0.00797,-0.04918,0.04993,-0.03322,0.08327,0.04915,0.05932
12.3910,9,-0.05635,-0.04612,-0.66231,0.50119,-0.03133,-0.01437,0.01699,-0.06263,0.06647,-0.03398,0.08397,0.04751,0.05841
12.4070,9,-0.05635,-0.04612,-0.66263,0.50111,-0.03242,-0.01591,0.01160,-0.06400,0.06696,-0.03431,0.08390,0.04642,0.05772
12.4380,9,-0.05635,-0.04612,-0.66285,0.50122,-0.03379,-0.01368,0.00955,-0.05907,0.06138,-0.03452,0.08401,0.04504,0.05675
12.4540,9,-0.05635,-0.04612,-0.66323,0.50189,-0.03545,-0.01616,0.01765,-0.07023,0.07420,-0.03490,0.08468,0.04338,0.05568
12.4690,9,-0.05635,-0.04612,-0.66335,0.50135,-0.03637,-0.01413,0.00420,-0.06806,0.06963,-0.03502,0.08413,0.04246,0.05504
12.5000,9,-0.05635,-0.04612,-0.66412,0.50193,-0.03831,-0.01683,0.00783,-0.06670,0.06924,-0.03579,0.08471,0.04052,0.05406
12.5160,9,-0.05635,-0.04612,-0.66428,0.50194,-0.03948,-0.01516,0.00599,-0.06820,0.07012,-0.03596,0.08472,0.03936,0.05331
12.5320,9,-0.05635,-0.04612,-0.66486,0.50182,-0.04142,-0.02030,0.00267,-0.08157,0.08410,-0.03653,0.08461,0.03741,0.05229
12.5630,9,-0.05635,-0.04612,-0.66498,0.50192,-0.04259,-0.01627,0.00284,-0.07056,0.07246,-0.03666,0.08471,0.03625,0.05155
12.5790,9,-0.05635,-0.04612,-0.66592,0.50204,-0.04455,-0.02688,0.00398,-0.08357,0.08788,-0.03760,0.08483,0.03428,0.05088
12.5940,9,-0.05635,-0.04612,-0.66662,0.50215,-0.04567,-0.03183,0.00474,-0.08137,0.08751,-0.03830,0.08493,0.03316,0.05066
12.6250,9,-0.05635,-0.04612,-0.66722,0.50246,-0.04754,-0.02870,0.00611,-0.07612,0.08158,-0.03890,0.08525,0.03129,0.04992
12.6410,9,-0.05635,-0.04612,-0.66717,0.50244,-0.04884,-0.02067,0.00418,-0.07734,0.08017,-0.03884,0.08522,0.03000,0.04907
12.6570,9,-0.05635,-0.04612,-0.66756,0.50267,-0.05072,-0.02169,0.00669,-0.08739,0.09029,-0.03924,0.08545,0.02812,0.04827
12.6880,9,-0.05635,-0.04612,-0.66891,0.50330,-0.05195,-0.02711,0.01010,-0.07547,0.08083,-0.04058,0.08608,0.02688,0.04868
12.7040,9,-0.05635,-0.04612,-0.66968,0.50357,-0.05382,-0.03237,0.01188,-0.08586,0.09253,-0.04135,0.08636,0.02501,0.04833
12.7190,9,-0.05635,-0.04612,-0.66975,0.50367,-0.05486,-0.02543,0.01055,-0.08171,0.08622,-0.04142,0.08646,0.02397,0.04786
12.7500,9,-0.05635,-0.04612,-0.67081,0.50386,-0.05711,-0.02760,0.00940,-0.07942,0.08460,-0.04248,0.08664,0.02172,0.04771
12.7660,9,-0.05635,-0.04612,-0.67090,0.50364,-0.05814,-0.02216,0.00366,-0.07558,0.07884,-0.04257,0.08642,0.02070,0.04734
12.7820,9,-0.05635,-0.04612,-0.67227,0.50453,-0.05980,-0.03809,0.01669,-0.08268,0.09255,-0.04395,0.08732,0.01903,0.04789
12.8130,9,-0.05635,-0.04612,-0.67199,0.50384,-0.06119,-0.02628,0.00693,-0.07319,0.07807,-0.04366,0.08662,0.01765,0.04709
12.8290,9,-0.05635,-0.04612,-0.67344,0.50454,-0.06293,-0.04243,0.01610,-0.08219,0.09389,-0.04512,0.08732,0.01590,0.04784
12.8440,9,-0.05635,-0.04612,-0.67360,0.50408,-0.06399,-0.03446,0.00456,-0.07932,0.08660,-0.04527,0.08687,0.01484,0.04764
12.8750,9,-0.05635,-0.04612,-0.67413,0.50450,-0.06585,-0.03009,0.00676,-0.07448,0.08062,-0.04580,0.08728,0.01298,0.04760
12.8910,9,-0.05635,-0.04612,-0.67426,0.50482,-0.06701,-0.02467,0.01015,-0.07395,0.07861,-0.04593,0.08761,0.01182,0.04743
12.9220,9,-0.05635,-0.04612,-0.67590,0.50553,-0.06866,-0.04407,0.01870,-0.08119,0.09426,-0.04757,0.08832,0.01018,0.04865
12.9380,9,-0.05635,-0.04612,-0.67619,0.50557,-0.06981,-0.03541,0.01431,-0.07023,0.07995,-0.04786,0.08836,0.00902,0.04871
12.9540,9,-0.05635,-0.04612,-0.67692,0.50540,-0.07132,-0.03793,0.00802,-0.07616,0.08546,-0.04859,0.08818,0.00752,0.04917
12.9850,9,-0.05635,-0.04612,-0.67813,0.50612,-0.07260,-0.03823,0.01184,-0.06750,0.07847,-0.04980,0.08890,0.00623,0.05019
13.0000,9,-0.05635,-0.04612,-0.67845,0.50599,-0.07406,-0.03392,0.00676,-0.07481,0.08242,-0.05012,0.08878,0.00478,0.05035
13.0160,9,-0.05635,-0.04612,-0.67929,0.50604,-0.07568,-0.03866,0.00579,-0.08147,0.09036,-0.05097,0.08882,0.00315,0.05106
13.0470,0,0.00000,0.00000,-0.67992,0.50648,-0.07682,-0.03406,0.00793,-0.07031,0.07852,-0.05159,0.08927,0.00201,0.05163
13.0630,0,0.00000,0.00000,-0.68102,0.50743,-0.07827,-0.04275,0.02075,-0.07531,0.08905,-0.05269,0.09021,0.00057,0.05270
13.0790,0,0.00000,0.00000,-0.68087,0.50776,-0.07918,-0.02972,0.02079,-0.07084,0.07959,-0.05254,0.09055,-0.00035,0.05255
13.1100,0,0.00000,0.00000,-0.68116,0.50783,-0.08079,-0.02462,0.01610,-0.06609,0.07234,-0.05283,0.09061,-0.00196,0.05287
13.1250,0,0.00000,0.00000,-0.68182,0.50801,-0.08156,-0.02946,0.01508,-0.06235,0.07058,-0.05349,0.09079,-0.00272,0.05356
13.1410,0,0.00000,0.00000,-0.68320,0.50873,-0.08300,-0.04363,0.02268,-0.06935,0.08501,-0.05487,0.09152,-0.00417,0.05503
13.1720,0,0.00000,0.00000,-0.68381,0.50912,-0.08399,-0.03768,0.02011,-0.05997,0.07362,-0.05549,0.09190,-0.00516,0.05573
13.1880,0,0.00000,0.00000,-0.68429,0.50959,-0.08518,-0.03573,0.02239,-0.06349,0.07621,-0.05596,0.09237,-0.00634,0.05632
13.2040,0,0.00000,0.00000,-0.68457,0.50946,-0.08597,-0.03116,0.01479,-0.06003,0.06923,-0.05624,0.09224,-0.00714,0.05669
13.2350,0,0.00000,0.00000,-0.68583,0.51021,-0.08722,-0.03349,0.01719,-0.05511,0.06674,-0.05750,0.09300,-0.00839,0.05811
13.2500,0,0.00000,0.00000,-0.68628,0.51049,-0.08798,-0.03271,0.01753,-0.05391,0.06545,-0.05795,0.09328,-0.00914,0.05867
13.2660,0,0.00000,0.00000,-0.68641,0.51075,-0.08879,-0.02656,0.01711,-0.05316,0.06184,-0.05808,0.09353,-0.00996,0.05893
13.2970,0,0.00000,0.00000,-0.68649,0.51068,-0.08945,-0.02058,0.01228,-0.04521,0.05117,-0.05817,0.09346,-0.01062,0.05913
13.3130,0,0.00000,0.00000,-0.68648,0.51068,-0.09050,-0.01519,0.00920,-0.05034,0.05338,-0.05815,0.09346,-0.01167,0.05931
13.3290,0,0.00000,0.00000,-0.68743,0.51111,-0.09103,-0.02620,0.01368,-0.04605,0.05472,-0.05910,0.09390,-0.01220,0.06034
13.3600,0,0.00000,0.00000,-0.68879,0.51164,-0.09168,-0.03064,0.01454,-0.03976,0.05226,-0.06046,0.09443,-0.01285,0.06181
13.3750,0,0.00000,0.00000,-0.68874,0.51160,-0.09220,-0.02211,0.01026,-0.03848,0.04555,-0.06041,0.09439,-0.01337,0.06187
13.3910,0,0.00000,0.00000,-0.68898,0.51117,-0.09292,-0.02047,0.00092,-0.04006,0.04500,-0.06066,0.09396,-0.01408,0.06227
13.4220,0,0.00000,0.00000,-0.68930,0.51121,-0.09350,-0.01792,0.00101,-0.03473,0.03910,-0.06098,0.09399,-0.01467,0.06271
13.4380,0,0.00000,0.00000,-0.69001,0.51126,-0.09430,-0.02448,0.00150,-0.03852,0.04566,-0.06168,0.09404,-0.01546,0.06359
13.4540,0,0.00000,0.00000,-0.69009,0.51127,-0.09469,-0.01960,0.00130,-0.03499,0.04013,-0.06176,0.09405,-0.01585,0.06376
13.4850,0,0.00000,0.00000,-0.69042,0.51100,-0.09517,-0.01735,-0.00114,-0.03012,0.03478,-0.06209,0.09379,-0.01634,0.06420
13.5000,0,0.00000,0.00000,-0.69069,0.51098,-0.09556,-0.01760,-0.00121,-0.02914,0.03406,-0.06237,0.09377,-0.01673,0.06457
13.5160,0,0.00000,0.00000,-0.69083,0.51101,-0.09605,-0.01531,-0.00053,-0.02947,0.03321,-0.06250,0.09379,-0.01722,0.06483
13.5470,10,-0.03398,0.05991,-0.69075,0.50998,-0.09666,-0.01087,-0.00867,-0.02703,0.03040,-0.06242,0.09277,-0.01783,0.06492
13.5630,10,-0.03398,0.05991,-0.69132,0.50985,-0.09693,-0.01700,-0.00856,-0.02443,0.03097,-0.06299,0.09264,-0.01809,0.06554
13.5790,10,-0.03398,0.05991,-0.69098,0.50969,-0.09723,-0.00754,-0.00895,-0.02303,0.02584,-0.06266,0.09247,-0.01839,0.06530
13.6100,10,-0.03398,0.05991,-0.69114,0.50930,-0.09771,-0.00693,-0.00985,-0.02118,0.02436,-0.06282,0.09209,-0.01888,0.06559
13.6250,10,-0.03398,0.05991,-0.69116,0.50928,-0.09802,-0.00542,-0.00769,-0.02106,0.02306,-0.06283,0.09207,-0.01919,0.06569
13.6410,10,-0.03398,0.05991,-0.69178,0.50977,-0.09845,-0.01389,0.00194,-0.02244,0.02646,-0.06346,0.09256,-0.01961,0.06642
13.6720,10,-0.03398,0.05991,-0.69160,0.50922,-0.09900,-0.00892,-0.00305,-0.02127,0.02326,-0.06327,0.09200,-0.02016,0.06641
13.6880,10,-0.03398,0.05991,-0.69094,0.50876,-0.09941,0.00354,-0.00937,-0.02237,0.02451,-0.06262,0.09155,-0.02058,0.06591
13.7040,10,-0.03398,0.05991,-0.69126,0.50883,-0.09966,-0.00231,-0.00597,-0.02068,0.02165,-0.06293,0.09162,-0.02083,0.06629
13.7350,10,-0.03398,0.05991,-0.69048,0.50858,-0.10003,0.00458,-0.00654,-0.01848,0.02013,-0.06215,0.09136,-0.02119,0.06567
13.7500,10,-0.03398,0.05991,-0.68981,0.50857,-0.10037,0.01455,-0.00503,-0.01957,0.02490,-0.06148,0.09135,-0.02154,0.06515
13.7660,10,-0.03398,0.05991,-0.68926,0.50918,-0.10115,0.01958,0.00573,-0.02679,0.03368,-0.06093,0.09196,-0.02231,0.06489
13.7970,10,-0.03398,0.05991,-0.68979,0.50970,-0.10117,0.01039,0.00849,-0.02027,0.02431,-0.06146,0.09248,-0.02233,0.06539
13.8130,10,-0.03398,0.05991,-0.68874,0.50984,-0.10176,0.02419,0.00859,-0.02454,0.03551,-0.06041,0.09262,-0.02293,0.06462
13.8290,10,-0.03398,0.05991,-0.68877,0.51065,-0.10212,0.01761,0.01917,-0.02395,0.03537,-0.06045,0.09344,-0.02329,0.06478
13.8600,10,-0.03398,0.05991,-0.68816,0.51063,-0.10300,0.01819,0.01418,-0.02507,0.03407,-0.05983,0.09341,-0.02417,0.06453
13.8750,10,-0.03398,0.05991,-0.68666,0.51061,-0.10365,0.03861,0.01032,-0.02962,0.04975,-0.05833,0.09339,-0.02482,0.06339
13.9070,10,-0.03398,0.05991,-0.68598,0.51035,-0.10391,0.03954,0.00366,-0.02625,0.04760,-0.05765,0.09313,-0.02507,0.06287
13.9220,10,-0.03398,0.05991,-0.68527,0.51120,-0.10476,0.03538,0.00964,-0.02655,0.04527,-0.05694,0.09399,-0.02593,0.06257
13.9380,10,-0.03398,0.05991,-0.68443,0.51103,-0.10525,0.03969,0.00460,-0.02750,0.04851,-0.05610,0.09382,-0.02641,0.06201
13.9690,10,-0.03398,0.05991,-0.68297,0.51104,-0.10604,0.04154,0.00349,-0.02707,0.04971,-0.05464,0.09383,-0.02721,0.06104
13.9850,10,-0.03398,0.05991,-0.68247,0.51098,-0.10673,0.03902,0.00164,-0.03099,0.04986,-0.05414,0.09376,-0.02790,0.06090
14.0000,10,-0.03398,0.05991,-0.68065,0.51055,-0.10756,0.05949,-0.00582,-0.03705,0.07033,-0.05233,0.09334,-0.02872,0.05969
14.0320,10,-0.03398,0.05991,-0.67958,0.51068,-0.10818,0.05301,-0.00335,-0.03269,0.06237,-0.05125,0.09347,-0.02935,0.05906
14.0470,10,-0.03398,0.05991,-0.67861,0.51118,-0.10921,0.05592,0.00579,-0.04163,0.06996,-0.05028,0.09397,-0.03038,0.05875
14.0630,10,-0.03398,0.05991,-0.67767,0.51105,-0.10990,0.05667,0.00225,-0.04198,0.07056,-0.04934,0.09383,-0.03107,0.05830
14.0940,10,-0.03398,0.05991,-0.67576,0.51053,-0.11091,0.05791,-0.00250,-0.03962,0.07021,-0.04743,0.09331,-0.03207,0.05726
14.1100,10,-0.03398,0.05991,-0.67537,0.51149,-0.11150,0.04945,0.01313,-0.03889,0.06426,-0.04704,0.09428,-0.03266,0.05727
14.1250,10,-0.03398,0.05991,-0.67406,0.51241,-0.11242,0.05886,0.02514,-0.04464,0.07804,-0.04574,0.09519,-0.03359,0.05675
14.1570,10,-0.03398,0.05991,-0.67305,0.51188,-0.11330,0.05205,0.01473,-0.04032,0.06747,-0.04472,0.09466,-0.03447,0.05646
14.1720,10,-0.03398,0.05991,-0.67214,0.51288,-0.11426,0.05416,0.02774,-0.04630,0.07646,-0.04382,0.09567,-0.03543,0.05635
14.1880,10,-0.03398,0.05991,-0.67054,0.51247,-0.11520,0.06573,0.01440,-0.04941,0.08348,-0.04221,0.09526,-0.03637,0.05572
14.2190,10,-0.03398,0.05991,-0.66956,0.51260,-0.11624,0.05716,0.01183,-0.04545,0.07398,-0.04123,0.09538,-0.03741,0.05568
14.2350,10,-0.03398,0.05991,-0.66778,0.51291,-0.11738,0.07064,0.01374,-0.05185,0.08870,-0.03946,0.09570,-0.03855,0.05516
14.2500,10,-0.03398,0.05991,-0.66722,0.51366,-0.11796,0.06239,0.02289,-0.04851,0.08228,-0.03889,0.09645,-0.03912,0.05517
14.2820,10,-0.03398,0.05991,-0.66573,0.51362,-0.11950,0.05841,0.01685,-0.04843,0.07772,-0.03741,0.09641,-0.04067,0.05525
14.2970,10,-0.03398,0.05991,-0.66478,0.51370,-0.12017,0.05968,0.01384,-0.04751,0.07752,-0.03645,0.09648,-0.04134,0.05511
14.3130,10,-0.03398,0.05991,-0.66369,0.51368,-0.12104,0.06185,0.01009,-0.04915,0.07964,-0.03536,0.09646,-0.04220,0.05506
14.3440,10,-0.03398,0.05991,-0.66225,0.51382,-0.12201,0.05802,0.00871,-0.04474,0.07378,-0.03392,0.09660,-0.04318,0.05491
14.3600,10,-0.03398,0.05991,-0.66115,0.51418,-0.12298,0.06067,0.01220,-0.04860,0.07868,-0.03282,0.09697,-0.04414,0.05501
14.3750,10,-0.03398,0.05991,-0.65947,0.51396,-0.12429,0.07349,0.00545,-0.05843,0.09405,-0.03114,0.09675,-0.04546,0.05510
14.4070,10,-0.03398,0.05991,-0.65725,0.51348,-0.12563,0.07247,0.00036,-0.05427,0.09054,-0.02892,0.09627,-0.04680,0.05501
14.4220,10,-0.03398,0.05991,-0.65629,0.51417,-0.12610,0.07029,0.01178,-0.04849,0.08620,-0.02796,0.09696,-0.04726,0.05492
14.4380,10,-0.03398,0.05991,-0.65554,0.51385,-0.12681,0.06443,0.00371,-0.04743,0.08010,-0.02721,0.09663,-0.04797,0.05515
14.4690,10,-0.03398,0.05991,-0.65414,0.51439,-0.12797,0.05965,0.00716,-0.04492,0.07501,-0.02581,0.09717,-0.04913,0.05550
14.4850,10,-0.03398,0.05991,-0.65314,0.51486,-0.12867,0.06031,0.01277,-0.04469,0.07614,-0.02481,0.09765,-0.04984,0.05567
14.5000,10,-0.03398,0.05991,-0.65143,0.51423,-0.13006,0.07379,-0.00096,-0.05671,0.09307,-0.02310,0.09702,-0.05123,0.05619
14.5320,10,-0.03398,0.05991,-0.64991,0.51433,-0.13082,0.06717,0.00006,-0.04847,0.08283,-0.02159,0.09712,-0.05199,0.05629
14.5470,0,0.00000,0.00000,-0.64823,0.51436,-0.13180,0.07850,0.00064,-0.05266,0.09452,-0.01990,0.09715,-0.05297,0.05658
14.5790,0,0.00000,0.00000,-0.64656,0.51450,-0.13296,0.07187,0.00152,-0.04854,0.08674,-0.01823,0.09728,-0.05412,0.05711
14.5940,0,0.00000,0.00000,-0.64540,0.51439,-0.13375,0.07335,-0.00069,-0.04964,0.08857,-0.01707,0.09717,-0.05492,0.05751
14.6100,0,0.00000,0.00000,-0.64294,0.51407,-0.13486,0.09336,-0.00546,-0.05452,0.10825,-0.01461,0.09686,-0.05602,0.05790
14.6410,0,0.00000,0.00000,-0.64136,0.51345,-0.13568,0.08277,-0.00908,-0.04748,0.09585,-0.01303,0.09624,-0.05684,0.05832
14.6570,0,0.00000,0.00000,-0.63953,0.51399,-0.13674,0.09071,0.00159,-0.05219,0.10467,-0.01120,0.09678,-0.05790,0.05898
14.6720,0,0.00000,0.00000,-0.63900,0.51451,-0.13755,0.07682,0.00989,-0.05264,0.09365,-0.01067,0.09730,-0.05871,0.05967
14.7040,0,0.00000,0.00000,-0.63673,0.51377,-0.13873,0.07532,0.00159,-0.04875,0.08973,-0.00841,0.09655,-0.05990,0.06049
14.7190,0,0.00000,0.00000,-0.63590,0.51461,-0.13932,0.07036,0.01530,-0.04631,0.08561,-0.00757,0.09740,-0.06048,0.06096
14.7350,0,0.00000,0.00000,-0.63425,0.51485,-0.14056,0.07858,0.01517,-0.05416,0.09663,-0.00592,0.09764,-0.06173,0.06201
14.7660,0,0.00000,0.00000,-0.63321,0.51473,-0.14114,0.06734,0.01036,-0.04530,0.08182,-0.00488,0.09751,-0.06231,0.06250
14.7820,0,0.00000,0.00000,-0.63219,0.51557,-0.14234,0.06638,0.02094,-0.05272,0.08732,-0.00386,0.09835,-0.06351,0.06363
14.7970,0,0.00000,0.00000,-0.63046,0.51527,-0.14327,0.07867,0.01079,-0.05505,0.09662,-0.00213,0.09806,-0.06444,0.06447
14.8290,0,0.00000,0.00000,-0.62927,0.51509,-0.14389,0.06832,0.00669,-0.04614,0.08271,-0.00094,0.09788,-0.06506,0.06507
14.8440,0,0.00000,0.00000,-0.62818,0.51563,-0.14516,0.06929,0.01390,-0.05576,0.09002,0.00014,0.09841,-0.06633,0.06633
14.8600,0,0.00000,0.00000,-0.62745,0.51576,-0.14571,0.06343,0.01256,-0.05043,0.08200,0.00088,0.09855,-0.06688,0.06689
14.8910,0,0.00000,0.00000,-0.62592,0.51562,-0.14651,0.05989,0.00824,-0.04422,0.07490,0.00241,0.09840,-0.06767,0.06772
14.9070,0,0.00000,0.00000,-0.62572,0.51631,-0.14710,0.04815,0.01697,-0.04247,0.06641,0.00261,0.09909,-0.06827,0.06832
14.9380,0,0.00000,0.00000,-0.62442,0.51632,-0.14822,0.04655,0.01286,-0.04083,0.06324,0.00391,0.09911,-0.06938,0.06949
14.9540,0,0.00000,0.00000,-0.62389,0.51641,-0.14887,0.04324,0.01104,-0.04091,0.06054,0.00444,0.09920,-0.07004,0.07018
15.0470,0,0.00000,0.00000,-0.62058,0.51654,-0.15247,0.04132,0.00862,-0.04035,0.05839,0.00775,0.09933,-0.07364,0.07404
15.0790,11,-0.00727,-0.04923,-0.61989,0.51675,-0.15354,0.03638,0.00814,-0.03861,0.05367,0.00843,0.09954,-0.07471,0.07518
15.0940,11,-0.00727,-0.04923,-0.61946,0.51673,-0.15408,0.03442,0.00569,-0.03799,0.05158,0.00886,0.09951,-0.07525,0.07577
15.1100,11,-0.00727,-0.04923,-0.61889,0.51678,-0.15488,0.03476,0.00508,-0.04095,0.05395,0.00944,0.09957,-0.07605,0.07663
15.1410,11,-0.00727,-0.04923,-0.61858,0.51688,-0.15543,0.02859,0.00460,-0.03517,0.04556,0.00975,0.09966,-0.07660,0.07722
15.1570,11,-0.00727,-0.04923,-0.61820,0.51651,-0.15657,0.02741,-0.00238,-0.04416,0.05203,0.01013,0.09929,-0.07774,0.07839
15.1720,11,-0.00727,-0.04923,-0.61792,0.51645,-0.15704,0.02518,-0.00272,-0.04089,0.04810,0.01041,0.09923,-0.07820,0.07889
15.2040,11,-0.00727,-0.04923,-0.61797,0.51654,-0.15823,0.01852,-0.00131,-0.03997,0.04407,0.01036,0.09933,-0.07939,0.08007
15.2190,11,-0.00727,-0.04923,-0.61731,0.51634,-0.15884,0.02489,-0.00441,-0.04015,0.04745,0.01102,0.09912,-0.08000,0.08076
15.2350,11,-0.00727,-0.04923,-0.61679,0.51627,-0.16006,0.02673,-0.00442,-0.04920,0.05616,0.01154,0.09905,-0.08123,0.08204
15.2660,11,-0.00727,-0.04923,-0.61677,0.51602,-0.16065,0.02019,-0.00533,-0.04169,0.04662,0.01155,0.09880,-0.08182,0.08263
15.2820,11,-0.00727,-0.04923,-0.61729,0.51640,-0.16185,0.00700,0.00199,-0.05003,0.05056,0.01103,0.09918,-0.08302,0.08375
15.2970,11,-0.00727,-0.04923,-0.61732,0.51617,-0.16277,0.00483,-0.00236,-0.05275,0.05302,0.01101,0.09895,-0.08393,0.08465
15.3290,11,-0.00727,-0.04923,-0.61709,0.51566,-0.16386,0.00544,-0.00571,-0.04809,0.04873,0.01124,0.09845,-0.08503,0.08577
15.3440,11,-0.00727,-0.04923,-0.61663,0.51523,-0.16506,0.01167,-0.01147,-0.05601,0.05835,0.01170,0.09802,-0.08622,0.08701
15.3600,11,-0.00727,-0.04923,-0.61721,0.51581,-0.16591,-0.00024,0.00049,-0.05532,0.05532,0.01112,0.09860,-0.08707,0.08778
15.3910,11,-0.00727,-0.04923,-0.61749,0.51606,-0.16710,-0.00247,0.00238,-0.05111,0.05123,0.01084,0.09885,-0.08827,0.08893
15.4070,11,-0.00727,-0.04923,-0.61732,0.51624,-0.16782,0.00078,0.00457,-0.04949,0.04971,0.01100,0.09903,-0.08898,0.08966
15.4220,11,-0.00727,-0.04923,-0.61738,0.51589,-0.16912,-0.00033,-0.00239,-0.05889,0.05894,0.01095,0.09868,-0.09029,0.09095
15.4540,11,-0.00727,-0.04923,-0.61768,0.51609,-0.17001,-0.00265,-0.00023,-0.05111,0.05118,0.01064,0.09888,-0.09118,0.09180
15.4690,11,-0.00727,-0.04923,-0.61878,0.51645,-0.17123,-0.02017,0.00576,-0.05868,0.06232,0.00955,0.09923,-0.09240,0.09289
15.4850,11,-0.00727,-0.04923,-0.61907,0.51659,-0.17223,-0.01980,0.00652,-0.05965,0.06319,0.00925,0.09938,-0.09340,0.09386
15.5160,11,-0.00727,-0.04923,-0.61944,0.51673,-0.17351,-0.01778,0.00598,-0.05509,0.05819,0.00889,0.09951,-0.09468,0.09510
15.5320,11,-0.00727,-0.04923,-0.61967,0.51664,-0.17450,-0.01689,0.00323,-0.05674,0.05929,0.00866,0.09943,-0.09567,0.09606
15.5630,11,-0.00727,-0.04923,-0.62074,0.51705,-0.17589,-0.02131,0.00570,-0.05373,0.05808,0.00759,0.09984,-0.09705,0.09735
15.5790,11,-0.00727,-0.04923,-0.62119,0.51725,-0.17656,-0.02310,0.00738,-0.05075,0.05625,0.00713,0.10004,-0.09772,0.09798
15.5940,11,-0.00727,-0.04923,-0.62152,0.51709,-0.17784,-0.02280,0.00284,-0.05943,0.06372,0.00681,0.09987,-0.09901,0.09924
15.6250,11,-0.00727,-0.04923,-0.62213,0.51721,-0.17889,-0.02201,0.00312,-0.05303,0.05750,0.00620,0.10000,-0.10005,0.10025
15.6410,11,-0.00727,-0.04923,-0.62329,0.51763,-0.18042,-0.03458,0.00885,-0.06368,0.07301,0.00504,0.10041,-0.10158,0.10171
15.6570,11,-0.00727,-0.04923,-0.62390,0.51793,-0.18104,-0.03553,0.01139,-0.05751,0.06856,0.00443,0.10072,-0.10221,0.10230
15.6880,11,-0.00727,-0.04923,-0.62450,0.51762,-0.18259,-0.03144,0.00602,-0.05562,0.06418,0.00383,0.10040,-0.10376,0.10383
15.7040,11,-0.00727,-0.04923,-0.62504,0.51746,-0.18349,-0.03211,0.00210,-0.05572,0.06434,0.00329,0.10025,-0.10465,0.10470
15.7190,11,-0.00727,-0.04923,-0.62601,0.51741,-0.18460,-0.04023,0.00067,-0.06039,0.07257,0.00232,0.10020,-0.10577,0.10579
15.7500,11,-0.00727,-0.04923,-0.62727,0.51793,-0.18603,-0.04036,0.00474,-0.05681,0.06985,0.00105,0.10072,-0.10720,0.10720
15.7660,11,-0.00727,-0.04923,-0.62749,0.51747,-0.18678,-0.03370,-0.00373,-0.05426,0.06399,0.00083,0.10025,-0.10794,0.10795
15.7820,11,-0.00727,-0.04923,-0.62795,0.51667,-0.18824,-0.03243,-0.01533,-0.06353,0.07295,0.00038,0.09945,-0.10940,0.10940
15.8130,11,-0.00727,-0.04923,-0.62913,0.51699,-0.18915,-0.03380,-0.00892,-0.05497,0.06514,-0.00080,0.09977,-0.11031,0.11031
15.8290,11,-0.00727,-0.04923,-0.63044,0.51706,-0.19018,-0.04595,-0.00560,-0.05733,0.07369,-0.00212,0.09984,-0.11134,0.11136
15.8440,11,-0.00727,-0.04923,-0.63114,0.51654,-0.19115,-0.04599,-0.01276,-0.05918,0.07602,-0.00281,0.09933,-0.11231,0.11235
15.8750,11,-0.00727,-0.04923,-0.63203,0.51632,-0.19249,-0.04173,-0.01134,-0.05523,0.07014,-0.00371,0.09911,-0.11366,0.11372
15.8910,11,-0.00727,-0.04923,-0.63277,0.51592,-0.19337,-0.04277,-0.01479,-0.05519,0.07137,-0.00444,0.09871,-0.11454,0.11463
15.9070,11,-0.00727,-0.04923,-0.63382,0.51555,-0.19450,-0.04848,-0.01694,-0.05898,0.07821,-0.00549,0.09833,-0.11567,0.11580
15.9380,11,-0.00727,-0.04923,-0.63455,0.51540,-0.19535,-0.04227,-0.01389,-0.05108,0.06775,-0.00622,0.09819,-0.11651,0.11668
15.9540,11,-0.00727,-0.04923,-0.63527,0.51509,-0.19656,-0.04298,-0.01529,-0.05727,0.07322,-0.00695,0.09787,-0.11773,0.11793
15.9850,11,-0.00727,-0.04923,-0.63697,0.51526,-0.19776,-0.04596,-0.01010,-0.05265,0.07061,-0.00865,0.09804,-0.11893,0.11924
16.0000,11,-0.00727,-0.04923,-0.63737,0.51490,-0.19875,-0.04108,-0.01345,-0.05590,0.07066,-0.00904,0.09769,-0.11991,0.12025
16.0160,11,-0.00727,-0.04923,-0.63804,0.51498,-0.19935,-0.04121,-0.00885,-0.05137,0.06645,-0.00971,0.09777,-0.12052,0.12091
16.0470,11,-0.00727,-0.04923,-0.63934,0.51528,-0.20052,-0.04138,-0.00426,-0.04790,0.06345,-0.01101,0.09806,-0.12168,0.12218
16.0630,11,-0.00727,-0.04923,-0.64005,0.51435,-0.20183,-0.04215,-0.01769,-0.05647,0.07265,-0.01172,0.09714,-0.12300,0.12355
16.0790,0,0.00000,0.00000,-0.64126,0.51504,-0.20272,-0.05057,-0.00246,-0.05626,0.07569,-0.01293,0.09783,-0.12389,0.12456
16.1100,0,0.00000,0.00000,-0.64186,0.51449,-0.20379,-0.04276,-0.00629,-0.05084,0.06673,-0.01353,0.09728,-0.12496,0.12569
16.1250,0,0.00000,0.00000,-0.64216,0.51398,-0.20451,-0.03703,-0.01318,-0.05005,0.06364,-0.01383,0.09677,-0.12567,0.12643
16.1410,0,0.00000,0.00000,-0.64385,0.51479,-0.20545,-0.05424,0.00279,-0.05223,0.07535,-0.01552,0.09758,-0.12661,0.12756
16.1720,0,0.00000,0.00000,-0.64403,0.51396,-0.20635,-0.04216,-0.00462,-0.04646,0.06291,-0.01571,0.09675,-0.12752,0.12848
16.1880,0,0.00000,0.00000,-0.64509,0.51412,-0.20734,-0.04804,-0.00099,-0.05031,0.06957,-0.01676,0.09691,-0.12851,0.12960
16.2040,0,0.00000,0.00000,-0.64567,0.51417,-0.20813,-0.04523,0.00009,-0.05001,0.06743,-0.01735,0.09696,-0.12929,0.13045
16.2350,0,0.00000,0.00000,-0.64644,0.51404,-0.20929,-0.04009,-0.00101,-0.04687,0.06168,-0.01811,0.09683,-0.13045,0.13170
16.2500,0,0.00000,0.00000,-0.64745,0.51447,-0.21013,-0.04695,0.00637,-0.04918,0.06828,-0.01912,0.09725,-0.13130,0.13268
16.2660,0,0.00000,0.00000,-0.64714,0.51432,-0.21080,-0.03042,0.00249,-0.04744,0.05641,-0.01882,0.09711,-0.13197,0.13331
16.2970,0,0.00000,0.00000,-0.64744,0.51410,-0.21163,-0.02521,0.00011,-0.04224,0.04920,-0.01911,0.09689,-0.13280,0.13417
16.3130,0,0.00000,0.00000,-0.64849,0.51448,-0.21258,-0.03526,0.00590,-0.04654,0.05869,-0.02016,0.09726,-0.13375,0.13526
16.3440,0,0.00000,0.00000,-0.64837,0.51435,-0.21355,-0.02547,0.00341,-0.04269,0.04983,-0.02004,0.09714,-0.13471,0.13620
16.3600,0,0.00000,0.00000,-0.64876,0.51486,-0.21399,-0.02520,0.01056,-0.03890,0.04754,-0.02043,0.09765,-0.13515,0.13669
16.3750,0,0.00000,0.00000,-0.64965,0.51539,-0.21481,-0.03369,0.01676,-0.04289,0.05706,-0.02132,0.09818,-0.13598,0.13764
16.4070,0,0.00000,0.00000,-0.64961,0.51542,-0.21558,-0.02495,0.01281,-0.03821,0.04740,-0.02128,0.09821,-0.13675,0.13839
16.4220,0,0.00000,0.00000,-0.64957,0.51528,-0.21622,-0.01817,0.00723,-0.03933,0.04393,-0.02125,0.09807,-0.13739,0.13902
16.4380,0,0.00000,0.00000,-0.64938,0.51521,-0.21686,-0.01064,0.00423,-0.03939,0.04102,-0.02105,0.09799,-0.13802,0.13962
16.4690,0,0.00000,0.00000,-0.64900,0.51487,-0.21738,-0.00487,0.00049,-0.03380,0.03415,-0.02067,0.09766,-0.13855,0.14008
16.4850,0,0.00000,0.00000,-0.64905,0.51485,-0.21780,-0.00444,0.00003,-0.03188,0.03219,-0.02072,0.09764,-0.13897,0.14050
16.5000,0,0.00000,0.00000,-0.64912,0.51493,-0.21851,-0.00455,0.00139,-0.03564,0.03595,-0.02079,0.09772,-0.13967,0.14121
16.5320,0,0.00000,0.00000,-0.64893,0.51489,-0.21887,-0.00194,0.00069,-0.02960,0.02968,-0.02060,0.09767,-0.14004,0.14155
16.5470,0,0.00000,0.00000,-0.64903,0.51517,-0.21932,-0.00307,0.00516,-0.02964,0.03024,-0.02070,0.09795,-0.14049,0.14200
16.5630,0,0.00000,0.00000,-0.64848,0.51467,-0.21961,0.00624,-0.00383,-0.02682,0.02780,-0.02015,0.09746,-0.14078,0.14222
16.5940,12,-0.03485,0.03555,-0.64761,0.51434,-0.22021,0.01171,-0.00560,-0.02489,0.02807,-0.01928,0.09712,-0.14137,0.14268
16.6100,12,-0.03485,0.03555,-0.64738,0.51421,-0.22054,0.01243,-0.00621,-0.02384,0.02760,-0.01905,0.09699,-0.14170,0.14298
16.6250,12,-0.03485,0.03555,-0.64727,0.51437,-0.22140,0.01115,-0.00202,-0.03224,0.03417,-0.01894,0.09715,-0.14257,0.14382
16.6570,12,-0.03485,0.03555,-0.64696,0.51435,-0.22173,0.01079,-0.00167,-0.02674,0.02888,-0.01863,0.09713,-0.14289,0.14410
16.6720,12,-0.03485,0.03555,-0.64608,0.51450,-0.22214,0.02272,0.00130,-0.02688,0.03522,-0.01775,0.09728,-0.14330,0.14440
16.6880,12,-0.03485,0.03555,-0.64551,0.51459,-0.22260,0.02592,0.00237,-0.02748,0.03785,-0.01718,0.09737,-0.14377,0.14479
16.7190,12,-0.03485,0.03555,-0.64548,0.51464,-0.22286,0.01968,0.00224,-0.02269,0.03012,-0.01715,0.09743,-0.14403,0.14505
16.7350,12,-0.03485,0.03555,-0.64504,0.51497,-0.22344,0.02172,0.00671,-0.02599,0.03453,-0.01671,0.09775,-0.14460,0.14556
16.7500,12,-0.03485,0.03555,-0.64442,0.51467,-0.22390,0.02648,0.00013,-0.02718,0.03795,-0.01610,0.09746,-0.14506,0.14595
16.7820,12,-0.03485,0.03555,-0.64328,0.51438,-0.22436,0.02880,-0.00218,-0.02399,0.03755,-0.01495,0.09717,-0.14553,0.14629
16.7970,12,-0.03485,0.03555,-0.64281,0.51458,-0.22478,0.02946,0.00176,-0.02496,0.03865,-0.01448,0.09737,-0.14594,0.14666
16.8290,12,-0.03485,0.03555,-0.64221,0.51511,-0.22541,0.02672,0.00545,-0.02368,0.03612,-0.01389,0.09790,-0.14658,0.14723
16.8440,12,-0.03485,0.03555,-0.64150,0.51546,-0.22569,0.03189,0.00994,-0.02248,0.04026,-0.01318,0.09825,-0.14686,0.14745
16.8600,12,-0.03485,0.03555,-0.64021,0.51527,-0.22649,0.04408,0.00440,-0.02923,0.05308,-0.01189,0.09805,-0.14765,0.14813
16.8910,12,-0.03485,0.03555,-0.64016,0.51630,-0.22688,0.03346,0.01159,-0.02506,0.04338,-0.01184,0.09908,-0.14804,0.14851
16.9070,12,-0.03485,0.03555,-0.63970,0.51639,-0.22748,0.03230,0.01015,-0.02818,0.04405,-0.01138,0.09918,-0.14864,0.14908
16.9220,12,-0.03485,0.03555,-0.63846,0.51609,-0.22812,0.04488,0.00262,-0.03194,0.05515,-0.01014,0.09888,-0.14929,0.14964
16.9540,12,-0.03485,0.03555,-0.63727,0.51616,-0.22855,0.04303,0.00247,-0.02729,0.05101,-0.00894,0.09894,-0.14972,0.14998
16.9690,12,-0.03485,0.03555,-0.63658,0.51625,-0.22929,0.04376,0.00339,-0.03276,0.05477,-0.00825,0.09903,-0.15046,0.15068
16.9850,12,-0.03485,0.03555,-0.63570,0.51606,-0.22982,0.04645,-0.00036,-0.03284,0.05689,-0.00738,0.09885,-0.15099,0.15117
17.0160,12,-0.03485,0.03555,-0.63430,0.51612,-0.23047,0.04617,0.00021,-0.02990,0.05500,-0.00597,0.09891,-0.15164,0.15176
17.0320,12,-0.03485,0.03555,-0.63433,0.51704,-0.23064,0.03414,0.01442,-0.02502,0.04471,-0.00600,0.09982,-0.15180,0.15192
17.0470,12,-0.03485,0.03555,-0.63291,0.51628,-0.23154,0.04935,-0.00175,-0.03377,0.05982,-0.00458,0.09907,-0.15271,0.15277
17.0790,12,-0.03485,0.03555,-0.63161,0.51656,-0.23210,0.04709,0.00085,-0.02968,0.05567,-0.00329,0.09934,-0.15326,0.15330
17.0940,12,-0.03485,0.03555,-0.63084,0.51696,-0.23262,0.04821,0.00730,-0.03105,0.05780,-0.00251,0.09974,-0.15379,0.15381
17.1250,12,-0.03485,0.03555,-0.63063,0.51693,-0.23297,0.03789,0.00527,-0.02609,0.04630,-0.00230,0.09972,-0.15414,0.15415
17.1410,12,-0.03485,0.03555,-0.62911,0.51663,-0.23382,0.05211,-0.00077,-0.03285,0.06161,-0.00078,0.09942,-0.15499,0.15499
17.1570,12,-0.03485,0.03555,-0.62837,0.51670,-0.23426,0.05071,0.00056,-0.03149,0.05970,-0.00004,0.09949,-0.15543,0.15543
17.1880,12,-0.03485,0.03555,-0.62702,0.51663,-0.23491,0.04888,-0.00019,-0.02883,0.05675,0.00131,0.09941,-0.15607,0.15608
17.2040,12,-0.03485,0.03555,-0.62606,0.51684,-0.23554,0.05165,0.00323,-0.03154,0.06061,0.00227,0.09963,-0.15671,0.15672
17.2190,12,-0.03485,0.03555,-0.62492,0.51684,-0.23609,0.05781,0.00232,-0.03279,0.06650,0.00341,0.09962,-0.15725,0.15729
17.2500,12,-0.03485,0.03555,-0.62396,0.51720,-0.23658,0.05109,0.00467,-0.02854,0.05871,0.00437,0.09999,-0.15774,0.15780
17.2660,12,-0.03485,0.03555,-0.62330,0.51731,-0.23716,0.04865,0.00524,-0.03052,0.05767,0.00503,0.10010,-0.15833,0.15841
17.2820,12,-0.03485,0.03555,-0.62179,0.51770,-0.23787,0.06011,0.00998,-0.03401,0.06978,0.00654,0.10048,-0.15904,0.15917
17.3130,12,-0.03485,0.03555,-0.62086,0.51792,-0.23829,0.05252,0.00931,-0.02887,0.06065,0.00747,0.10071,-0.15946,0.15963
17.3290,12,-0.03485,0.03555,-0.62042,0.51868,-0.23908,0.04634,0.01871,-0.03394,0.06041,0.00791,0.10146,-0.16024,0.16044
17.3440,12,-0.03485,0.03555,-0.61968,0.51934,-0.23927,0.04704,0.02519,-0.02875,0.06061,0.00865,0.10213,-0.16044,0.16067
17.3750,12,-0.03485,0.03555,-0.61796,0.51927,-0.24008,0.04919,0.01827,-0.02803,0.05949,0.01037,0.10205,-0.16124,0.16158
17.3910,12,-0.03485,0.03555,-0.61696,0.51916,-0.24079,0.05243,0.01195,-0.03219,0.06267,0.01137,0.10194,-0.16196,0.16236
17.4070,12,-0.03485,0.03555,-0.61633,0.51977,-0.24152,0.04921,0.01853,-0.03552,0.06346,0.01200,0.10255,-0.16269,0.16313
17.4380,12,-0.03485,0.03555,-0.61569,0.52003,-0.24206,0.04209,0.01602,-0.03098,0.05466,0.01264,0.10282,-0.16322,0.16371
17.4540,12,-0.03485,0.03555,-0.61407,0.52061,-0.24280,0.05678,0.02113,-0.03484,0.06989,0.01426,0.10340,-0.16397,0.16458
17.4850,12,-0.03485,0.03555,-0.61329,0.52056,-0.24330,0.04886,0.01538,-0.03016,0.05944,0.01503,0.10334,-0.16446,0.16515
17.5000,12,-0.03485,0.03555,-0.61310,0.52109,-0.24425,0.03988,0.02036,-0.03853,0.05908,0.01523,0.10387,-0.16542,0.16612
17.5160,12,-0.03485,0.03555,-0.61187,0.52128,-0.24515,0.04919,0.01837,-0.04298,0.06786,0.01646,0.10407,-0.16632,0.16713
17.5470,12,-0.03485,0.03555,-0.61046,0.52072,-0.24597,0.04821,0.00923,-0.03881,0.06258,0.01786,0.10351,-0.16714,0.16809
17.5630,12,-0.03485,0.03555,-0.61013,0.52139,-0.24674,0.04130,0.01732,-0.04110,0.06079,0.01819,0.10417,-0.16790,0.16889
17.5790,12,-0.03485,0.03555,-0.60929,0.52089,-0.24758,0.04422,0.00532,-0.04393,0.06256,0.01904,0.10368,-0.16874,0.16981
17.6100,0,0.00000,0.00000,-0.60758,0.52077,-0.24860,0.04691,0.00302,-0.04120,0.06251,0.02075,0.10356,-0.16977,0.17103
17.6250,0,0.00000,0.00000,-0.60724,0.52109,-0.24931,0.04081,0.00746,-0.04271,0.05954,0.02108,0.10387,-0.17047,0.17177
17.6410,0,0.00000,0.00000,-0.60669,0.52151,-0.25049,0.03931,0.01223,-0.05049,0.06514,0.02164,0.10430,-0.17166,0.17301
17.6720,0,0.00000,0.00000,-0.60622,0.52181,-0.25108,0.03324,0.01155,-0.04266,0.05530,0.02211,0.10459,-0.17225,0.17366
17.6880,0,0.00000,0.00000,-0.60463,0.52157,-0.25234,0.04978,0.00500,-0.05168,0.07193,0.02370,0.10436,-0.17351,0.17512
17.7040,0,0.00000,0.00000,-0.60406,0.52171,-0.25326,0.04627,0.00590,-0.05309,0.07067,0.02427,0.10449,-0.17443,0.17611
17.7350,0,0.00000,0.00000,-0.60329,0.52201,-0.25455,0.04090,0.00683,-0.05023,0.06514,0.02504,0.10479,-0.17572,0.17749
17.7500,0,0.00000,0.00000,-0.60239,0.52237,-0.25533,0.04564,0.01114,-0.05059,0.06904,0.02594,0.10515,-0.17649,0.17839
17.7660,0,0.00000,0.00000,-0.60166,0.52231,-0.25675,0.04564,0.00744,-0.06021,0.07592,0.02667,0.10510,-0.17792,0.17991
17.7970,0,0.00000,0.00000,-0.60170,0.52277,-0.25770,0.03395,0.00928,-0.05281,0.06347,0.02663,0.10555,-0.17887,0.18084
17.8130,0,0.00000,0.00000,-0.60087,0.52292,-0.25892,0.03832,0.00931,-0.05869,0.07071,0.02745,0.10570,-0.18009,0.18217
17.8440,0,0.00000,0.00000,-0.59953,0.52259,-0.26057,0.03953,0.00429,-0.05733,0.06977,0.02879,0.10537,-0.18174,0.18401
17.8600,0,0.00000,0.00000,-0.59980,0.52301,-0.26156,0.02545,0.00983,-0.05840,0.06446,0.02852,0.10580,-0.18273,0.18494
17.8750,0,0.00000,0.00000,-0.59937,0.52300,-0.26295,0.02639,0.00715,-0.06704,0.07240,0.02896,0.10578,-0.18412,0.18638
17.9070,0,0.00000,0.00000,-0.59854,0.52290,-0.26407,0.02628,0.00459,-0.05899,0.06474,0.02979,0.10568,-0.18523,0.18761
17.9220,0,0.00000,0.00000,-0.59771,0.52272,-0.26574,0.03344,0.00041,-0.07210,0.07948,0.03062,0.10550,-0.18691,0.18940
17.9380,0,0.00000,0.00000,-0.59783,0.52272,-0.26690,0.02316,0.00033,-0.07220,0.07582,0.03049,0.10550,-0.18807,0.19052
17.9690,0,0.00000,0.00000,-0.59737,0.52283,-0.26841,0.02113,0.00114,-0.06631,0.06960,0.03096,0.10561,-0.18957,0.19208
17.9850,0,0.00000,0.00000,-0.59688,0.52273,-0.26969,0.02341,-0.00068,-0.06983,0.07365,0.03144,0.10551,-0.19086,0.19343
18.0000,0,0.00000,0.00000,-0.59652,0.52251,-0.27171,0.02357,-0.00420,-0.08605,0.08931,0.03180,0.10529,-0.19288,0.19548
18.0320,0,0.00000,0.00000,-0.59691,0.52256,-0.27332,0.01469,-0.00272,-0.07710,0.07854,0.03142,0.10535,-0.19449,0.19701
18.0470,0,0.00000,0.00000,-0.59636,0.52277,-0.27437,0.02005,0.00137,-0.07535,0.07798,0.03196,0.10555,-0.19554,0.19814
18.0630,0,0.00000,0.00000,-0.59585,0.52256,-0.27570,0.02307,-0.00218,-0.07725,0.08065,0.03248,0.10535,-0.19687,0.19953
18.0940,0,0.00000,0.00000,-0.59575,0.52308,-0.27743,0.01812,0.00253,-0.07189,0.07418,0.03258,0.10586,-0.19860,0.20125
18.1100,13,-0.04322,-0.05011,-0.59612,0.52325,-0.27932,0.00780,0.00451,-0.08348,0.08397,0.03221,0.10603,-0.20049,0.20306
18.1250,13,-0.04322,-0.05011,-0.59611,0.52347,-0.28042,0.00606,0.00708,-0.08092,0.08145,0.03222,0.10625,-0.20159,0.20415
18.1570,13,-0.04322,-0.05011,-0.59598,0.52354,-0.28232,0.00557,0.00587,-0.07555,0.07598,0.03235,0.10632,-0.20349,0.20605
18.1720,13,-0.04322,-0.05011,-0.59595,0.52381,-0.28381,0.00465,0.00897,-0.08144,0.08207,0.03238,0.10660,-0.20498,0.20752
18.1880,13,-0.04322,-0.05011,-0.59594,0.52403,-0.28561,0.00362,0.01010,-0.08914,0.08979,0.03239,0.10681,-0.20677,0.20929
18.2190,13,-0.04322,-0.05011,-0.59601,0.52387,-0.28682,0.00217,0.00633,-0.07667,0.07697,0.03232,0.10666,-0.20799,0.21049
18.2350,13,-0.04322,-0.05011,-0.59661,0.52461,-0.28873,-0.00772,0.01630,-0.08729,0.08914,0.03172,0.10740,-0.20990,0.21228
18.2660,13,-0.04322,-0.05011,-0.59562,0.52433,-0.29006,0.01068,0.00743,-0.08765,0.08861,0.03271,0.10711,-0.21123,0.21375
18.2820,13,-0.04322,-0.05011,-0.59679,0.52437,-0.29209,-0.00115,0.00592,-0.08156,0.08178,0.03154,0.10716,-0.21325,0.21557
18.2970,13,-0.04322,-0.05011,-0.59715,0.52470,-0.29343,-0.00680,0.00997,-0.08363,0.08450,0.03118,0.10749,-0.21460,0.21685
18.3290,13,-0.04322,-0.05011,-0.59755,0.52501,-0.29534,-0.00825,0.00985,-0.07761,0.07867,0.03078,0.10779,-0.21651,0.21868
18.3440,13,-0.04322,-0.05011,-0.59771,0.52497,-0.29670,-0.00892,0.00683,-0.08084,0.08162,0.03061,0.10776,-0.21786,0.22000
18.3600,13,-0.04322,-0.05011,-0.59847,0.52549,-0.29897,-0.01846,0.01318,-0.09614,0.09878,0.02986,0.10827,-0.22014,0.22215
18.3910,13,-0.04322,-0.05011,-0.59879,0.52536,-0.30033,-0.01921,0.00776,-0.09485,0.09709,0.02954,0.10815,-0.22150,0.22346
18.4070,13,-0.04322,-0.05011,-0.59941,0.52496,-0.30258,-0.01930,0.00268,-0.08869,0.09081,0.02891,0.10774,-0.22375,0.22561
18.4220,13,-0.04322,-0.05011,-0.60001,0.52496,-0.30411,-0.02445,0.00200,-0.09197,0.09519,0.02831,0.10774,-0.22527,0.22705
18.4540,13,-0.04322,-0.05011,-0.60127,0.52535,-0.30613,-0.03795,0.00754,-0.10051,0.10770,0.02706,0.10813,-0.22729,0.22890
18.4690,13,-0.04322,-0.05011,-0.60159,0.52518,-0.30766,-0.03107,0.00428,-0.08772,0.09316,0.02674,0.10796,-0.22882,0.23038
18.4850,13,-0.04322,-0.05011,-0.60235,0.52490,-0.30976,-0.03519,-0.00104,-0.09862,0.10472,0.02598,0.10769,-0.23092,0.23238
18.5160,13,-0.04322,-0.05011,-0.60297,0.52495,-0.31128,-0.03141,-0.00040,-0.08628,0.09182,0.02535,0.10774,-0.23245,0.23383
18.5320,13,-0.04322,-0.05011,-0.60435,0.52570,-0.31324,-0.04499,0.01144,-0.09529,0.10600,0.02398,0.10849,-0.23441,0.23563
18.5470,13,-0.04322,-0.05011,-0.60476,0.52490,-0.31502,-0.04061,-0.00482,-0.10106,0.10902,0.02357,0.10768,-0.23618,0.23736
18.5790,13,-0.04322,-0.05011,-0.60625,0.52536,-0.31720,-0.04213,0.00003,-0.09285,0.10196,0.02208,0.10815,-0.23837,0.23939
18.5940,13,-0.04322,-0.05011,-0.60682,0.52500,-0.31858,-0.04100,-0.00598,-0.09270,0.10154,0.02151,0.10779,-0.23975,0.24071
18.6100,13,-0.04322,-0.05011,-0.60785,0.52520,-0.32067,-0.04693,-0.00147,-0.10207,0.11236,0.02048,0.10798,-0.24183,0.24270
18.6410,13,-0.04322,-0.05011,-0.60872,0.52522,-0.32210,-0.04217,-0.00094,-0.08814,0.09771,0.01961,0.10800,-0.24327,0.24406
18.6570,13,-0.04322,-0.05011,-0.61069,0.52511,-0.32409,-0.06246,-0.00230,-0.09712,0.11549,0.01764,0.10790,-0.24525,0.24589
18.6720,13,-0.04322,-0.05011,-0.61123,0.52505,-0.32530,-0.05585,-0.00279,-0.09308,0.10858,0.01710,0.10784,-0.24647,0.24706
18.7040,13,-0.04322,-0.05011,-0.61189,0.52470,-0.32735,-0.04702,-0.00481,-0.08578,0.09794,0.01644,0.10749,-0.24851,0.24906
18.7190,13,-0.04322,-0.05011,-0.61376,0.52394,-0.32925,-0.06653,-0.01629,-0.09614,0.11804,0.01457,0.10673,-0.25042,0.25084
18.7350,13,-0.04322,-0.05011,-0.61510,0.52436,-0.33063,-0.07075,-0.00564,-0.09365,0.11751,0.01323,0.10715,-0.25180,0.25215
18.7660,13,-0.04322,-0.05011,-0.61665,0.52465,-0.33229,-0.06561,-0.00194,-0.08359,0.10628,0.01168,0.10743,-0.25346,0.25372
18.7820,13,-0.04322,-0.05011,-0.61818,0.52445,-0.33367,-0.07301,-0.00446,-0.08419,0.11153,0.01015,0.10724,-0.25483,0.25503
18.7970,13,-0.04322,-0.05011,-0.61950,0.52373,-0.33552,-0.07687,-0.01550,-0.09408,0.12248,0.00882,0.10651,-0.25669,0.25684
18.8290,13,-0.04322,-0.05011,-0.61973,0.52337,-0.33687,-0.05940,-0.01440,-0.08109,0.10155,0.00860,0.10616,-0.25804,0.25818
18.8440,13,-0.04322,-0.05011,-0.62173,0.52266,-0.33881,-0.07800,-0.02260,-0.09318,0.12360,0.00659,0.10545,-0.25998,0.26006
18.8600,13,-0.04322,-0.05011,-0.62319,0.52300,-0.33991,-0.08120,-0.01174,-0.08713,0.11968,0.00514,0.10578,-0.26108,0.26113
18.8910,13,-0.04322,-0.05011,-0.62448,0.52235,-0.34197,-0.07134,-0.01403,-0.08189,0.10951,0.00385,0.10513,-0.26313,0.26316
18.9070,13,-0.04322,-0.05011,-0.62579,0.52208,-0.34315,-0.07397,-0.01474,-0.07991,0.10988,0.00254,0.10486,-0.26432,0.26433
18.9220,13,-0.04322,-0.05011,-0.62756,0.52239,-0.34500,-0.08490,-0.00580,-0.09070,0.12437,0.00077,0.10518,-0.26616,0.26616
18.9540,13,-0.04322,-0.05011,-0.62831,0.52186,-0.34633,-0.06954,-0.00849,-0.07842,0.10516,0.00002,0.10465,-0.26749,0.26749
18.9690,13,-0.04322,-0.05011,-0.63021,0.52165,-0.34835,-0.08385,-0.00999,-0.09263,0.12534,-0.00188,0.10443,-0.26952,0.26953
18.9850,13,-0.04322,-0.05011,-0.63137,0.52172,-0.34959,-0.08110,-0.00630,-0.08876,0.12039,-0.00305,0.10451,-0.27076,0.27077
19.0160,13,-0.04322,-0.05011,-0.63339,0.52153,-0.35156,-0.07710,-0.00624,-0.08243,0.11304,-0.00506,0.10432,-0.27272,0.27277
19.0320,13,-0.04322,-0.05011,-0.63470,0.52181,-0.35290,-0.07833,-0.00033,-0.08276,0.11395,-0.00638,0.10460,-0.27406,0.27414
19.0630,13,-0.04322,-0.05011,-0.63637,0.52174,-0.35473,-0.08647,-0.00137,-0.09264,0.12674,-0.00804,0.10453,-0.27590,0.27601
19.0790,13,-0.04322,-0.05011,-0.63739,0.52187,-0.35607,-0.07288,-0.00004,-0.07997,0.10820,-0.00907,0.10466,-0.27724,0.27739
19.0940,13,-0.04322,-0.05011,-0.63937,0.52170,-0.35790,-0.08754,-0.00282,-0.09045,0.12591,-0.01104,0.10449,-0.27907,0.27929
19.1250,0,0.00000,0.00000,-0.64048,0.52172,-0.35921,-0.07460,-0.00197,-0.07839,0.10823,-0.01215,0.10451,-0.28038,0.28064
19.1410,0,0.00000,0.00000,-0.64215,0.52147,-0.36124,-0.08204,-0.00543,-0.09056,0.12231,-0.01382,0.10425,-0.28241,0.28275
19.1570,0,0.00000,0.00000,-0.64310,0.52162,-0.36269,-0.07640,-0.00176,-0.09051,0.11846,-0.01477,0.10440,-0.28386,0.28424
19.1880,0,0.00000,0.00000,-0.64451,0.52132,-0.36456,-0.06867,-0.00368,-0.08294,0.10775,-0.01618,0.10411,-0.28572,0.28618
19.2040,0,0.00000,0.00000,-0.64688,0.52207,-0.36648,-0.08858,0.00894,-0.09222,0.12818,-0.01855,0.10486,-0.28764,0.28824
19.2190,0,0.00000,0.00000,-0.64780,0.52202,-0.36770,-0.08183,0.00578,-0.08955,0.12145,-0.01948,0.10480,-0.28887,0.28952
19.2500,0,0.00000,0.00000,-0.64931,0.52228,-0.36950,-0.07354,0.00649,-0.08171,0.11012,-0.02099,0.10507,-0.29067,0.29143
19.2660,0,0.00000,0.00000,-0.65081,0.52253,-0.37086,-0.07849,0.00866,-0.08253,0.11422,-0.02248,0.10531,-0.29203,0.29289
19.2820,0,0.00000,0.00000,-0.65211,0.52215,-0.37245,-0.07917,0.00061,-0.08664,0.11736,-0.02378,0.10494,-0.29361,0.29457
19.3130,0,0.00000,0.00000,-0.65344,0.52340,-0.37301,-0.07014,0.01053,-0.06956,0.09934,-0.02511,0.10619,-0.29418,0.29525
19.3290,0,0.00000,0.00000,-0.65471,0.52250,-0.37534,-0.07240,-0.00614,-0.08857,0.11456,-0.02638,0.10529,-0.29651,0.29768
19.3440,0,0.00000,0.00000,-0.65510,0.52228,-0.37643,-0.06091,-0.00838,-0.08456,0.10455,-0.02678,0.10506,-0.29760,0.29880
19.3750,0,0.00000,0.00000,-0.65762,0.52330,-0.37752,-0.06599,0.00197,-0.07218,0.09782,-0.02929,0.10608,-0.29869,0.30012
19.3910,0,0.00000,0.00000,-0.65799,0.52306,-0.37846,-0.05527,-0.00232,-0.06892,0.08837,-0.02966,0.10584,-0.29963,0.30110
19.4070,0,0.00000,0.00000,-0.65815,0.52180,-0.38027,-0.04391,-0.02132,-0.07982,0.09356,-0.02982,0.10459,-0.30143,0.30290
19.4380,0,0.00000,0.00000,-0.65874,0.52215,-0.38125,-0.03772,-0.01316,-0.06784,0.07873,-0.03042,0.10494,-0.30242,0.30395
19.4540,0,0.00000,0.00000,-0.66047,0.52211,-0.38236,-0.05535,-0.01058,-0.06813,0.08841,-0.03215,0.10489,-0.30352,0.30522
19.4690,0,0.00000,0.00000,-0.66032,0.52229,-0.38307,-0.03898,-0.00490,-0.06303,0.07428,-0.03200,0.10508,-0.30424,0.30592
19.5000,0,0.00000,0.00000,-0.66209,0.52255,-0.38426,-0.04346,-0.00158,-0.05686,0.07158,-0.03376,0.10534,-0.30543,0.30729
19.5160,0,0.00000,0.00000,-0.66267,0.52221,-0.38528,-0.04165,-0.00647,-0.05855,0.07215,-0.03434,0.10500,-0.30645,0.30836
19.5320,0,0.00000,0.00000,-0.66242,0.52217,-0.38630,-0.02736,-0.00556,-0.05979,0.06599,-0.03409,0.10495,-0.30746,0.30935
19.5630,0,0.00000,0.00000,-0.66338,0.52244,-0.38683,-0.02827,-0.00200,-0.04917,0.05675,-0.03505,0.10522,-0.30800,0.30999
19.5790,0,0.00000,0.00000,-0.66456,0.52307,-0.38801,-0.03972,0.00846,-0.05524,0.06856,-0.03624,0.10586,-0.30917,0.31129
19.5940,0,0.00000,0.00000,-0.66410,0.52253,-0.38861,-0.02212,-0.00277,-0.05146,0.05608,-0.03578,0.10531,-0.30978,0.31184
19.6250,14,0.05852,0.04430,-0.66400,0.52246,-0.38947,-0.01575,-0.00261,-0.04552,0.04824,-0.03567,0.10525,-0.31063,0.31268
19.6410,14,0.05852,0.04430,-0.66391,0.52224,-0.39003,-0.01034,-0.00536,-0.04294,0.04450,-0.03558,0.10503,-0.31120,0.31323
19.6720,14,0.05852,0.04430,-0.66433,0.52308,-0.39076,-0.01122,0.00272,-0.03809,0.03980,-0.03601,0.10586,-0.31193,0.31400
19.6880,14,0.05852,0.04430,-0.66418,0.52293,-0.39131,-0.00606,-0.00024,-0.03720,0.03769,-0.03586,0.10572,-0.31248,0.31453
19.7040,14,0.05852,0.04430,-0.66457,0.52314,-0.39207,-0.01063,0.00312,-0.03967,0.04119,-0.03625,0.10593,-0.31323,0.31532
19.7350,14,0.05852,0.04430,-0.66473,0.52333,-0.39263,-0.00927,0.00382,-0.03427,0.03570,-0.03641,0.10611,-0.31379,0.31590
19.7500,14,0.05852,0.04430,-0.66454,0.52347,-0.39318,-0.00371,0.00526,-0.03491,0.03550,-0.03621,0.10626,-0.31435,0.31643
19.7660,14,0.05852,0.04430,-0.66461,0.52436,-0.39330,-0.00388,0.01791,-0.02810,0.03354,-0.03628,0.10715,-0.31447,0.31655
19.7970,14,0.05852,0.04430,-0.66448,0.52444,-0.39363,-0.00184,0.01405,-0.02369,0.02761,-0.03615,0.10723,-0.31479,0.31686
19.8130,14,0.05852,0.04430,-0.66451,0.52461,-0.39395,-0.00192,0.01313,-0.02280,0.02638,-0.03618,0.10739,-0.31512,0.31719
19.8290,14,0.05852,0.04430,-0.66408,0.52474,-0.39441,0.00530,0.01193,-0.02423,0.02752,-0.03575,0.10752,-0.31557,0.31759
19.8600,14,0.05852,0.04430,-0.66301,0.52430,-0.39450,0.01257,0.00537,-0.01891,0.02333,-0.03469,0.10708,-0.31566,0.31756
19.8750,14,0.05852,0.04430,-0.66272,0.52449,-0.39455,0.01429,0.00725,-0.01502,0.02197,-0.03440,0.10727,-0.31571,0.31758
19.8910,14,0.05852,0.04430,-0.66266,0.52471,-0.39458,0.01167,0.00894,-0.01185,0.01888,-0.03433,0.10750,-0.31575,0.31761
19.9220,14,0.05852,0.04430,-0.66231,0.52474,-0.39439,0.01157,0.00695,-0.00730,0.01535,-0.03398,0.10753,-0.31555,0.31738
19.9380,14,0.05852,0.04430,-0.66205,0.52511,-0.39402,0.01281,0.01089,0.00019,0.01682,-0.03372,0.10789,-0.31519,0.31699
19.9540,14,0.05852,0.04430,-0.66152,0.52540,-0.39391,0.01787,0.01270,0.00198,0.02202,-0.03319,0.10818,-0.31507,0.31682
19.9850,14,0.05852,0.04430,-0.66097,0.52566,-0.39364,0.01781,0.01168,0.00365,0.02161,-0.03265,0.10845,-0.31481,0.31649
20.0000,14,0.05852,0.04430,-0.66057,0.52572,-0.39357,0.01999,0.00965,0.00396,0.02255,-0.03225,0.10850,-0.31473,0.31638
20.0160,14,0.05852,0.04430,-0.66088,0.52642,-0.39333,0.01022,0.01818,0.00665,0.02189,-0.03255,0.10920,-0.31450,0.31618
20.0470,14,0.05852,0.04430,-0.66075,0.52679,-0.39314,0.00872,0.01667,0.00651,0.01990,-0.03242,0.10958,-0.31431,0.31598
20.0630,14,0.05852,0.04430,-0.65990,0.52668,-0.39253,0.01986,0.01072,0.01447,0.02681,-0.03157,0.10947,-0.31369,0.31528
20.0790,14,0.05852,0.04430,-0.65933,0.52689,-0.39192,0.02374,0.01126,0.02038,0.03325,-0.03100,0.10967,-0.31308,0.31462
20.1100,14,0.05852,0.04430,-0.65877,0.52733,-0.39133,0.02231,0.01204,0.02005,0.03233,-0.03044,0.11012,-0.31249,0.31397
20.1250,14,0.05852,0.04430,-0.65843,0.52752,-0.39096,0.02242,0.01209,0.02109,0.03307,-0.03010,0.11030,-0.31213,0.31358
20.1410,14,0.05852,0.04430,-0.65808,0.52810,-0.39025,0.02228,0.01815,0.02695,0.03939,-0.02975,0.11088,-0.31142,0.31284
20.1720,14,0.05852,0.04430,-0.65793,0.52830,-0.38989,0.01795,0.01527,0.02309,0.03300,-0.02960,0.11109,-0.31106,0.31247
20.1880,14,0.05852,0.04430,-0.65704,0.52836,-0.38889,0.02726,0.01238,0.03297,0.04454,-0.02872,0.11115,-0.31006,0.31139
20.2040,14,0.05852,0.04430,-0.65587,0.52809,-0.38860,0.03875,0.00497,0.02935,0.04887,-0.02754,0.11087,-0.30976,0.31099
20.2350,14,0.05852,0.04430,-0.65566,0.52881,-0.38755,0.03075,0.00959,0.03045,0.04433,-0.02734,0.11160,-0.30872,0.30992
20.2500,14,0.05852,0.04430,-0.65523,0.52920,-0.38696,0.03033,0.01358,0.03267,0.04660,-0.02690,0.11198,-0.30813,0.30930
20.2660,14,0.05852,0.04430,-0.65447,0.52962,-0.38620,0.03465,0.01682,0.03642,0.05300,-0.02614,0.11241,-0.30736,0.30847
20.2970,14,0.05852,0.04430,-0.65438,0.53018,-0.38575,0.02672,0.01713,0.03088,0.04428,-0.02605,0.11297,-0.30692,0.30802
20.3130,14,0.05852,0.04430,-0.65373,0.53094,-0.38461,0.03006,0.02466,0.04101,0.05651,-0.02541,0.11372,-0.30578,0.30683
20.3290,14,0.05852,0.04430,-0.65287,0.53103,-0.38383,0.03603,0.01988,0.04303,0.05954,-0.02454,0.11381,-0.30499,0.30598
20.3600,14,0.05852,0.04430,-0.65149,0.53099,-0.38274,0.03816,0.01460,0.04100,0.05788,-0.02316,0.11377,-0.30391,0.30479
20.3750,14,0.05852,0.04430,-0.65117,0.53117,-0.38225,0.03399,0.01397,0.03893,0.05354,-0.02284,0.11395,-0.30342,0.30428
20.4070,14,0.05852,0.04430,-0.65036,0.53121,-0.38125,0.03182,0.01083,0.03704,0.05002,-0.02203,0.11400,-0.30242,0.30322
20.4220,14,0.05852,0.04430,-0.64868,0.53175,-0.38005,0.05177,0.01711,0.04774,0.07247,-0.02036,0.11454,-0.30122,0.30191
20.4380,14,0.05852,0.04430,-0.64828,0.53205,-0.37919,0.04516,0.01750,0.04925,0.06907,-0.01995,0.11484,-0.30036,0.30102
20.4690,14,0.05852,0.04430,-0.64751,0.53197,-0.37826,0.04004,0.01245,0.04443,0.06109,-0.01919,0.11475,-0.29943,0.30004
20.4850,14,0.05852,0.04430,-0.64746,0.53263,-0.37757,0.03080,0.01965,0.04408,0.05726,-0.01914,0.11541,-0.29874,0.29935
20.5000,14,0.05852,0.04430,-0.64705,0.53290,-0.37670,0.02993,0.01937,0.04767,0.05953,-0.01873,0.11569,-0.29786,0.29845
20.5320,14,0.05852,0.04430,-0.64520,0.53279,-0.37539,0.03689,0.01361,0.04600,0.06052,-0.01688,0.11557,-0.29655,0.29703
20.5470,14,0.05852,0.04430,-0.64441,0.53295,-0.37456,0.04086,0.01296,0.04835,0.06461,-0.01609,0.11574,-0.29572,0.29616
20.5630,14,0.05852,0.04430,-0.64347,0.53275,-0.37364,0.04535,0.00649,0.05051,0.06819,-0.01514,0.11553,-0.29481,0.29520
20.5940,14,0.05852,0.04430,-0.64244,0.53297,-0.37218,0.04232,0.00667,0.04964,0.06558,-0.01411,0.11576,-0.29335,0.29369
20.6100,14,0.05852,0.04430,-0.64171,0.53305,-0.37146,0.04313,0.00621,0.04854,0.06523,-0.01339,0.11583,-0.29263,0.29293
20.6250,0,0.00000,0.00000,-0.64063,0.53321,-0.37021,0.05036,0.00740,0.05726,0.07662,-0.01230,0.11600,-0.29138,0.29164
20.6570,0,0.00000,0.00000,-0.63987,0.53314,-0.36932,0.04373,0.00501,0.04993,0.06656,-0.01154,0.11593,-0.29048,0.29071
20.6720,0,0.00000,0.00000,-0.63896,0.53321,-0.36806,0.04790,0.00493,0.05838,0.07567,-0.01064,0.11600,-0.28923,0.28942
20.6880,0,0.00000,0.00000,-0.63808,0.53308,-0.36719,0.04977,0.00156,0.05731,0.07592,-0.00975,0.11586,-0.28836,0.28853
20.7190,0,0.00000,0.00000,-0.63672,0.53309,-0.36608,0.04826,0.00129,0.05196,0.07092,-0.00839,0.11588,-0.28725,0.28737
20.7350,0,0.00000,0.00000,-0.63584,0.53280,-0.36501,0.04995,-0.00366,0.05564,0.07487,-0.00751,0.11558,-0.28618,0.28628
20.7500,0,0.00000,0.00000,-0.63482,0.53254,-0.36416,0.05441,-0.00695,0.05605,0.07842,-0.00650,0.11533,-0.28532,0.28540
20.7820,0,0.00000,0.00000,-0.63382,0.53261,-0.36304,0.04868,-0.00473,0.05072,0.07046,-0.00549,0.11539,-0.28421,0.28426
20.7970,0,0.00000,0.00000,-0.63303,0.53236,-0.36216,0.04967,-0.00766,0.05274,0.07285,-0.00470,0.11514,-0.28333,0.28337
20.8290,0,0.00000,0.00000,-0.63213,0.53260,-0.36107,0.04429,-0.00386,0.04812,0.06551,-0.00380,0.11539,-0.28223,0.28226
20.8440,0,0.00000,0.00000,-0.63123,0.53218,-0.36056,0.04814,-0.00995,0.04452,0.06632,-0.00290,0.11496,-0.28173,0.28174
20.8600,0,0.00000,0.00000,-0.63026,0.53205,-0.35946,0.05120,-0.00937,0.05053,0.07254,-0.00194,0.11484,-0.28063,0.28064
20.8910,0,0.00000,0.00000,-0.62974,0.53222,-0.35865,0.04260,-0.00570,0.04449,0.06186,-0.00142,0.11500,-0.27981,0.27982
20.9070,0,0.00000,0.00000,-0.62806,0.53158,-0.35796,0.05830,-0.01423,0.04412,0.07448,0.00027,0.11437,-0.27912,0.27912
20.9220,0,0.00000,0.00000,-0.62742,0.53162,-0.35741,0.05440,-0.00999,0.04228,0.06962,0.00091,0.11441,-0.27857,0.27857
20.9540,0,0.00000,0.00000,-0.62792,0.53188,-0.35641,0.03684,-0.00546,0.03945,0.05425,0.00040,0.11467,-0.27758,0.27758
20.9690,0,0.00000,0.00000,-0.62740,0.53137,-0.35604,0.03632,-0.01271,0.03575,0.05252,0.00092,0.11415,-0.27721,0.27721
20.9850,0,0.00000,0.00000,-0.62636,0.53090,-0.35529,0.04349,-0.01675,0.03866,0.06055,0.00197,0.11369,-0.27645,0.27646
21.0160,0,0.00000,0.00000,-0.62605,0.53081,-0.35489,0.03516,-0.01334,0.03221,0.04951,0.00228,0.11359,-0.27605,0.27606
21.0320,0,0.00000,0.00000,-0.62609,0.53117,-0.35429,0.02569,-0.00439,0.03355,0.04249,0.00224,0.11395,-0.27545,0.27546
21.0470,0,0.00000,0.00000,-0.62593,0.53104,-0.35401,0.02196,-0.00542,0.02982,0.03743,0.00240,0.11383,-0.27517,0.27518
21.0790,0,0.00000,0.00000,-0.62528,0.53090,-0.35363,0.02156,-0.00514,0.02532,0.03364,0.00305,0.11369,-0.27480,0.27481
21.0940,0,0.00000,0.00000,-0.62472,0.53031,-0.35313,0.02550,-0.01363,0.02735,0.03980,0.00361,0.11310,-0.27429,0.27432
21.1100,0,0.00000,0.00000,-0.62373,0.52998,-0.35264,0.03452,-0.01543,0.02821,0.04717,0.00459,0.11277,-0.27380,0.27384
21.1410,15,-0.07192,0.02053,-0.62350,0.53064,-0.35237,0.02775,-0.00630,0.02328,0.03676,0.00482,0.11342,-0.27354,0.27358
21.1570,15,-0.07192,0.02053,-0.62321,0.53060,-0.35211,0.02535,-0.00523,0.02160,0.03371,0.00512,0.11339,-0.27327,0.27332
21.1720,15,-0.07192,0.02053,-0.62287,0.53071,-0.35181,0.02466,-0.00210,0.02116,0.03256,0.00545,0.11350,-0.27298,0.27303
21.2040,15,-0.07192,0.02053,-0.62254,0.53101,-0.35175,0.02107,0.00077,0.01635,0.02668,0.00578,0.11380,-0.27292,0.27298
21.2190,15,-0.07192,0.02053,-0.62221,0.53103,-0.35181,0.02130,0.00089,0.01120,0.02408,0.00611,0.11382,-0.27298,0.27305
21.2350,15,-0.07192,0.02053,-0.62197,0.53125,-0.35185,0.01976,0.00410,0.00774,0.02161,0.00636,0.11404,-0.27302,0.27310
21.2660,15,-0.07192,0.02053,-0.62149,0.53152,-0.35190,0.01873,0.00522,0.00546,0.02020,0.00684,0.11430,-0.27306,0.27315
21.2820,15,-0.07192,0.02053,-0.62068,0.53195,-0.35194,0.02668,0.01065,0.00342,0.02893,0.00765,0.11473,-0.27311,0.27321
21.2970,15,-0.07192,0.02053,-0.62030,0.53242,-0.35195,0.02631,0.01586,0.00241,0.03081,0.00803,0.11521,-0.27312,0.27323
21.3290,15,-0.07192,0.02053,-0.61989,0.53246,-0.35215,0.02295,0.01216,0.00026,0.02597,0.00844,0.11524,-0.27331,0.27344
21.3440,15,-0.07192,0.02053,-0.61929,0.53256,-0.35276,0.02712,0.01089,-0.00996,0.03087,0.00903,0.11535,-0.27392,0.27407
21.3600,15,-0.07192,0.02053,-0.61848,0.53278,-0.35324,0.03300,0.01163,-0.01495,0.03805,0.00984,0.11557,-0.27440,0.27458
21.3910,15,-0.07192,0.02053,-0.61804,0.53309,-0.35338,0.02832,0.01124,-0.01238,0.03289,0.01029,0.11588,-0.27455,0.27474
21.4070,15,-0.07192,0.02053,-0.61762,0.53324,-0.35368,0.02783,0.01062,-0.01402,0.03292,0.01071,0.11602,-0.27485,0.27506
21.4220,15,-0.07192,0.02053,-0.61729,0.53355,-0.35461,0.02637,0.01328,-0.02591,0.03928,0.01104,0.11634,-0.27577,0.27599
21.4540,15,-0.07192,0.02053,-0.61685,0.53392,-0.35496,0.02320,0.01286,-0.02218,0.03457,0.01148,0.11671,-0.27613,0.27636
21.4690,15,-0.07192,0.02053,-0.61481,0.53358,-0.35591,0.05136,0.00386,-0.03247,0.06088,0.01351,0.11636,-0.27708,0.27741
21.5000,15,-0.07192,0.02053,-0.61489,0.53417,-0.35624,0.03734,0.01208,-0.02950,0.04910,0.01344,0.11695,-0.27741,0.27773
21.5160,15,-0.07192,0.02053,-0.61419,0.53417,-0.35727,0.03367,0.00909,-0.03045,0.04630,0.01414,0.11695,-0.27844,0.27880
21.5320,15,-0.07192,0.02053,-0.61373,0.53465,-0.35765,0.03232,0.01435,-0.02873,0.04556,0.01459,0.11744,-0.27881,0.27920
21.5630,15,-0.07192,0.02053,-0.61255,0.53479,-0.35881,0.03379,0.01188,-0.03093,0.04733,0.01578,0.11758,-0.27998,0.28042
21.5790,15,-0.07192,0.02053,-0.61183,0.53472,-0.35954,0.03659,0.00779,-0.03458,0.05094,0.01650,0.11750,-0.28071,0.28119
21.5940,15,-0.07192,0.02053,-0.61159,0.53559,-0.36081,0.03140,0.02045,-0.04709,0.06018,0.01674,0.11838,-0.28198,0.28247
21.6250,15,-0.07192,0.02053,-0.61112,0.53593,-0.36141,0.02737,0.01806,-0.04013,0.05183,0.01721,0.11872,-0.28257,0.28310
21.6410,15,-0.07192,0.02053,-0.60944,0.53541,-0.36263,0.04673,0.00544,-0.04925,0.06811,0.01889,0.11820,-0.28380,0.28443
21.6570,15,-0.07192,0.02053,-0.60904,0.53557,-0.36342,0.04134,0.00657,-0.04925,0.06464,0.01929,0.11836,-0.28459,0.28524
21.6880,15,-0.07192,0.02053,-0.60846,0.53636,-0.36467,0.03566,0.01130,-0.04698,0.06005,0.01987,0.11915,-0.28583,0.28652
21.7040,15,-0.07192,0.02053,-0.60729,0.53645,-0.36606,0.04511,0.00976,-0.05705,0.07338,0.02104,0.11923,-0.28723,0.28800
21.7190,15,-0.07192,0.02053,-0.60654,0.53624,-0.36689,0.04621,0.00383,-0.05663,0.07319,0.02178,0.11902,-0.28806,0.28888
21.7500,15,-0.07192,0.02053,-0.60533,0.53674,-0.36822,0.04446,0.00691,-0.05317,0.06966,0.02300,0.11952,-0.28939,0.29030
21.7660,15,-0.07192,0.02053,-0.60454,0.53653,-0.36930,0.04566,0.00202,-0.05671,0.07283,0.02379,0.11932,-0.29046,0.29144
21.7820,15,-0.07192,0.02053,-0.60407,0.53694,-0.37079,0.04162,0.00786,-0.06590,0.07834,0.02426,0.11973,-0.29196,0.29296
21.8130,15,-0.07192,0.02053,-0.60336,0.53697,-0.37168,0.03692,0.00614,-0.05657,0.06783,0.02497,0.11976,-0.29284,0.29391
21.8290,15,-0.07192,0.02053,-0.60140,0.53647,-0.37333,0.05833,-0.00316,-0.06827,0.08985,0.02693,0.11926,-0.29450,0.29573
21.8440,15,-0.07192,0.02053,-0.60077,0.53636,-0.37432,0.05419,-0.00431,-0.06763,0.08677,0.02755,0.11914,-0.29548,0.29677
21.8750,15,-0.07192,0.02053,-0.59925,0.53627,-0.37582,0.05290,-0.00394,-0.06288,0.08227,0.02907,0.11905,-0.29699,0.29841
21.8910,15,-0.07192,0.02053,-0.59892,0.53686,-0.37695,0.04488,0.00635,-0.06472,0.07902,0.02941,0.11965,-0.29812,0.29956
21.9070,15,-0.07192,0.02053,-0.59799,0.53681,-0.37850,0.04817,0.00392,-0.07276,0.08735,0.03034,0.11960,-0.29967,0.30120
21.9380,15,-0.07192,0.02053,-0.59613,0.53647,-0.37971,0.05114,0.00019,-0.06431,0.08217,0.03220,0.11926,-0.30087,0.30259
21.9540,15,-0.07192,0.02053,-0.59530,0.53640,-0.38155,0.05137,-0.00096,-0.07701,0.09257,0.03303,0.11918,-0.30272,0.30451
21.9690,15,-0.07192,0.02053,-0.59469,0.53722,-0.38239,0.04873,0.01302,-0.07175,0.08770,0.03364,0.12001,-0.30355,0.30541
22.0000,15,-0.07192,0.02053,-0.59276,0.53656,-0.38461,0.05207,0.00443,-0.07170,0.08872,0.03557,0.11935,-0.30577,0.30783
22.0160,15,-0.07192,0.02053,-0.59220,0.53667,-0.38578,0.04786,0.00497,-0.07217,0.08674,0.03613,0.11945,-0.30695,0.30907
22.0320,15,-0.07192,0.02053,-0.59053,0.53673,-0.38768,0.06198,0.00467,-0.08374,0.10429,0.03780,0.11951,-0.30884,0.31115
22.0630,15,-0.07192,0.02053,-0.59030,0.53736,-0.38896,0.04835,0.00861,-0.07313,0.08809,0.03803,0.12015,-0.31013,0.31245
22.0790,15,-0.07192,0.02053,-0.58885,0.53764,-0.39084,0.05890,0.01081,-0.08425,0.10337,0.03948,0.12043,-0.31201,0.31450
22.0940,15,-0.07192,0.02053,-0.58745,0.53720,-0.39220,0.06750,0.00076,-0.08580,0.10917,0.04088,0.11998,-0.31336,0.31602
22.1250,15,-0.07192,0.02053,-0.58629,0.53837,-0.39405,0.05998,0.01004,-0.07932,0.09995,0.04204,0.12116,-0.31522,0.31801
22.1410,0,0.00000,0.00000,-0.58566,0.53840,-0.39565,0.05486,0.00793,-0.08449,0.10105,0.04267,0.12118,-0.31682,0.31968
22.1720,0,0.00000,0.00000,-0.58408,0.53875,-0.39769,0.05386,0.00875,-0.07976,0.09664,0.04425,0.12153,-0.31885,0.32191
22.1880,0,0.00000,0.00000,-0.58331,0.53898,-0.39909,0.05249,0.01016,-0.08176,0.09769,0.04502,0.12176,-0.32026,0.32341
22.2040,0,0.00000,0.00000,-0.58198,0.53941,-0.40110,0.06002,0.01439,-0.09272,0.11138,0.04634,0.12219,-0.32227,0.32558
22.2350,0,0.00000,0.00000,-0.58096,0.53944,-0.40259,0.05326,0.01107,-0.08159,0.09806,0.04737,0.12223,-0.32376,0.32721
22.2500,0,0.00000,0.00000,-0.58021,0.54009,-0.40463,0.05244,0.01903,-0.09515,0.11030,0.04812,0.12287,-0.32580,0.32933
22.2660,0,0.00000,0.00000,-0.57885,0.53987,-0.40622,0.06066,0.01084,-0.09616,0.11421,0.04948,0.12265,-0.32739,0.33110
22.2970,0,0.00000,0.00000,-0.57769,0.53978,-0.40798,0.05482,0.00746,-0.08632,0.10253,0.05064,0.12257,-0.32915,0.33302
22.3130,0,0.00000,0.00000,-0.57680,0.54055,-0.40999,0.05505,0.01749,-0.09616,0.11218,0.05153,0.12333,-0.33116,0.33514
22.3290,0,0.00000,0.00000,-0.57586,0.54032,-0.41142,0.05602,0.00963,-0.09452,0.11030,0.05247,0.12311,-0.33259,0.33670
22.3600,0,0.00000,0.00000,-0.57524,0.54076,-0.41343,0.04696,0.01075,-0.08703,0.09947,0.05309,0.12354,-0.33459,0.33878
22.3750,0,0.00000,0.00000,-0.57475,0.54109,-0.41446,0.04336,0.01356,-0.08245,0.09414,0.05357,0.12387,-0.33562,0.33987
22.3910,0,0.00000,0.00000,-0.57306,0.54050,-0.41641,0.05902,0.00103,-0.09233,0.10959,0.05527,0.12329,-0.33757,0.34207
22.4220,0,0.00000,0.00000,-0.57256,0.54065,-0.41765,0.04827,0.00195,-0.07931,0.09286,0.05577,0.12344,-0.33882,0.34338
22.4380,0,0.00000,0.00000,-0.57181,0.54099,-0.41937,0.04792,0.00676,-0.08626,0.09891,0.05652,0.12377,-0.34054,0.34519
22.4540,0,0.00000,0.00000,-0.57105,0.54079,-0.42045,0.04780,0.00198,-0.08156,0.09456,0.05727,0.12358,-0.34161,0.34638
22.4850,0,0.00000,0.00000,-0.57018,0.54069,-0.42208,0.04290,0.00070,-0.07430,0.08580,0.05815,0.12348,-0.34324,0.34813
22.5000,0,0.00000,0.00000,-0.56996,0.54115,-0.42318,0.03575,0.00814,-0.07411,0.08268,0.05836,0.12394,-0.34435,0.34926
22.5160,0,0.00000,0.00000,-0.56899,0.54105,-0.42470,0.04195,0.00447,-0.07941,0.08992,0.05933,0.12383,-0.34587,0.35092
22.5470,0,0.00000,0.00000,-0.56821,0.54090,-0.42580,0.03783,0.00214,-0.06839,0.07819,0.06012,0.12368,-0.34697,0.35214
22.5630,0,0.00000,0.00000,-0.56764,0.54113,-0.42716,0.03716,0.00531,-0.07249,0.08163,0.06068,0.12392,-0.34832,0.35357
22.5790,0,0.00000,0.00000,-0.56743,0.54173,-0.42796,0.03123,0.01338,-0.06698,0.07511,0.06090,0.12452,-0.34913,0.35440
22.6100,0,0.00000,0.00000,-0.56608,0.54131,-0.42950,0.03428,0.00662,-0.06265,0.07173,0.06225,0.12410,-0.35067,0.35615
22.6250,0,0.00000,0.00000,-0.56581,0.54161,-0.43044,0.03028,0.01003,-0.06258,0.07024,0.06252,0.12440,-0.35161,0.35712
22.6410,16,0.03954,0.05388,-0.56535,0.54196,-0.43154,0.02990,0.01299,-0.06420,0.07200,0.06298,0.12475,-0.35271,0.35829
22.6720,16,0.03954,0.05388,-0.56429,0.54182,-0.43249,0.03096,0.00857,-0.05581,0.06439,0.06404,0.12460,-0.35366,0.35941
22.6880,16,0.03954,0.05388,-0.56390,0.54220,-0.43379,0.02935,0.01245,-0.06211,0.06981,0.06443,0.12499,-0.35496,0.36076
22.7040,16,0.03954,0.05388,-0.56382,0.54250,-0.43472,0.02315,0.01395,-0.06108,0.06679,0.06450,0.12529,-0.35588,0.36168
22.7350,16,0.03954,0.05388,-0.56294,0.54286,-0.43565,0.02447,0.01334,-0.05334,0.06018,0.06539,0.12564,-0.35682,0.36276
22.7500,16,0.03954,0.05388,-0.56212,0.54282,-0.43634,0.03212,0.00936,-0.05157,0.06148,0.06621,0.12560,-0.35751,0.36359
22.7660,16,0.03954,0.05388,-0.56141,0.54299,-0.43750,0.03508,0.00968,-0.05667,0.06735,0.06692,0.12577,-0.35866,0.36485
22.7970,16,0.03954,0.05388,-0.56150,0.54358,-0.43825,0.02561,0.01202,-0.04855,0.05619,0.06683,0.12637,-0.35941,0.36557
22.8130,16,0.03954,0.05388,-0.56019,0.54373,-0.43902,0.03970,0.01137,-0.04852,0.06371,0.06814,0.12652,-0.36019,0.36658
22.8440,16,0.03954,0.05388,-0.55896,0.54374,-0.43985,0.03970,0.00857,-0.04309,0.05922,0.06937,0.12652,-0.36102,0.36762
22.8600,16,0.03954,0.05388,-0.55840,0.54383,-0.44042,0.03853,0.00790,-0.04126,0.05700,0.06993,0.12661,-0.36159,0.36829
22.8750,16,0.03954,0.05388,-0.55740,0.54414,-0.44107,0.04545,0.01107,-0.04166,0.06264,0.07092,0.12692,-0.36223,0.36911
22.9070,16,0.03954,0.05388,-0.55657,0.54418,-0.44150,0.04061,0.00860,-0.03461,0.05405,0.07176,0.12696,-0.36266,0.36970
22.9220,16,0.03954,0.05388,-0.55523,0.54424,-0.44209,0.05273,0.00753,-0.03580,0.06418,0.07310,0.12703,-0.36325,0.37054
22.9380,16,0.03954,0.05388,-0.55445,0.54449,-0.44224,0.05182,0.00956,-0.02922,0.06025,0.07388,0.12728,-0.36341,0.37084
22.9690,16,0.03954,0.05388,-0.55307,0.54446,-0.44265,0.05000,0.00691,-0.02524,0.05644,0.07526,0.12724,-0.36382,0.37152
22.9850,16,0.03954,0.05388,-0.55212,0.54421,-0.44286,0.05233,0.00130,-0.02224,0.05688,0.07621,0.12700,-0.36403,0.37192
23.0000,16,0.03954,0.05388,-0.55037,0.54416,-0.44319,0.06836,0.00015,-0.02207,0.07183,0.07796,0.12695,-0.36435,0.37260
23.0320,16,0.03954,0.05388,-0.54946,0.54408,-0.44334,0.05841,-0.00053,-0.01773,0.06104,0.07887,0.12686,-0.36450,0.37294
23.0470,16,0.03954,0.05388,-0.54803,0.54398,-0.44345,0.06752,-0.00202,-0.01518,0.06923,0.08029,0.12677,-0.36462,0.37335
23.0630,16,0.03954,0.05388,-0.54671,0.54380,-0.44332,0.07128,-0.00429,-0.00925,0.07200,0.08162,0.12659,-0.36448,0.37351
23.0940,16,0.03954,0.05388,-0.54515,0.54362,-0.44340,0.06604,-0.00466,-0.00760,0.06664,0.08318,0.12641,-0.36456,0.37393
23.1100,16,0.03954,0.05388,-0.54352,0.54365,-0.44319,0.07510,-0.00313,-0.00247,0.07520,0.08481,0.12643,-0.36436,0.37410
23.1250,16,0.03954,0.05388,-0.54194,0.54317,-0.44332,0.08258,-0.01036,-0.00399,0.08332,0.08639,0.12595,-0.36448,0.37458
23.1570,16,0.03954,0.05388,-0.53986,0.54298,-0.44308,0.07817,-0.00924,-0.00115,0.07872,0.08846,0.12576,-0.36425,0.37484
23.1720,16,0.03954,0.05388,-0.53873,0.54278,-0.44306,0.07758,-0.01017,-0.00047,0.07824,0.08960,0.12557,-0.36423,0.37508
23.2040,16,0.03954,0.05388,-0.53734,0.54324,-0.44301,0.06903,-0.00406,0.00004,0.06915,0.09099,0.12603,-0.36417,0.37537
23.2190,16,0.03954,0.05388,-0.53555,0.54296,-0.44282,0.08151,-0.00766,0.00310,0.08193,0.09278,0.12575,-0.36399,0.37563
23.2350,16,0.03954,0.05388,-0.53333,0.54303,-0.44261,0.09588,-0.00478,0.00559,0.09616,0.09500,0.12581,-0.36378,0.37598
23.2660,16,0.03954,0.05388,-0.53204,0.54304,-0.44239,0.09333,-0.00328,0.00795,0.09373,0.09628,0.12583,-0.36356,0.37609
23.2820,16,0.03954,0.05388,-0.53030,0.54333,-0.44207,0.08360,-0.00025,0.00842,0.08402,0.09802,0.12611,-0.36324,0.37624
23.2970,16,0.03954,0.05388,-0.52852,0.54339,-0.44171,0.09239,0.00081,0.01242,0.09323,0.09981,0.12617,-0.36287,0.37635
23.3290,16,0.03954,0.05388,-0.52631,0.54360,-0.44138,0.10382,0.00393,0.01439,0.10489,0.10202,0.12639,-0.36255,0.37663
23.3440,16,0.03954,0.05388,-0.52480,0.54344,-0.44127,0.09002,0.00164,0.01174,0.09080,0.10352,0.12622,-0.36243,0.37693
23.3600,16,0.03954,0.05388,-0.52306,0.54397,-0.44078,0.09472,0.00948,0.01640,0.09659,0.10526,0.12675,-0.36195,0.37694
23.3910,16,0.03954,0.05388,-0.52137,0.54399,-0.44062,0.08465,0.00732,0.01358,0.08605,0.10695,0.12678,-0.36179,0.37727
23.4070,16,0.03954,0.05388,-0.51878,0.54410,-0.44037,0.10408,0.00716,0.01406,0.10527,0.10955,0.12688,-0.36154,0.37777
23.4220,16,0.03954,0.05388,-0.51754,0.54392,-0.44012,0.09873,0.00233,0.01470,0.09984,0.11079,0.12670,-0.36129,0.37790
23.4540,16,0.03954,0.05388,-0.51550,0.54399,-0.43961,0.08996,0.00231,0.01502,0.09123,0.11283,0.12677,-0.36078,0.37801
23.4690,16,0.03954,0.05388,-0.51391,0.54391,-0.43950,0.09405,0.00037,0.01322,0.09498,0.11442,0.12669,-0.36066,0.37838
23.4850,16,0.03954,0.05388,-0.51185,0.54422,-0.43911,0.10267,0.00519,0.01587,0.10401,0.11648,0.12701,-0.36028,0.37864
23.5160,16,0.03954,0.05388,-0.51038,0.54394,-0.43893,0.08887,0.00160,0.01338,0.08988,0.11795,0.12672,-0.36010,0.37892
23.5320,16,0.03954,0.05388,-0.50792,0.54415,-0.43865,0.10501,0.00452,0.01441,0.10609,0.12041,0.12694,-0.35982,0.37943
23.5470,16,0.03954,0.05388,-0.50689,0.54410,-0.43859,0.09596,0.00252,0.01192,0.09673,0.12144,0.12688,-0.35975,0.37969
23.5790,16,0.03954,0.05388,-0.50472,0.54420,-0.43843,0.08893,0.00271,0.01017,0.08955,0.12361,0.12699,-0.35959,0.38025
23.5940,16,0.03954,0.05388,-0.50238,0.54443,-0.43811,0.10563,0.00580,0.01299,0.10658,0.12594,0.12721,-0.35927,0.38071
23.6100,16,0.03954,0.05388,-0.50123,0.54441,-0.43798,0.09721,0.00410,0.01174,0.09800,0.12709,0.12720,-0.35914,0.38097
23.6410,0,0.00000,0.00000,-0.49932,0.54481,-0.43797,0.08831,0.00629,0.00885,0.08897,0.12900,0.12760,-0.35914,0.38161
23.6570,0,0.00000,0.00000,-0.49810,0.54509,-0.43781,0.08540,0.00913,0.00918,0.08637,0.13023,0.12788,-0.35898,0.38187
23.6720,0,0.00000,0.00000,-0.49603,0.54544,-0.43754,0.09844,0.01257,0.01139,0.09989,0.13229,0.12822,-0.35871,0.38232
23.7040,0,0.00000,0.00000,-0.49498,0.54578,-0.43763,0.08207,0.01208,0.00780,0.08332,0.13335,0.12856,-0.35880,0.38278
23.7190,0,0.00000,0.00000,-0.49292,0.54591,-0.43758,0.09577,0.01124,0.00672,0.09666,0.13540,0.12869,-0.35875,0.38345
23.7350,0,0.00000,0.00000,-0.49136,0.54612,-0.43766,0.09621,0.01176,0.00380,0.09700,0.13696,0.12891,-0.35883,0.38408
23.7660,0,0.00000,0.00000,-0.48969,0.54658,-0.43753,0.08563,0.01253,0.00388,0.08663,0.13863,0.12937,-0.35870,0.38456
23.7820,0,0.00000,0.00000,-0.48825,0.54669,-0.43777,0.08680,0.01105,-0.00082,0.08751,0.14008,0.12947,-0.35894,0.38530
23.7970,0,0.00000,0.00000,-0.48687,0.54709,-0.43785,0.08801,0.01505,-0.00189,0.08930,0.14145,0.12988,-0.35902,0.38588
23.8290,0,0.00000,0.00000,-0.48587,0.54741,-0.43788,0.07384,0.01376,-0.00167,0.07513,0.14246,0.13019,-0.35905,0.38628
23.8440,0,0.00000,0.00000,-0.48415,0.54739,-0.43826,0.08402,0.01000,-0.00753,0.08495,0.14418,0.13017,-0.35942,0.38726
23.8600,0,0.00000,0.00000,-0.48295,0.54757,-0.43860,0.08186,0.01034,-0.01104,0.08325,0.14538,0.13036,-0.35977,0.38803
23.8910,0,0.00000,0.00000,-0.48189,0.54755,-0.43876,0.06994,0.00761,-0.00954,0.07100,0.14644,0.13034,-0.35993,0.38858
23.9070,0,0.00000,0.00000,-0.48070,0.54730,-0.43916,0.07099,0.00180,-0.01335,0.07226,0.14763,0.13009,-0.36032,0.38939
23.9220,0,0.00000,0.00000,-0.47953,0.54730,-0.43961,0.07267,0.00131,-0.01756,0.07478,0.14879,0.13009,-0.36078,0.39025
23.9540,0,0.00000,0.00000,-0.47855,0.54746,-0.43995,0.06216,0.00227,-0.01581,0.06418,0.14977,0.13025,-0.36111,0.39094
23.9690,0,0.00000,0.00000,-0.47754,0.54709,-0.44060,0.06351,-0.00451,-0.02280,0.06763,0.15079,0.12988,-0.36177,0.39194
24.0000,0,0.00000,0.00000,-0.47655,0.54718,-0.44113,0.05566,-0.00265,-0.02133,0.05966,0.15178,0.12997,-0.36229,0.39280
24.0160,0,0.00000,0.00000,-0.47594,0.54707,-0.44174,0.05115,-0.00368,-0.02559,0.05731,0.15238,0.12986,-0.36291,0.39360
24.0320,0,0.00000,0.00000,-0.47506,0.54692,-0.44240,0.05225,-0.00521,-0.02954,0.06025,0.15327,0.12970,-0.36357,0.39456
24.0630,0,0.00000,0.00000,-0.47444,0.54673,-0.44302,0.04419,-0.00542,-0.02712,0.05213,0.15389,0.12952,-0.36419,0.39537
24.0790,0,0.00000,0.00000,-0.47359,0.54669,-0.44366,0.04638,-0.00473,-0.03032,0.05562,0.15474,0.12947,-0.36482,0.39628
24.0940,0,0.00000,0.00000,-0.47315,0.54648,-0.44442,0.04201,-0.00697,-0.03538,0.05537,0.15517,0.12927,-0.36558,0.39715
24.1250,0,0.00000,0.00000,-0.47239,0.54669,-0.44539,0.03765,-0.00354,-0.03439,0.05111,0.15593,0.12948,-0.36656,0.39835
24.1410,17,-0.04246,-0.03060,-0.47213,0.54653,-0.44601,0.03235,-0.00511,-0.03548,0.04829,0.15620,0.12932,-0.36718,0.39902
24.1570,17,-0.04246,-0.03060,-0.47173,0.54642,-0.44664,0.03057,-0.00556,-0.03647,0.04791,0.15660,0.12921,-0.36781,0.39976
24.1880,17,-0.04246,-0.03060,-0.47102,0.54594,-0.44779,0.02864,-0.00807,-0.03659,0.04716,0.15731,0.12873,-0.36895,0.40109
24.2040,17,-0.04246,-0.03060,-0.47060,0.54599,-0.44849,0.02809,-0.00532,-0.03850,0.04796,0.15773,0.12877,-0.36966,0.40191
24.2190,17,-0.04246,-0.03060,-0.47017,0.54587,-0.44972,0.02823,-0.00602,-0.04923,0.05707,0.15816,0.12865,-0.37088,0.40320
24.2500,17,-0.04246,-0.03060,-0.47015,0.54583,-0.45088,0.02133,-0.00480,-0.04633,0.05123,0.15818,0.12862,-0.37205,0.40428
24.2660,17,-0.04246,-0.03060,-0.46969,0.54539,-0.45166,0.02313,-0.01046,-0.04692,0.05335,0.15864,0.12818,-0.37283,0.40517
24.2820,17,-0.04246,-0.03060,-0.46955,0.54576,-0.45272,0.01953,-0.00202,-0.05180,0.05540,0.15878,0.12855,-0.37389,0.40621
24.3130,17,-0.04246,-0.03060,-0.46952,0.54561,-0.45378,0.01486,-0.00279,-0.04734,0.04969,0.15880,0.12839,-0.37494,0.40719
24.3290,17,-0.04246,-0.03060,-0.46937,0.54562,-0.45527,0.01354,-0.00188,-0.05887,0.06044,0.15896,0.12841,-0.37644,0.40862
24.3440,17,-0.04246,-0.03060,-0.46927,0.54544,-0.45613,0.01180,-0.00433,-0.05837,0.05971,0.15906,0.12823,-0.37729,0.40945
24.3750,17,-0.04246,-0.03060,-0.46931,0.54576,-0.45746,0.00857,-0.00067,-0.05454,0.05521,0.15902,0.12855,-0.37863,0.41066
24.3910,17,-0.04246,-0.03060,-0.46950,0.54591,-0.45856,0.00346,0.00173,-0.05803,0.05816,0.15883,0.12869,-0.37972,0.41160
24.4070,17,-0.04246,-0.03060,-0.46905,0.54549,-0.46016,0.00950,-0.00521,-0.06860,0.06945,0.15927,0.12828,-0.38133,0.41325
24.4380,17,-0.04246,-0.03060,-0.46904,0.54578,-0.46129,0.00723,-0.00154,-0.06053,0.06098,0.15929,0.12857,-0.38245,0.41430
24.4540,17,-0.04246,-0.03060,-0.46978,0.54626,-0.46279,-0.00613,0.00636,-0.06895,0.06951,0.15855,0.12905,-0.38396,0.41541
24.4690,17,-0.04246,-0.03060,-0.46983,0.54627,-0.46378,-0.00547,0.00482,-0.06808,0.06847,0.15849,0.12905,-0.38494,0.41629
24.5000,17,-0.04246,-0.03060,-0.47017,0.54660,-0.46540,-0.00679,0.00631,-0.06414,0.06480,0.15816,0.12939,-0.38656,0.41767
24.5160,17,-0.04246,-0.03060,-0.47004,0.54644,-0.46650,-0.00307,0.00218,-0.06535,0.06546,0.15829,0.12922,-0.38767,0.41874
24.5320,17,-0.04246,-0.03060,-0.47062,0.54676,-0.46805,-0.01137,0.00667,-0.07320,0.07437,0.15771,0.12955,-0.38922,0.41995
24.5630,17,-0.04246,-0.03060,-0.47069,0.54679,-0.46923,-0.00915,0.00527,-0.06439,0.06525,0.15763,0.12958,-0.39039,0.42102
24.5790,17,-0.04246,-0.03060,-0.47095,0.54667,-0.47081,-0.01085,0.00200,-0.07304,0.07387,0.15738,0.12945,-0.39198,0.42239
24.6100,17,-0.04246,-0.03060,-0.47153,0.54690,-0.47195,-0.01280,0.00333,-0.06397,0.06533,0.15680,0.12968,-0.39312,0.42323
24.6250,17,-0.04246,-0.03060,-0.47155,0.54698,-0.47353,-0.00999,0.00390,-0.07439,0.07516,0.15678,0.12977,-0.39470,0.42470
24.6410,17,-0.04246,-0.03060,-0.47198,0.54655,-0.47534,-0.01420,-0.00384,-0.08404,0.08532,0.15635,0.12933,-0.39651,0.42622
24.6720,17,-0.04246,-0.03060,-0.47231,0.54662,-0.47637,-0.01334,-0.00230,-0.07135,0.07262,0.15601,0.12940,-0.39754,0.42706
24.6880,17,-0.04246,-0.03060,-0.47258,0.54602,-0.47818,-0.01415,-0.01103,-0.08169,0.08364,0.15575,0.12881,-0.39934,0.42864
24.7040,17,-0.04246,-0.03060,-0.47309,0.54608,-0.47918,-0.01859,-0.00731,-0.07695,0.07950,0.15524,0.12887,-0.40035,0.42939
24.7350,17,-0.04246,-0.03060,-0.47325,0.54591,-0.48109,-0.01527,-0.00689,-0.07309,0.07499,0.15507,0.12870,-0.40225,0.43111
24.7500,17,-0.04246,-0.03060,-0.47352,0.54568,-0.48225,-0.01582,-0.00892,-0.07419,0.07638,0.15481,0.12847,-0.40342,0.43210
24.7660,17,-0.04246,-0.03060,-0.47423,0.54545,-0.48387,-0.02306,-0.01038,-0.08102,0.08487,0.15410,0.12823,-0.40504,0.43336
24.7970,17,-0.04246,-0.03060,-0.47496,0.54592,-0.48564,-0.02315,-0.00394,-0.07503,0.07862,0.15337,0.12871,-0.40681,0.43476
24.8130,17,-0.04246,-0.03060,-0.47508,0.54535,-0.48689,-0.01920,-0.01194,-0.07577,0.07907,0.15325,0.12814,-0.40806,0.43589
24.8290,17,-0.04246,-0.03060,-0.47557,0.54535,-0.48801,-0.02205,-0.00901,-0.07427,0.07800,0.15276,0.12813,-0.40917,0.43676
24.8600,17,-0.04246,-0.03060,-0.47598,0.54540,-0.48991,-0.01990,-0.00631,-0.07103,0.07403,0.15234,0.12819,-0.41107,0.43840
24.8750,17,-0.04246,-0.03060,-0.47642,0.54559,-0.49094,-0.02219,-0.00155,-0.07043,0.07386,0.15191,0.12838,-0.41210,0.43921
24.8910,17,-0.04246,-0.03060,-0.47703,0.54561,-0.49283,-0.02621,-0.00094,-0.08236,0.08644,0.15130,0.12839,-0.41399,0.44077
24.9220,17,-0.04246,-0.03060,-0.47724,0.54520,-0.49422,-0.02138,-0.00399,-0.07297,0.07614,0.15108,0.12799,-0.41538,0.44201
24.9380,17,-0.04246,-0.03060,-0.47775,0.54556,-0.49603,-0.02400,0.00266,-0.08304,0.08648,0.15057,0.12835,-0.41719,0.44354
24.9540,17,-0.04246,-0.03060,-0.47837,0.54558,-0.49718,-0.02768,0.00227,-0.08027,0.08494,0.14995,0.12837,-0.41835,0.44441
24.9850,17,-0.04246,-0.03060,-0.47897,0.54548,-0.49930,-0.02557,0.00093,-0.07729,0.08141,0.14936,0.12827,-0.42046,0.44620
25.0000,17,-0.04246,-0.03060,-0.47927,0.54563,-0.50042,-0.02411,0.00318,-0.07660,0.08037,0.14906,0.12842,-0.42158,0.44716
25.0160,17,-0.04246,-0.03060,-0.47995,0.54550,-0.50247,-0.02880,0.00038,-0.08956,0.09408,0.14837,0.12829,-0.42364,0.44887
25.0470,17,-0.04246,-0.03060,-0.48038,0.54555,-0.50379,-0.02503,0.00062,-0.07784,0.08177,0.14795,0.12833,-0.42496,0.44998
25.0630,17,-0.04246,-0.03060,-0.48114,0.54567,-0.50575,-0.03071,0.00238,-0.08888,0.09407,0.14719,0.12845,-0.42691,0.45157
25.0790,17,-0.04246,-0.03060,-0.48161,0.54551,-0.50716,-0.03038,-0.00075,-0.08870,0.09376,0.14672,0.12829,-0.42832,0.45275
25.1100,17,-0.04246,-0.03060,-0.48243,0.54550,-0.50897,-0.02939,-0.00064,-0.08116,0.08632,0.14590,0.12828,-0.43014,0.45421
25.1250,17,-0.04246,-0.03060,-0.48249,0.54543,-0.51045,-0.02297,-0.00156,-0.08550,0.08854,0.14584,0.12822,-0.43161,0.45559
25.1410,0,0.00000,0.00000,-0.48356,0.54533,-0.51229,-0.03397,-0.00273,-0.09285,0.09891,0.14477,0.12812,-0.43345,0.45699
25.1720,0,0.00000,0.00000,-0.48430,0.54541,-0.51359,-0.03149,-0.00143,-0.08013,0.08610,0.14402,0.12819,-0.43475,0.45799
25.1880,0,0.00000,0.00000,-0.48489,0.54523,-0.51556,-0.03280,-0.00378,-0.09085,0.09666,0.14344,0.12802,-0.43672,0.45967
25.2040,0,0.00000,0.00000,-0.48531,0.54524,-0.51665,-0.03119,-0.00281,-0.08526,0.09082,0.14301,0.12802,-0.43782,0.46058
25.2350,0,0.00000,0.00000,-0.48637,0.54516,-0.51865,-0.03195,-0.00275,-0.08007,0.08625,0.14195,0.12794,-0.43982,0.46216
25.2500,0,0.00000,0.00000,-0.48693,0.54505,-0.51984,-0.03329,-0.00388,-0.07988,0.08663,0.14139,0.12783,-0.44101,0.46312
25.2660,0,0.00000,0.00000,-0.48791,0.54519,-0.52152,-0.04021,-0.00067,-0.08614,0.09506,0.14042,0.12798,-0.44269,0.46442
25.2970,0,0.00000,0.00000,-0.48795,0.54532,-0.52270,-0.03050,0.00054,-0.07409,0.08012,0.14038,0.12811,-0.44386,0.46553
25.3130,0,0.00000,0.00000,-0.48899,0.54514,-0.52436,-0.03906,-0.00243,-0.08156,0.09046,0.13934,0.12792,-0.44553,0.46681
25.3440,0,0.00000,0.00000,-0.48939,0.54533,-0.52540,-0.03257,-0.00028,-0.06957,0.07681,0.13893,0.12812,-0.44657,0.46768
25.3600,0,0.00000,0.00000,-0.49032,0.54564,-0.52713,-0.03887,0.00459,-0.07926,0.08839,0.13801,0.12842,-0.44830,0.46906
25.3750,0,0.00000,0.00000,-0.49076,0.54571,-0.52826,-0.03659,0.00465,-0.07826,0.08652,0.13756,0.12850,-0.44943,0.47001
25.4070,0,0.00000,0.00000,-0.49098,0.54568,-0.52920,-0.02910,0.00325,-0.06605,0.07225,0.13735,0.12847,-0.45037,0.47085
25.4220,0,0.00000,0.00000,-0.49218,0.54661,-0.53037,-0.04189,0.01794,-0.06891,0.08261,0.13615,0.12940,-0.45153,0.47161
25.4380,0,0.00000,0.00000,-0.49255,0.54663,-0.53120,-0.03723,0.01376,-0.06471,0.07592,0.13577,0.12942,-0.45237,0.47230
25.4690,0,0.00000,0.00000,-0.49335,0.54730,-0.53193,-0.03433,0.01573,-0.05444,0.06625,0.13498,0.13009,-0.45310,0.47278
25.4850,0,0.00000,0.00000,-0.49413,0.54758,-0.53258,-0.03802,0.01609,-0.05099,0.06561,0.13419,0.13036,-0.45375,0.47318
25.5000,0,0.00000,0.00000,-0.49391,0.54714,-0.53381,-0.02487,0.00487,-0.05870,0.06394,0.13441,0.12993,-0.45498,0.47442
25.5320,0,0.00000,0.00000,-0.49413,0.54728,-0.53430,-0.02034,0.00471,-0.04789,0.05224,0.13420,0.13006,-0.45547,0.47483
25.5470,0,0.00000,0.00000,-0.49481,0.54744,-0.53497,-0.02662,0.00623,-0.04706,0.05442,0.13351,0.13023,-0.45614,0.47528
25.5630,0,0.00000,0.00000,-0.49521,0.54749,-0.53542,-0.02620,0.00548,-0.04235,0.05010,0.13312,0.13028,-0.45659,0.47560
25.5940,0,0.00000,0.00000,-0.49576,0.54761,-0.53595,-0.02404,0.00510,-0.03597,0.04356,0.13257,0.13040,-0.45711,0.47595
25.6100,0,0.00000,0.00000,-0.49605,0.54758,-0.53651,-0.02265,0.00332,-0.03580,0.04249,0.13228,0.13037,-0.45768,0.47641
25.6250,0,0.00000,0.00000,-0.49658,0.54781,-0.53710,-0.02584,0.00637,-0.03663,0.04528,0.13175,0.13060,-0.45827,0.47683
25.6570,18,0.01472,0.04838,-0.49703,0.54777,-0.53755,-0.02284,0.00442,-0.03097,0.03874,0.13130,0.13055,-0.45871,0.47713
25.6720,18,0.01472,0.04838,-0.49733,0.54777,-0.53783,-0.02216,0.00339,-0.02804,0.03590,0.13100,0.13056,-0.45900,0.47733
25.6880,18,0.01472,0.04838,-0.49781,0.54779,-0.53817,-0.02422,0.00276,-0.02633,0.03588,0.13051,0.13057,-0.45934,0.47752
25.7190,18,0.01472,0.04838,-0.49818,0.54808,-0.53818,-0.02113,0.00441,-0.01980,0.02929,0.13015,0.13086,-0.45935,0.47743
25.7350,18,0.01472,0.04838,-0.49844,0.54790,-0.53862,-0.01996,0.00049,-0.02170,0.02949,0.12988,0.13068,-0.45979,0.47778
25.7660,18,0.01472,0.04838,-0.49871,0.54782,-0.53869,-0.01942,-0.00097,-0.01742,0.02611,0.12962,0.13060,-0.45985,0.47777
25.7820,18,0.01472,0.04838,-0.49914,0.54811,-0.53885,-0.01789,0.00154,-0.01437,0.02300,0.12919,0.13089,-0.46002,0.47782
25.7970,18,0.01472,0.04838,-0.49931,0.54825,-0.53888,-0.01627,0.00352,-0.01125,0.02010,0.12902,0.13103,-0.46005,0.47780
25.8290,18,0.01472,0.04838,-0.49952,0.54844,-0.53886,-0.01384,0.00415,-0.00826,0.01664,0.12881,0.13123,-0.46003,0.47772
25.8440,18,0.01472,0.04838,-0.49963,0.54866,-0.53881,-0.01229,0.00671,-0.00538,0.01500,0.12869,0.13144,-0.45998,0.47764
25.8600,18,0.01472,0.04838,-0.49979,0.54906,-0.53833,-0.01161,0.01127,0.00349,0.01655,0.12854,0.13184,-0.45950,0.47714
25.8910,18,0.01472,0.04838,-0.49989,0.54927,-0.53822,-0.00958,0.01021,0.00349,0.01443,0.12843,0.13206,-0.45939,0.47700
25.9070,18,0.01472,0.04838,-0.49988,0.54958,-0.53799,-0.00703,0.01245,0.00616,0.01557,0.12844,0.13237,-0.45916,0.47679
25.9220,18,0.01472,0.04838,-0.49974,0.54949,-0.53793,-0.00280,0.00788,0.00574,0.01015,0.12859,0.13228,-0.45909,0.47676
25.9540,18,0.01472,0.04838,-0.49956,0.54984,-0.53771,-0.00074,0.00859,0.00602,0.01051,0.12877,0.13262,-0.45887,0.47660
25.9690,18,0.01472,0.04838,-0.49941,0.54996,-0.53740,0.00199,0.00854,0.00966,0.01305,0.12892,0.13275,-0.45857,0.47634
25.9850,18,0.01472,0.04838,-0.49917,0.54995,-0.53685,0.00525,0.00629,0.01585,0.01784,0.12916,0.13274,-0.45802,0.47588
26.0160,18,0.01472,0.04838,-0.49879,0.55016,-0.53645,0.00697,0.00638,0.01514,0.01784,0.12953,0.13295,-0.45761,0.47559
26.0320,18,0.01472,0.04838,-0.49850,0.55030,-0.53611,0.00984,0.00694,0.01660,0.02051,0.12983,0.13308,-0.45728,0.47535
26.0470,18,0.01472,0.04838,-0.49858,0.55080,-0.53540,0.00602,0.01365,0.02426,0.02848,0.12975,0.13359,-0.45657,0.47465
26.0790,18,0.01472,0.04838,-0.49833,0.55081,-0.53504,0.00647,0.01027,0.02100,0.02426,0.13000,0.13360,-0.45621,0.47437
26.0940,18,0.01472,0.04838,-0.49739,0.55043,-0.53437,0.02058,0.00135,0.02687,0.03387,0.13094,0.13321,-0.45554,0.47399
26.1100,18,0.01472,0.04838,-0.49702,0.55046,-0.53397,0.02119,0.00144,0.02643,0.03390,0.13131,0.13324,-0.45514,0.47370
26.1410,18,0.01472,0.04838,-0.49637,0.55048,-0.53333,0.02110,0.00131,0.02503,0.03276,0.13196,0.13327,-0.45449,0.47326
26.1570,18,0.01472,0.04838,-0.49623,0.55057,-0.53265,0.01801,0.00227,0.02936,0.03452,0.13210,0.13335,-0.45382,0.47265
26.1720,18,0.01472,0.04838,-0.49530,0.55015,-0.53203,0.02910,-0.00523,0.03242,0.04388,0.13303,0.13294,-0.45319,0.47231
26.2040,18,0.01472,0.04838,-0.49463,0.55011,-0.53156,0.02704,-0.00420,0.02795,0.03911,0.13370,0.13290,-0.45273,0.47206
26.2190,18,0.01472,0.04838,-0.49404,0.55014,-0.53069,0.03014,-0.00268,0.03539,0.04657,0.13429,0.13293,-0.45186,0.47139
26.2500,18,0.01472,0.04838,-0.49375,0.55040,-0.53004,0.02716,0.00197,0.03673,0.04572,0.13458,0.13318,-0.45121,0.47085
26.2660,18,0.01472,0.04838,-0.49243,0.54993,-0.52931,0.03102,-0.00225,0.03345,0.04567,0.13590,0.13272,-0.45048,0.47053
26.2820,18,0.01472,0.04838,-0.49181,0.55003,-0.52877,0.03294,-0.00025,0.03359,0.04705,0.13652,0.13281,-0.44993,0.47019
26.3130,18,0.01472,0.04838,-0.49135,0.55060,-0.52784,0.02835,0.00441,0.03267,0.04348,0.13697,0.13338,-0.44901,0.46943
26.3290,18,0.01472,0.04838,-0.49071,0.55070,-0.52720,0.03138,0.00486,0.03443,0.04683,0.13762,0.13348,-0.44837,0.46902
26.3440,18,0.01472,0.04838,-0.48962,0.55103,-0.52616,0.04169,0.00913,0.04324,0.06075,0.13871,0.13381,-0.44733,0.46834
26.3750,18,0.01472,0.04838,-0.48878,0.55145,-0.52517,0.03800,0.01025,0.04044,0.05643,0.13955,0.13423,-0.44633,0.46764
26.3910,18,0.01472,0.04838,-0.48811,0.55184,-0.52452,0.03894,0.01377,0.04049,0.05784,0.14021,0.13462,-0.44568,0.46722
26.4070,18,0.01472,0.04838,-0.48745,0.55234,-0.52388,0.03960,0.01820,0.04031,0.05937,0.14088,0.13513,-0.44505,0.46681
26.4380,18,0.01472,0.04838,-0.48656,0.55285,-0.52276,0.03690,0.01779,0.03924,0.05673,0.14177,0.13564,-0.44393,0.46602
26.4540,18,0.01472,0.04838,-0.48634,0.55367,-0.52206,0.03101,0.02610,0.04045,0.05726,0.14198,0.13646,-0.44322,0.46541
26.4690,18,0.01472,0.04838,-0.48528,0.55428,-0.52114,0.04089,0.02975,0.04568,0.06814,0.14304,0.13707,-0.44230,0.46486
26.5000,18,0.01472,0.04838,-0.48413,0.55439,-0.52026,0.04001,0.02322,0.04137,0.06206,0.14420,0.13718,-0.44142,0.46438
26.5160,18,0.01472,0.04838,-0.48324,0.55502,-0.51929,0.04384,0.02719,0.04611,0.06919,0.14509,0.13780,-0.44046,0.46374
26.5320,18,0.01472,0.04838,-0.48223,0.55535,-0.51821,0.04871,0.02564,0.05139,0.07530,0.14610,0.13814,-0.43938,0.46303
26.5630,18,0.01472,0.04838,-0.48155,0.55561,-0.51747,0.04203,0.02128,0.04454,0.06483,0.14678,0.13839,-0.43864,0.46254
26.5790,18,0.01472,0.04838,-0.48053,0.55626,-0.51648,0.04741,0.02606,0.04888,0.07291,0.14780,0.13904,-0.43765,0.46193
26.5940,18,0.01472,0.04838,-0.48007,0.55655,-0.51595,0.04323,0.02448,0.04551,0.06737,0.14826,0.13934,-0.43712,0.46157
26.6250,18,0.01472,0.04838,-0.47870,0.55620,-0.51462,0.04349,0.01549,0.04485,0.06436,0.14963,0.13898,-0.43579,0.46076
26.6410,18,0.01472,0.04838,-0.47805,0.55627,-0.51394,0.04270,0.01271,0.04432,0.06285,0.15028,0.13905,-0.43510,0.46032
26.6720,0,0.00000,0.00000,-0.47703,0.55654,-0.51306,0.04028,0.01172,0.04031,0.05817,0.15130,0.13932,-0.43423,0.45983
26.6880,0,0.00000,0.00000,-0.47603,0.55638,-0.51202,0.04587,0.00638,0.04646,0.06560,0.15230,0.13917,-0.43319,0.45918
26.7040,0,0.00000,0.00000,-0.47533,0.55634,-0.51141,0.04527,0.00412,0.04439,0.06354,0.15300,0.13913,-0.43258,0.45884
26.7350,0,0.00000,0.00000,-0.47426,0.55628,-0.51047,0.04261,0.00258,0.04089,0.05911,0.15407,0.13906,-0.43164,0.45831
26.7500,0,0.00000,0.00000,-0.47354,0.55608,-0.50988,0.04397,-0.00136,0.04057,0.05984,0.15479,0.13887,-0.43104,0.45799
26.7660,0,0.00000,0.00000,-0.47256,0.55584,-0.50910,0.04826,-0.00471,0.04249,0.06447,0.15577,0.13863,-0.43027,0.45760
26.7970,0,0.00000,0.00000,-0.47196,0.55572,-0.50864,0.04099,-0.00451,0.03558,0.05447,0.15636,0.13851,-0.42981,0.45737
26.8130,0,0.00000,0.00000,-0.47111,0.55543,-0.50784,0.04407,-0.00798,0.03928,0.05957,0.15722,0.13821,-0.42900,0.45690
26.8290,0,0.00000,0.00000,-0.47061,0.55545,-0.50744,0.04088,-0.00562,0.03563,0.05452,0.15772,0.13824,-0.42861,0.45671
26.8600,0,0.00000,0.00000,-0.46998,0.55527,-0.50674,0.03573,-0.00566,0.03234,0.04853,0.15835,0.13806,-0.42791,0.45627
26.8750,0,0.00000,0.00000,-0.46931,0.55529,-0.50618,0.03802,-0.00404,0.03373,0.05099,0.15902,0.13807,-0.42734,0.45597
26.8910,0,0.00000,0.00000,-0.46875,0.55550,-0.50574,0.03718,0.00028,0.03214,0.04915,0.15957,0.13828,-0.42690,0.45575
26.9220,0,0.00000,0.00000,-0.46829,0.55550,-0.50525,0.03159,0.00024,0.02802,0.04223,0.16003,0.13829,-0.42642,0.45546
26.9380,0,0.00000,0.00000,-0.46779,0.55545,-0.50493,0.03151,-0.00064,0.02611,0.04093,0.16053,0.13823,-0.42609,0.45533
26.9540,0,0.00000,0.00000,-0.46770,0.55551,-0.50455,0.02502,0.00041,0.02543,0.03568,0.16062,0.13829,-0.42572,0.45501
26.9850,0,0.00000,0.00000,-0.46748,0.55571,-0.50410,0.02058,0.00192,0.02271,0.03071,0.16085,0.13849,-0.42527,0.45467
27.0000,0,0.00000,0.00000,-0.46731,0.55591,-0.50393,0.01833,0.00481,0.01986,0.02745,0.16102,0.13869,-0.42510,0.45457
27.0160,0,0.00000,0.00000,-0.46716,0.55606,-0.50362,0.01609,0.00601,0.01978,0.02620,0.16117,0.13885,-0.42479,0.45433
27.0470,0,0.00000,0.00000,-0.46709,0.55624,-0.50344,0.01260,0.00594,0.01627,0.02142,0.16124,0.13902,-0.42461,0.45419
27.0630,0,0.00000,0.00000,-0.46706,0.55663,-0.50317,0.00989,0.01055,0.01651,0.02195,0.16127,0.13942,-0.42433,0.45394
27.0790,0,0.00000,0.00000,-0.46712,0.55682,-0.50296,0.00645,0.01082,0.01565,0.02009,0.16120,0.13960,-0.42412,0.45373
27.1100,0,0.00000,0.00000,-0.46718,0.55746,-0.50290,0.00434,0.01333,0.01220,0.01858,0.16114,0.14025,-0.42407,0.45365
27.1250,0,0.00000,0.00000,-0.46723,0.55782,-0.50273,0.00243,0.01603,0.01201,0.02018,0.16109,0.14061,-0.42389,0.45347
27.1570,19,0.05119,-0.05479,-0.46728,0.55850,-0.50253,0.00148,0.01730,0.01057,0.02033,0.16105,0.14129,-0.42369,0.45327
27.1720,19,0.05119,-0.05479,-0.46726,0.55886,-0.50262,0.00140,0.01900,0.00645,0.02011,0.16107,0.14165,-0.42378,0.45336
27.1880,19,0.05119,-0.05479,-0.46734,0.55936,-0.50260,-0.00019,0.02210,0.00509,0.02268,0.16099,0.14215,-0.42377,0.45332
27.2190,19,0.05119,-0.05479,-0.46725,0.55973,-0.50266,0.00058,0.01951,0.00331,0.01980,0.16108,0.14251,-0.42383,0.45341
27.2350,19,0.05119,-0.05479,-0.46811,0.56084,-0.50233,-0.01302,0.03197,0.00763,0.03536,0.16022,0.14362,-0.42350,0.45279
27.2500,19,0.05119,-0.05479,-0.46814,0.56155,-0.50246,-0.01017,0.03581,0.00360,0.03740,0.16019,0.14433,-0.42363,0.45290
27.2820,19,0.05119,-0.05479,-0.46844,0.56214,-0.50246,-0.01003,0.03148,0.00267,0.03314,0.15988,0.14492,-0.42363,0.45280
27.2970,19,0.05119,-0.05479,-0.46896,0.56249,-0.50248,-0.01617,0.02939,0.00178,0.03360,0.15936,0.14527,-0.42364,0.45263
27.3130,19,0.05119,-0.05479,-0.46928,0.56264,-0.50250,-0.01707,0.02446,0.00097,0.02984,0.15905,0.14543,-0.42367,0.45254
27.3440,19,0.05119,-0.05479,-0.46945,0.56303,-0.50261,-0.01417,0.02146,-0.00014,0.02572,0.15888,0.14581,-0.42377,0.45258
27.3600,19,0.05119,-0.05479,-0.46985,0.56324,-0.50264,-0.01695,0.01937,-0.00053,0.02574,0.15847,0.14602,-0.42380,0.45246
27.3750,19,0.05119,-0.05479,-0.47054,0.56326,-0.50259,-0.02423,0.01486,0.00041,0.02843,0.15778,0.14604,-0.42375,0.45218
27.4070,19,0.05119,-0.05479,-0.47141,0.56372,-0.50246,-0.02496,0.01473,0.00130,0.02901,0.15691,0.14650,-0.42363,0.45175
27.4220,19,0.05119,-0.05479,-0.47222,0.56386,-0.50245,-0.03214,0.01345,0.00109,0.03486,0.15611,0.14664,-0.42362,0.45147
27.4380,19,0.05119,-0.05479,-0.47279,0.56411,-0.50223,-0.03305,0.01408,0.00433,0.03618,0.15554,0.14690,-0.42339,0.45106
27.4690,19,0.05119,-0.05479,-0.47379,0.56395,-0.50207,-0.03288,0.00920,0.00455,0.03445,0.15453,0.14673,-0.42323,0.45056
27.4850,19,0.05119,-0.05479,-0.47472,0.56390,-0.50198,-0.03920,0.00615,0.00472,0.03996,0.15360,0.14668,-0.42315,0.45017
27.5000,19,0.05119,-0.05479,-0.47586,0.56389,-0.50190,-0.04840,0.00452,0.00492,0.04886,0.15246,0.14668,-0.42307,0.44970
27.5320,19,0.05119,-0.05479,-0.47643,0.56316,-0.50164,-0.04071,-0.00230,0.00576,0.04118,0.15190,0.14595,-0.42280,0.44926
27.5470,19,0.05119,-0.05479,-0.47740,0.56315,-0.50142,-0.04664,-0.00189,0.00792,0.04735,0.15093,0.14594,-0.42259,0.44873
27.5790,19,0.05119,-0.05479,-0.47863,0.56329,-0.50118,-0.04462,-0.00034,0.00780,0.04529,0.14970,0.14608,-0.42235,0.44809
27.5940,19,0.05119,-0.05479,-0.47950,0.56331,-0.50098,-0.04791,0.00009,0.00917,0.04878,0.14883,0.14610,-0.42215,0.44762
27.6100,19,0.05119,-0.05479,-0.48077,0.56306,-0.50052,-0.05589,-0.00393,0.01411,0.05778,0.14755,0.14584,-0.42169,0.44676
27.6410,19,0.05119,-0.05479,-0.48192,0.56327,-0.50031,-0.05120,-0.00124,0.01226,0.05266,0.14640,0.14605,-0.42148,0.44618
27.6570,19,0.05119,-0.05479,-0.48319,0.56396,-0.49993,-0.05824,0.00995,0.01516,0.06100,0.14513,0.14675,-0.42110,0.44541
27.6720,19,0.05119,-0.05479,-0.48419,0.56405,-0.49966,-0.06024,0.00890,0.01595,0.06295,0.14414,0.14684,-0.42082,0.44482
27.7040,19,0.05119,-0.05479,-0.48574,0.56423,-0.49932,-0.05732,0.00810,0.01460,0.05970,0.14259,0.14702,-0.42048,0.44400
27.7190,19,0.05119,-0.05479,-0.48657,0.56436,-0.49896,-0.05683,0.00824,0.01684,0.05984,0.14176,0.14715,-0.42013,0.44340
27.7350,19,0.05119,-0.05479,-0.48819,0.56503,-0.49840,-0.06797,0.01653,0.02139,0.07315,0.14013,0.14781,-0.41957,0.44235
27.7660,19,0.05119,-0.05479,-0.48910,0.56543,-0.49815,-0.05829,0.01567,0.01809,0.06302,0.13923,0.14822,-0.41932,0.44183
27.7820,19,0.05119,-0.05479,-0.49080,0.56611,-0.49760,-0.07021,0.02231,0.02224,0.07695,0.13753,0.14889,-0.41876,0.44077
27.7970,19,0.05119,-0.05479,-0.49160,0.56650,-0.49706,-0.06613,0.02324,0.02565,0.07464,0.13672,0.14928,-0.41822,0.44000
27.8290,19,0.05119,-0.05479,-0.49316,0.56695,-0.49665,-0.06174,0.02099,0.02240,0.06895,0.13517,0.14974,-0.41782,0.43914
27.8440,19,0.05119,-0.05479,-0.49406,0.56739,-0.49622,-0.06126,0.02297,0.02394,0.06967,0.13427,0.15017,-0.41739,0.43846
27.8600,19,0.05119,-0.05479,-0.49563,0.56821,-0.49538,-0.07054,0.03003,0.03120,0.08277,0.13270,0.15099,-0.41654,0.43717
27.8910,19,0.05119,-0.05479,-0.49703,0.56847,-0.49483,-0.06419,0.02463,0.02780,0.07416,0.13130,0.15125,-0.41600,0.43623
27.9070,19,0.05119,-0.05479,-0.49787,0.56897,-0.49438,-0.06131,0.02635,0.02791,0.07234,0.13046,0.15176,-0.41555,0.43554
27.9220,19,0.05119,-0.05479,-0.49889,0.56900,-0.49368,-0.06297,0.02028,0.03263,0.07377,0.12944,0.15179,-0.41484,0.43457
27.9540,19,0.05119,-0.05479,-0.50036,0.56965,-0.49288,-0.05872,0.02023,0.03072,0.06929,0.12797,0.15243,-0.41404,0.43337
27.9690,19,0.05119,-0.05479,-0.50154,0.56996,-0.49227,-0.06365,0.02041,0.03316,0.07461,0.12679,0.15274,-0.41344,0.43244
27.9850,19,0.05119,-0.05479,-0.50246,0.57041,-0.49155,-0.06207,0.02229,0.03619,0.07523,0.12587,0.15319,-0.41271,0.43148
28.0160,19,0.05119,-0.05479,-0.50375,0.57015,-0.49084,-0.05698,0.01469,0.03285,0.06739,0.12458,0.15294,-0.41200,0.43043
28.0320,19,0.05119,-0.05479,-0.50432,0.57002,-0.49033,-0.05164,0.00890,0.03260,0.06172,0.12401,0.15280,-0.41150,0.42977
28.0470,19,0.05119,-0.05479,-0.50589,0.57015,-0.48933,-0.06490,0.00885,0.04114,0.07735,0.12244,0.15294,-0.41049,0.42836
28.0790,19,0.05119,-0.05479,-0.50676,0.57003,-0.48860,-0.05547,0.00567,0.03650,0.06664,0.12157,0.15281,-0.40977,0.42742
28.0940,19,0.05119,-0.05479,-0.50805,0.57010,-0.48766,-0.06312,0.00542,0.04315,0.07665,0.12028,0.15288,-0.40882,0.42615
28.1250,19,0.05119,-0.05479,-0.50873,0.56992,-0.48713,-0.05789,0.00131,0.04053,0.07068,0.11960,0.15270,-0.40830,0.42546
28.1410,19,0.05119,-0.05479,-0.50971,0.56957,-0.48618,-0.05138,-0.00184,0.03808,0.06398,0.11862,0.15236,-0.40735,0.42427
28.1570,0,0.00000,0.00000,-0.51059,0.56944,-0.48549,-0.05220,-0.00334,0.03937,0.06547,0.11774,0.15223,-0.40666,0.42336
28.1880,0,0.00000,0.00000,-0.51160,0.56957,-0.48440,-0.04731,-0.00151,0.03831,0.06089,0.11673,0.15235,-0.40557,0.42203
28.2040,0,0.00000,0.00000,-0.51243,0.56924,-0.48390,-0.04840,-0.00632,0.03662,0.06102,0.11590,0.15202,-0.40506,0.42132
28.2190,0,0.00000,0.00000,-0.51352,0.56922,-0.48300,-0.05449,-0.00500,0.04243,0.06924,0.11481,0.15201,-0.40417,0.42016
28.2500,0,0.00000,0.00000,-0.51417,0.56919,-0.48247,-0.04615,-0.00398,0.03611,0.05873,0.11416,0.15198,-0.40363,0.41947
28.2660,0,0.00000,0.00000,-0.51503,0.56879,-0.48146,-0.04797,-0.00920,0.04285,0.06498,0.11330,0.15158,-0.40262,0.41826
28.2820,0,0.00000,0.00000,-0.51560,0.56870,-0.48094,-0.04493,-0.00834,0.04028,0.06091,0.11273,0.15149,-0.40210,0.41761
28.3130,0,0.00000,0.00000,-0.51670,0.56892,-0.48015,-0.04255,-0.00446,0.03655,0.05627,0.11163,0.15171,-0.40132,0.41655
28.3290,0,0.00000,0.00000,-0.51651,0.56788,-0.47961,-0.02900,-0.01962,0.03594,0.05017,0.11182,0.15067,-0.40077,0.41608
28.3440,0,0.00000,0.00000,-0.51698,0.56775,-0.47922,-0.02955,-0.01692,0.03344,0.04773,0.11135,0.15054,-0.40038,0.41558
28.3750,0,0.00000,0.00000,-0.51780,0.56786,-0.47864,-0.02881,-0.01183,0.02970,0.04304,0.11052,0.15064,-0.39981,0.41481
28.3910,0,0.00000,0.00000,-0.51786,0.56747,-0.47835,-0.02243,-0.01490,0.02688,0.03804,0.11047,0.15026,-0.39952,0.41451
28.4070,0,0.00000,0.00000,-0.51790,0.56696,-0.47792,-0.01743,-0.01914,0.02680,0.03726,0.11043,0.14975,-0.39909,0.41409
28.4380,0,0.00000,0.00000,-0.51801,0.56679,-0.47769,-0.01398,-0.01569,0.02198,0.03041,0.11032,0.14958,-0.39886,0.41383
28.4540,0,0.00000,0.00000,-0.51814,0.56645,-0.47742,-0.01250,-0.01714,0.02073,0.02966,0.11019,0.14924,-0.39859,0.41354
28.4690,0,0.00000,0.00000,-0.51816,0.56627,-0.47721,-0.00977,-0.01581,0.01896,0.02655,0.11017,0.14906,-0.39838,0.41333
28.5000,0,0.00000,0.00000,-0.51799,0.56602,-0.47727,-0.00598,-0.01391,0.01378,0.02047,0.11033,0.14881,-0.39844,0.41343
28.5160,0,0.00000,0.00000,-0.51789,0.56575,-0.47715,-0.00293,-0.01470,0.01226,0.01936,0.11043,0.14853,-0.39831,0.41334
28.5320,0,0.00000,0.00000,-0.51764,0.56515,-0.47707,0.00180,-0.02032,0.01036,0.02288,0.11069,0.14794,-0.39824,0.41333
28.5630,0,0.00000,0.00000,-0.51724,0.56482,-0.47704,0.00453,-0.01795,0.00805,0.02019,0.11108,0.14760,-0.39820,0.41341
28.5790,0,0.00000,0.00000,-0.51686,0.56446,-0.47721,0.00944,-0.01894,0.00338,0.02143,0.11147,0.14725,-0.39837,0.41367
28.5940,0,0.00000,0.00000,-0.51651,0.56437,-0.47715,0.01289,-0.01577,0.00346,0.02066,0.11182,0.14716,-0.39832,0.41372
28.6250,0,0.00000,0.00000,-0.51593,0.56395,-0.47732,0.01433,-0.01526,0.00123,0.02097,0.11240,0.14673,-0.39849,0.41403
28.6410,0,0.00000,0.00000,-0.51548,0.56333,-0.47762,0.01784,-0.02104,-0.00375,0.02784,0.11285,0.14612,-0.39879,0.41445
28.6570,20,0.01923,0.06798,-0.51467,0.56250,-0.47795,0.02600,-0.02879,-0.00802,0.03962,0.11366,0.14528,-0.39912,0.41499
28.6880,20,0.01923,0.06798,-0.51460,0.56253,-0.47810,0.02006,-0.02133,-0.00724,0.03016,0.11373,0.14532,-0.39927,0.41515
28.7040,20,0.01923,0.06798,-0.51338,0.56155,-0.47868,0.03412,-0.03126,-0.01441,0.04847,0.11495,0.14434,-0.39984,0.41604
28.7350,20,0.01923,0.06798,-0.51247,0.56089,-0.47906,0.03289,-0.02878,-0.01392,0.04586,0.11585,0.14368,-0.40023,0.41666
28.7500,20,0.01923,0.06798,-0.51183,0.56024,-0.47937,0.03543,-0.03252,-0.01552,0.05053,0.11650,0.14302,-0.40054,0.41713
28.7660,20,0.01923,0.06798,-0.51140,0.55999,-0.47970,0.03326,-0.02818,-0.01677,0.04671,0.11693,0.14278,-0.40086,0.41757
28.7970,20,0.01923,0.06798,-0.51032,0.55919,-0.47991,0.03364,-0.02760,-0.01430,0.04580,0.11801,0.14198,-0.40108,0.41808
28.8130,20,0.01923,0.06798,-0.50938,0.55823,-0.48059,0.03987,-0.03575,-0.02133,0.05764,0.11894,0.14102,-0.40176,0.41899
28.8290,20,0.01923,0.06798,-0.50897,0.55791,-0.48092,0.03639,-0.03189,-0.02123,0.05284,0.11936,0.14069,-0.40209,0.41943
28.8600,20,0.01923,0.06798,-0.50759,0.55670,-0.48138,0.03841,-0.03365,-0.01959,0.05469,0.12074,0.13948,-0.40255,0.42026
28.9540,20,0.01923,0.06798,-0.50671,0.55559,-0.48159,0.04349,-0.04368,-0.01819,0.06427,0.12162,0.13838,-0.40276,0.42072
28.9690,20,0.01923,0.06798,-0.50128,0.52953,-0.48265,0.04707,-0.10207,-0.01647,0.11360,0.12705,0.11232,-0.40382,0.42334
28.9850,20,0.01923,0.06798,-0.50034,0.52059,-0.48255,0.04993,-0.21627,-0.01079,0.22222,0.12799,0.10337,-0.40372,0.42352
29.0160,20,0.01923,0.06798,-0.49874,0.50328,-0.48278,0.05038,-0.30183,-0.00995,0.30616,0.12959,0.08606,-0.40395,0.42423
29.0320,20,0.01923,0.06798,-0.49835,0.49025,-0.48249,0.04383,-0.42997,-0.00291,0.43221,0.12998,0.07303,-0.40366,0.42407
29.0630,20,0.01923,0.06798,-0.49710,0.46620,-0.48252,0.04299,-0.51641,-0.00240,0.51820,0.13123,0.04898,-0.40369,0.42448
29.0790,20,0.01923,0.06798,-0.49595,0.44764,-0.48247,0.05009,-0.67725,-0.00103,0.67910,0.13237,0.03043,-0.40364,0.42479
29.0940,20,0.01923,0.06798,-0.49412,0.41558,-0.48245,0.05009,-0.67725,-0.00103,0.67910,0.13420,-0.00163,-0.40362,0.42535
29.1250,20,0.01923,0.06798,-0.49325,0.39208,-0.48224,0.04459,-0.69750,0.00096,0.69892,0.13507,-0.02513,-0.40341,0.42542
29.1410,20,0.01923,0.06798,-0.49200,0.35273,-0.48193,0.04459,-0.69750,0.00096,0.69892,0.13632,-0.06448,-0.40310,0.42553
29.1570,20,0.01923,0.06798,-0.49141,0.32395,-0.48203,0.04271,-0.97276,-0.00077,0.97370,0.13692,-0.09326,-0.40320,0.42581
29.1880,20,0.01923,0.06798,-0.48973,0.27537,-0.48122,0.04559,-1.12136,0.00596,1.12230,0.13860,-0.14184,-0.40238,0.42559
29.2040,20,0.01923,0.06798,-0.48818,0.22243,-0.48194,0.04559,-1.12136,0.00596,1.12230,0.14015,-0.19479,-0.40311,0.42677
29.2190,20,0.01923,0.06798,-0.48549,0.18260,-0.48125,0.04559,-1.12136,0.00596,1.12230,0.14284,-0.23462,-0.40242,0.42702
29.2500,20,0.01923,0.06798,-0.48389,0.16648,-0.48145,0.04711,-0.97100,0.00290,0.97214,0.14444,-0.25074,-0.40261,0.42774
29.2970,20,0.01923,0.06798,-0.48389,0.16648,-0.48145,0.03534,-0.72825,0.00218,0.72911,0.14444,-0.25074,-0.40261,0.42774
29.3600,20,0.01923,0.06798,-0.48389,0.16648,-0.48145,0.02650,-0.54619,0.00163,0.54683,0.14444,-0.25074,-0.40261,0.42774
29.3750,20,0.01923,0.06798,-0.48389,0.16648,-0.48145,0.01988,-0.40964,0.00122,0.41012,0.14444,-0.25074,-0.40261,0.42774
29.4070,20,0.01923,0.06798,-0.48389,0.16648,-0.48145,0.01491,-0.30723,0.00092,0.30759,0.14444,-0.25074,-0.40261,0.42774
29.4220,20,0.01923,0.06798,-0.48389,0.16648,-0.48145,0.01118,-0.23042,0.00069,0.23069,0.14444,-0.25074,-0.40261,0.42774
29.4380,20,0.01923,0.06798,-0.48389,0.16648,-0.48145,0.00839,-0.17282,0.00052,0.17302,0.14444,-0.25074,-0.40261,0.42774
29.4690,20,0.01923,0.06798,-0.48389,0.16648,-0.48145,0.00629,-0.12961,0.00039,0.12977,0.14444,-0.25074,-0.40261,0.42774
29.4850,20,0.01923,0.06798,-0.48389,0.16648,-0.48145,0.00472,-0.09721,0.00029,0.09732,0.14444,-0.25074,-0.40261,0.42774
29.5000,20,0.01923,0.06798,-0.48389,0.16648,-0.48145,0.00354,-0.07291,0.00022,0.07299,0.14444,-0.25074,-0.40261,0.42774
29.5320,20,0.01923,0.06798,-0.48389,0.16648,-0.48145,0.00265,-0.05468,0.00016,0.05474,0.14444,-0.25074,-0.40261,0.42774
29.5470,20,0.01923,0.06798,-0.48389,0.16648,-0.48145,0.00199,-0.04101,0.00012,0.04106,0.14444,-0.25074,-0.40261,0.42774
29.5790,20,0.01923,0.06798,-0.48389,0.16648,-0.48145,0.00149,-0.03076,0.00009,0.03079,0.14444,-0.25074,-0.40261,0.42774
29.5940,20,0.01923,0.06798,-0.48389,0.16648,-0.48145,0.00112,-0.02307,0.00007,0.02310,0.14444,-0.25074,-0.40261,0.42774
29.6100,20,0.01923,0.06798,-0.48389,0.16648,-0.48145,0.00084,-0.01730,0.00005,0.01732,0.14444,-0.25074,-0.40261,0.42774
29.6410,20,0.01923,0.06798,-0.48389,0.16648,-0.48145,0.00063,-0.01298,0.00004,0.01299,0.14444,-0.25074,-0.40261,0.42774
29.6570,0,0.00000,0.00000,-0.48389,0.16648,-0.48145,0.00047,-0.00973,0.00003,0.00974,0.14444,-0.25074,-0.40261,0.42774
29.6720,0,0.00000,0.00000,-0.48389,0.16648,-0.48145,0.00035,-0.00730,0.00002,0.00731,0.14444,-0.25074,-0.40261,0.42774
29.7040,0,0.00000,0.00000,-0.48389,0.16648,-0.48145,0.00027,-0.00547,0.00002,0.00548,0.14444,-0.25074,-0.40261,0.42774
29.7190,0,0.00000,0.00000,-0.48389,0.16648,-0.48145,0.00020,-0.00411,0.00001,0.00411,0.14444,-0.25074,-0.40261,0.42774
29.7350,0,0.00000,0.00000,-0.48389,0.16648,-0.48145,0.00015,-0.00308,0.00001,0.00308,0.14444,-0.25074,-0.40261,0.42774
29.7660,0,0.00000,0.00000,-0.48389,0.16648,-0.48145,0.00011,-0.00231,0.00001,0.00231,0.14444,-0.25074,-0.40261,0.42774
29.7820,0,0.00000,0.00000,-0.48389,0.16648,-0.48145,0.00008,-0.00173,0.00001,0.00173,0.14444,-0.25074,-0.40261,0.42774
29.7970,0,0.00000,0.00000,-0.48389,0.16648,-0.48145,0.00006,-0.00130,0.00000,0.00130,0.14444,-0.25074,-0.40261,0.42774
29.8290,0,0.00000,0.00000,-0.48389,0.16648,-0.48145,0.00005,-0.00097,0.00000,0.00098,0.14444,-0.25074,-0.40261,0.42774
29.8440,0,0.00000,0.00000,-0.48389,0.16648,-0.48145,0.00004,-0.00073,0.00000,0.00073,0.14444,-0.25074,-0.40261,0.42774
29.8600,0,0.00000,0.00000,-0.48389,0.16648,-0.48145,0.00003,-0.00055,0.00000,0.00055,0.14444,-0.25074,-0.40261,0.42774
29.8910,0,0.00000,0.00000,-0.48389,0.16648,-0.48145,0.00002,-0.00041,0.00000,0.00041,0.14444,-0.25074,-0.40261,0.42774
29.9070,0,0.00000,0.00000,-0.48389,0.16648,-0.48145,0.00001,-0.00031,0.00000,0.00031,0.14444,-0.25074,-0.40261,0.42774
29.9380,0,0.00000,0.00000,-0.48389,0.16648,-0.48145,0.00001,-0.00023,0.00000,0.00023,0.14444,-0.25074,-0.40261,0.42774
29.9540,0,0.00000,0.00000,-0.48389,0.16648,-0.48145,0.00001,-0.00017,0.00000,0.00017,0.14444,-0.25074,-0.40261,0.42774
29.9690,0,0.00000,0.00000,-0.48389,0.16648,-0.48145,0.00001,-0.00013,0.00000,0.00013,0.14444,-0.25074,-0.40261,0.42774
30.0000,0,0.00000,0.00000,-0.48389,0.16648,-0.48145,0.00000,-0.00010,0.00000,0.00010,0.14444,-0.25074,-0.40261,0.42774
30.0160,0,0.00000,0.00000,-0.48389,0.16648,-0.48145,0.00000,-0.00007,0.00000,0.00007,0.14444,-0.25074,-0.40261,0.42774
30.0320,0,0.00000,0.00000,-0.48389,0.16648,-0.48145,0.00000,-0.00005,0.00000,0.00005,0.14444,-0.25074,-0.40261,0.42774
30.0630,0,0.00000,0.00000,-0.48389,0.16648,-0.48145,0.00000,-0.00004,0.00000,0.00004,0.14444,-0.25074,-0.40261,0.42774
30.0790,0,0.00000,0.00000,-0.48389,0.16648,-0.48145,0.00000,-0.00003,0.00000,0.00003,0.14444,-0.25074,-0.40261,0.42774
30.0940,0,0.00000,0.00000,-0.48389,0.16648,-0.48145,0.00000,-0.00002,0.00000,0.00002,0.14444,-0.25074,-0.40261,0.42774
30.1250,0,0.00000,0.00000,-0.48389,0.16648,-0.48145,0.00000,-0.00002,0.00000,0.00002,0.14444,-0.25074,-0.40261,0.42774
30.1410,0,0.00000,0.00000,-0.48389,0.16648,-0.48145,0.00000,-0.00001,0.00000,0.00001,0.14444,-0.25074,-0.40261,0.42774
30.1570,21,-0.02192,-0.05215,-0.48389,0.16648,-0.48145,0.00000,-0.00001,0.00000,0.00001,0.14444,-0.25074,-0.40261,0.42774
30.1880,21,-0.02192,-0.05215,-0.48389,0.16648,-0.48145,0.00000,-0.00001,0.00000,0.00001,0.14444,-0.25074,-0.40261,0.42774
30.2040,21,-0.02192,-0.05215,-0.48389,0.16648,-0.48145,0.00000,-0.00001,0.00000,0.00001,0.14444,-0.25074,-0.40261,0.42774
30.2190,21,-0.02192,-0.05215,-0.48389,0.16648,-0.48145,0.00000,-0.00000,0.00000,0.00000,0.14444,-0.25074,-0.40261,0.42774
30.2500,21,-0.02192,-0.05215,-0.48389,0.16648,-0.48145,0.00000,-0.00000,0.00000,0.00000,0.14444,-0.25074,-0.40261,0.42774
30.2660,21,-0.02192,-0.05215,-0.48389,0.16648,-0.48145,0.00000,-0.00000,0.00000,0.00000,0.14444,-0.25074,-0.40261,0.42774
30.2820,21,-0.02192,-0.05215,-0.48389,0.16648,-0.48145,0.00000,-0.00000,0.00000,0.00000,0.14444,-0.25074,-0.40261,0.42774
30.3130,21,-0.02192,-0.05215,-0.48389,0.16648,-0.48145,0.00000,-0.00000,0.00000,0.00000,0.14444,-0.25074,-0.40261,0.42774
30.3290,21,-0.02192,-0.05215,-0.48389,0.16648,-0.48145,0.00000,-0.00000,0.00000,0.00000,0.14444,-0.25074,-0.40261,0.42774
30.3440,21,-0.02192,-0.05215,-0.48389,0.16648,-0.48145,0.00000,-0.00000,0.00000,0.00000,0.14444,-0.25074,-0.40261,0.42774
30.3750,21,-0.02192,-0.05215,-0.48389,0.16648,-0.48145,0.00000,-0.00000,0.00000,0.00000,0.14444,-0.25074,-0.40261,0.42774
30.3910,21,-0.02192,-0.05215,-0.48389,0.16648,-0.48145,0.00000,-0.00000,0.00000,0.00000,0.14444,-0.25074,-0.40261,0.42774
30.4070,21,-0.02192,-0.05215,-0.48389,0.16648,-0.48145,0.00000,-0.00000,0.00000,0.00000,0.14444,-0.25074,-0.40261,0.42774
30.4380,21,-0.02192,-0.05215,-0.48389,0.16648,-0.48145,0.00000,-0.00000,0.00000,0.00000,0.14444,-0.25074,-0.40261,0.42774
30.4540,21,-0.02192,-0.05215,-0.48389,0.16648,-0.48145,0.00000,-0.00000,0.00000,0.00000,0.14444,-0.25074,-0.40261,0.42774
30.4850,21,-0.02192,-0.05215,-0.48389,0.16648,-0.48145,0.00000,-0.00000,0.00000,0.00000,0.14444,-0.25074,-0.40261,0.42774
30.5000,21,-0.02192,-0.05215,-0.48389,0.16648,-0.48145,0.00000,-0.00000,0.00000,0.00000,0.14444,-0.25074,-0.40261,0.42774
30.5160,21,-0.02192,-0.05215,-0.48389,0.16648,-0.48145,0.00000,-0.00000,0.00000,0.00000,0.14444,-0.25074,-0.40261,0.42774
30.5470,21,-0.02192,-0.05215,-0.48389,0.16648,-0.48145,0.00000,-0.00000,0.00000,0.00000,0.14444,-0.25074,-0.40261,0.42774
30.5630,21,-0.02192,-0.05215,-0.48389,0.16648,-0.48145,0.00000,-0.00000,0.00000,0.00000,0.14444,-0.25074,-0.40261,0.42774
30.5790,21,-0.02192,-0.05215,-0.48389,0.16648,-0.48145,0.00000,-0.00000,0.00000,0.00000,0.14444,-0.25074,-0.40261,0.42774
30.6100,21,-0.02192,-0.05215,-0.48389,0.16648,-0.48145,0.00000,-0.00000,0.00000,0.00000,0.14444,-0.25074,-0.40261,0.42774
30.6250,21,-0.02192,-0.05215,-0.48389,0.16648,-0.48145,0.00000,-0.00000,0.00000,0.00000,0.14444,-0.25074,-0.40261,0.42774
30.6410,21,-0.02192,-0.05215,-0.48389,0.16648,-0.48145,0.00000,-0.00000,0.00000,0.00000,0.14444,-0.25074,-0.40261,0.42774
30.6720,21,-0.02192,-0.05215,-0.48389,0.16648,-0.48145,0.00000,-0.00000,0.00000,0.00000,0.14444,-0.25074,-0.40261,0.42774
30.6880,21,-0.02192,-0.05215,-0.48389,0.16648,-0.48145,0.00000,-0.00000,0.00000,0.00000,0.14444,-0.25074,-0.40261,0.42774
30.7040,21,-0.02192,-0.05215,-0.48389,0.16648,-0.48145,0.00000,-0.00000,0.00000,0.00000,0.14444,-0.25074,-0.40261,0.42774
30.7350,21,-0.02192,-0.05215,-0.48389,0.16648,-0.48145,0.00000,-0.00000,0.00000,0.00000,0.14444,-0.25074,-0.40261,0.42774
30.7500,21,-0.02192,-0.05215,-0.48389,0.16648,-0.48145,0.00000,-0.00000,0.00000,0.00000,0.14444,-0.25074,-0.40261,0.42774
30.7660,21,-0.02192,-0.05215,-0.48389,0.16648,-0.48145,0.00000,-0.00000,0.00000,0.00000,0.14444,-0.25074,-0.40261,0.42774
30.7970,21,-0.02192,-0.05215,-0.48389,0.16648,-0.48145,0.00000,-0.00000,0.00000,0.00000,0.14444,-0.25074,-0.40261,0.42774
30.8130,21,-0.02192,-0.05215,-0.48389,0.16648,-0.48145,0.00000,-0.00000,0.00000,0.00000,0.14444,-0.25074,-0.40261,0.42774
30.8290,21,-0.02192,-0.05215,-0.48389,0.16648,-0.48145,0.00000,-0.00000,0.00000,0.00000,0.14444,-0.25074,-0.40261,0.42774
30.8600,21,-0.02192,-0.05215,-0.48389,0.16648,-0.48145,0.00000,-0.00000,0.00000,0.00000,0.14444,-0.25074,-0.40261,0.42774
30.8750,21,-0.02192,-0.05215,-0.48389,0.16648,-0.48145,0.00000,-0.00000,0.00000,0.00000,0.14444,-0.25074,-0.40261,0.42774
30.8910,21,-0.02192,-0.05215,-0.48389,0.16648,-0.48145,0.00000,-0.00000,0.00000,0.00000,0.14444,-0.25074,-0.40261,0.42774
30.9220,21,-0.02192,-0.05215,-0.48389,0.16648,-0.48145,0.00000,-0.00000,0.00000,0.00000,0.14444,-0.25074,-0.40261,0.42774
30.9380,21,-0.02192,-0.05215,-0.48389,0.16648,-0.48145,0.00000,-0.00000,0.00000,0.00000,0.14444,-0.25074,-0.40261,0.42774
30.9540,21,-0.02192,-0.05215,-0.48389,0.16648,-0.48145,0.00000,-0.00000,0.00000,0.00000,0.14444,-0.25074,-0.40261,0.42774
30.9850,21,-0.02192,-0.05215,-0.48389,0.16648,-0.48145,0.00000,-0.00000,0.00000,0.00000,0.14444,-0.25074,-0.40261,0.42774
31.0000,21,-0.02192,-0.05215,-0.48389,0.16648,-0.48145,0.00000,-0.00000,0.00000,0.00000,0.14444,-0.25074,-0.40261,0.42774
31.0160,21,-0.02192,-0.05215,-0.48389,0.16648,-0.48145,0.00000,-0.00000,0.00000,0.00000,0.14444,-0.25074,-0.40261,0.42774
31.0470,21,-0.02192,-0.05215,-0.48389,0.16648,-0.48145,0.00000,-0.00000,0.00000,0.00000,0.14444,-0.25074,-0.40261,0.42774
31.0630,21,-0.02192,-0.05215,-0.48389,0.16648,-0.48145,0.00000,-0.00000,0.00000,0.00000,0.14444,-0.25074,-0.40261,0.42774
31.0790,21,-0.02192,-0.05215,-0.48389,0.16648,-0.48145,0.00000,-0.00000,0.00000,0.00000,0.14444,-0.25074,-0.40261,0.42774
31.1100,21,-0.02192,-0.05215,-0.48389,0.16648,-0.48145,0.00000,-0.00000,0.00000,0.00000,0.14444,-0.25074,-0.40261,0.42774
31.1250,21,-0.02192,-0.05215,-0.48389,0.16648,-0.48145,0.00000,-0.00000,0.00000,0.00000,0.14444,-0.25074,-0.40261,0.42774
31.1410,21,-0.02192,-0.05215,-0.48389,0.16648,-0.48145,0.00000,-0.00000,0.00000,0.00000,0.14444,-0.25074,-0.40261,0.42774
31.1720,0,0.00000,0.00000,-0.48389,0.16648,-0.48145,0.00000,-0.00000,0.00000,0.00000,0.14444,-0.25074,-0.40261,0.42774
31.1880,0,0.00000,0.00000,-0.48389,0.16648,-0.48145,0.00000,-0.00000,0.00000,0.00000,0.14444,-0.25074,-0.40261,0.42774
31.2190,0,0.00000,0.00000,-0.48389,0.16648,-0.48145,0.00000,-0.00000,0.00000,0.00000,0.14444,-0.25074,-0.40261,0.42774
31.2350,0,0.00000,0.00000,-0.48389,0.16648,-0.48145,0.00000,-0.00000,0.00000,0.00000,0.14444,-0.25074,-0.40261,0.42774
31.2500,0,0.00000,0.00000,-0.48389,0.16648,-0.48145,0.00000,-0.00000,0.00000,0.00000,0.14444,-0.25074,-0.40261,0.42774
31.2820,0,0.00000,0.00000,-0.48389,0.16648,-0.48145,0.00000,-0.00000,0.00000,0.00000,0.14444,-0.25074,-0.40261,0.42774
31.2970,0,0.00000,0.00000,-0.48389,0.16648,-0.48145,0.00000,-0.00000,0.00000,0.00000,0.14444,-0.25074,-0.40261,0.42774
31.3130,0,0.00000,0.00000,-0.48389,0.16648,-0.48145,0.00000,-0.00000,0.00000,0.00000,0.14444,-0.25074,-0.40261,0.42774
31.3440,0,0.00000,0.00000,-0.48389,0.16648,-0.48145,0.00000,-0.00000,0.00000,0.00000,0.14444,-0.25074,-0.40261,0.42774
31.3600,0,0.00000,0.00000,-0.48389,0.16648,-0.48145,0.00000,-0.00000,0.00000,0.00000,0.14444,-0.25074,-0.40261,0.42774
31.3750,0,0.00000,0.00000,-0.48389,0.16648,-0.48145,0.00000,-0.00000,0.00000,0.00000,0.14444,-0.25074,-0.40261,0.42774
31.4070,0,0.00000,0.00000,-0.48389,0.16648,-0.48145,0.00000,-0.00000,0.00000,0.00000,0.14444,-0.25074,-0.40261,0.42774
31.4220,0,0.00000,0.00000,-0.48389,0.16648,-0.48145,0.00000,-0.00000,0.00000,0.00000,0.14444,-0.25074,-0.40261,0.42774
31.4380,0,0.00000,0.00000,-0.48389,0.16648,-0.48145,0.00000,-0.00000,0.00000,0.00000,0.14444,-0.25074,-0.40261,0.42774
31.4690,0,0.00000,0.00000,-0.48389,0.16648,-0.48145,0.00000,-0.00000,0.00000,0.00000,0.14444,-0.25074,-0.40261,0.42774
31.4850,0,0.00000,0.00000,-0.48389,0.16648,-0.48145,0.00000,-0.00000,0.00000,0.00000,0.14444,-0.25074,-0.40261,0.42774
31.5000,0,0.00000,0.00000,-0.48389,0.16648,-0.48145,0.00000,-0.00000,0.00000,0.00000,0.14444,-0.25074,-0.40261,0.42774
31.5320,0,0.00000,0.00000,-0.48389,0.16648,-0.48145,0.00000,-0.00000,0.00000,0.00000,0.14444,-0.25074,-0.40261,0.42774
31.5470,0,0.00000,0.00000,-0.48389,0.16648,-0.48145,0.00000,-0.00000,0.00000,0.00000,0.14444,-0.25074,-0.40261,0.42774
31.5630,0,0.00000,0.00000,-0.48389,0.16648,-0.48145,0.00000,-0.00000,0.00000,0.00000,0.14444,-0.25074,-0.40261,0.42774
31.5940,0,0.00000,0.00000,-0.48389,0.16648,-0.48145,0.00000,-0.00000,0.00000,0.00000,0.14444,-0.25074,-0.40261,0.42774
31.6100,0,0.00000,0.00000,-0.48389,0.16648,-0.48145,0.00000,-0.00000,0.00000,0.00000,0.14444,-0.25074,-0.40261,0.42774
31.6250,0,0.00000,0.00000,-0.48389,0.16648,-0.48145,0.00000,-0.00000,0.00000,0.00000,0.14444,-0.25074,-0.40261,0.42774
31.6570,0,0.00000,0.00000,-0.48389,0.16648,-0.48145,0.00000,-0.00000,0.00000,0.00000,0.14444,-0.25074,-0.40261,0.42774
31.6720,22,0.02360,0.05641,-0.48389,0.16648,-0.48145,0.00000,-0.00000,0.00000,0.00000,0.14444,-0.25074,-0.40261,0.42774
31.6880,22,0.02360,0.05641,-0.48389,0.16648,-0.48145,0.00000,-0.00000,0.00000,0.00000,0.14444,-0.25074,-0.40261,0.42774
31.7190,22,0.02360,0.05641,-0.48389,0.16648,-0.48145,0.00000,-0.00000,0.00000,0.00000,0.14444,-0.25074,-0.40261,0.42774
31.7350,22,0.02360,0.05641,-0.48389,0.16648,-0.48145,0.00000,-0.00000,0.00000,0.00000,0.14444,-0.25074,-0.40261,0.42774
31.7500,22,0.02360,0.05641,-0.48389,0.16648,-0.48145,0.00000,-0.00000,0.00000,0.00000,0.14444,-0.25074,-0.40261,0.42774
31.7820,22,0.02360,0.05641,-0.48389,0.16648,-0.48145,0.00000,-0.00000,0.00000,0.00000,0.14444,-0.25074,-0.40261,0.42774
31.7970,22,0.02360,0.05641,-0.48389,0.16648,-0.48145,0.00000,-0.00000,0.00000,0.00000,0.14444,-0.25074,-0.40261,0.42774
31.8290,22,0.02360,0.05641,-0.48389,0.16648,-0.48145,0.00000,-0.00000,0.00000,0.00000,0.14444,-0.25074,-0.40261,0.42774
31.8440,22,0.02360,0.05641,-0.48389,0.16648,-0.48145,0.00000,-0.00000,0.00000,0.00000,0.14444,-0.25074,-0.40261,0.42774
31.8600,22,0.02360,0.05641,-0.48389,0.16648,-0.48145,0.00000,-0.00000,0.00000,0.00000,0.14444,-0.25074,-0.40261,0.42774
31.8910,22,0.02360,0.05641,-0.48389,0.16648,-0.48145,0.00000,-0.00000,0.00000,0.00000,0.14444,-0.25074,-0.40261,0.42774
31.9070,22,0.02360,0.05641,-0.48389,0.16648,-0.48145,0.00000,-0.00000,0.00000,0.00000,0.14444,-0.25074,-0.40261,0.42774
31.9220,22,0.02360,0.05641,-0.48389,0.16648,-0.48145,0.00000,-0.00000,0.00000,0.00000,0.14444,-0.25074,-0.40261,0.42774
31.9540,22,0.02360,0.05641,-0.48389,0.16648,-0.48145,0.00000,-0.00000,0.00000,0.00000,0.14444,-0.25074,-0.40261,0.42774
31.9690,22,0.02360,0.05641,-0.48389,0.16648,-0.48145,0.00000,-0.00000,0.00000,0.00000,0.14444,-0.25074,-0.40261,0.42774
31.9850,22,0.02360,0.05641,-0.48389,0.16648,-0.48145,0.00000,-0.00000,0.00000,0.00000,0.14444,-0.25074,-0.40261,0.42774
32.0160,22,0.02360,0.05641,-0.48389,0.16648,-0.48145,0.00000,-0.00000,0.00000,0.00000,0.14444,-0.25074,-0.40261,0.42774
32.0320,22,0.02360,0.05641,-0.48389,0.16648,-0.48145,0.00000,-0.00000,0.00000,0.00000,0.14444,-0.25074,-0.40261,0.42774
32.0470,22,0.02360,0.05641,-0.48389,0.16648,-0.48145,0.00000,-0.00000,0.00000,0.00000,0.14444,-0.25074,-0.40261,0.42774
32.0790,22,0.02360,0.05641,-0.48389,0.16648,-0.48145,0.00000,-0.00000,0.00000,0.00000,0.14444,-0.25074,-0.40261,0.42774
32.0940,22,0.02360,0.05641,-0.48389,0.16648,-0.48145,0.00000,-0.00000,0.00000,0.00000,0.14444,-0.25074,-0.40261,0.42774
32.1100,22,0.02360,0.05641,-0.48389,0.16648,-0.48145,0.00000,-0.00000,0.00000,0.00000,0.14444,-0.25074,-0.40261,0.42774
32.1410,22,0.02360,0.05641,-0.48389,0.16648,-0.48145,0.00000,-0.00000,0.00000,0.00000,0.14444,-0.25074,-0.40261,0.42774
32.1570,22,0.02360,0.05641,-0.48389,0.16648,-0.48145,0.00000,-0.00000,0.00000,0.00000,0.14444,-0.25074,-0.40261,0.42774
32.1720,22,0.02360,0.05641,-0.48389,0.16648,-0.48145,0.00000,-0.00000,0.00000,0.00000,0.14444,-0.25074,-0.40261,0.42774
32.2040,22,0.02360,0.05641,-0.48389,0.16648,-0.48145,0.00000,-0.00000,0.00000,0.00000,0.14444,-0.25074,-0.40261,0.42774
32.2190,22,0.02360,0.05641,-0.48389,0.16648,-0.48145,0.00000,-0.00000,0.00000,0.00000,0.14444,-0.25074,-0.40261,0.42774
32.2350,22,0.02360,0.05641,-0.48389,0.16648,-0.48145,0.00000,-0.00000,0.00000,0.00000,0.14444,-0.25074,-0.40261,0.42774
32.2660,22,0.02360,0.05641,-0.48389,0.16648,-0.48145,0.00000,-0.00000,0.00000,0.00000,0.14444,-0.25074,-0.40261,0.42774
32.2820,22,0.02360,0.05641,-0.48389,0.16648,-0.48145,0.00000,-0.00000,0.00000,0.00000,0.14444,-0.25074,-0.40261,0.42774
32.2970,22,0.02360,0.05641,-0.48389,0.16648,-0.48145,0.00000,-0.00000,0.00000,0.00000,0.14444,-0.25074,-0.40261,0.42774
32.3290,22,0.02360,0.05641,-0.48389,0.16648,-0.48145,0.00000,-0.00000,0.00000,0.00000,0.14444,-0.25074,-0.40261,0.42774
32.3440,22,0.02360,0.05641,-0.48389,0.16648,-0.48145,0.00000,-0.00000,0.00000,0.00000,0.14444,-0.25074,-0.40261,0.42774
32.3600,22,0.02360,0.05641,-0.48389,0.16648,-0.48145,0.00000,-0.00000,0.00000,0.00000,0.14444,-0.25074,-0.40261,0.42774
32.3910,22,0.02360,0.05641,-0.48389,0.16648,-0.48145,0.00000,-0.00000,0.00000,0.00000,0.14444,-0.25074,-0.40261,0.42774
32.4070,22,0.02360,0.05641,-0.48389,0.16648,-0.48145,0.00000,-0.00000,0.00000,0.00000,0.14444,-0.25074,-0.40261,0.42774
32.4220,22,0.02360,0.05641,-0.48389,0.16648,-0.48145,0.00000,-0.00000,0.00000,0.00000,0.14444,-0.25074,-0.40261,0.42774
32.4540,22,0.02360,0.05641,-0.48389,0.16648,-0.48145,0.00000,-0.00000,0.00000,0.00000,0.14444,-0.25074,-0.40261,0.42774
32.4690,22,0.02360,0.05641,-0.48389,0.16648,-0.48145,0.00000,-0.00000,0.00000,0.00000,0.14444,-0.25074,-0.40261,0.42774
32.4850,22,0.02360,0.05641,-0.48389,0.16648,-0.48145,0.00000,-0.00000,0.00000,0.00000,0.14444,-0.25074,-0.40261,0.42774
32.5160,22,0.02360,0.05641,-0.48389,0.16648,-0.48145,0.00000,-0.00000,0.00000,0.00000,0.14444,-0.25074,-0.40261,0.42774
32.5320,22,0.02360,0.05641,-0.48389,0.16648,-0.48145,0.00000,-0.00000,0.00000,0.00000,0.14444,-0.25074,-0.40261,0.42774
32.5470,22,0.02360,0.05641,-0.48389,0.16648,-0.48145,0.00000,-0.00000,0.00000,0.00000,0.14444,-0.25074,-0.40261,0.42774
32.5790,22,0.02360,0.05641,-0.48389,0.16648,-0.48145,0.00000,-0.00000,0.00000,0.00000,0.14444,-0.25074,-0.40261,0.42774
32.5940,22,0.02360,0.05641,-0.48389,0.16648,-0.48145,0.00000,-0.00000,0.00000,0.00000,0.14444,-0.25074,-0.40261,0.42774
32.6250,22,0.02360,0.05641,-0.48389,0.16648,-0.48145,0.00000,-0.00000,0.00000,0.00000,0.14444,-0.25074,-0.40261,0.42774
32.6410,22,0.02360,0.05641,-0.48389,0.16648,-0.48145,0.00000,-0.00000,0.00000,0.00000,0.14444,-0.25074,-0.40261,0.42774
32.6570,22,0.02360,0.05641,-0.48389,0.16648,-0.48145,0.00000,-0.00000,0.00000,0.00000,0.14444,-0.25074,-0.40261,0.42774
32.6720,0,0.00000,0.00000,-0.48389,0.16648,-0.48145,0.00000,-0.00000,0.00000,0.00000,0.14444,-0.25074,-0.40261,0.42774
32.7040,0,0.00000,0.00000,-0.48389,0.16648,-0.48145,0.00000,-0.00000,0.00000,0.00000,0.14444,-0.25074,-0.40261,0.42774
32.7190,0,0.00000,0.00000,-0.48389,0.16648,-0.48145,0.00000,-0.00000,0.00000,0.00000,0.14444,-0.25074,-0.40261,0.42774
32.7350,0,0.00000,0.00000,-0.48389,0.16648,-0.48145,0.00000,-0.00000,0.00000,0.00000,0.14444,-0.25074,-0.40261,0.42774
32.7660,0,0.00000,0.00000,-0.48389,0.16648,-0.48145,0.00000,-0.00000,0.00000,0.00000,0.14444,-0.25074,-0.40261,0.42774
32.7820,0,0.00000,0.00000,-0.48389,0.16648,-0.48145,0.00000,-0.00000,0.00000,0.00000,0.14444,-0.25074,-0.40261,0.42774
32.8130,0,0.00000,0.00000,-0.48389,0.16648,-0.48145,0.00000,-0.00000,0.00000,0.00000,0.14444,-0.25074,-0.40261,0.42774
32.8290,0,0.00000,0.00000,-0.48389,0.16648,-0.48145,0.00000,-0.00000,0.00000,0.00000,0.14444,-0.25074,-0.40261,0.42774
32.8440,0,0.00000,0.00000,-0.48389,0.16648,-0.48145,0.00000,-0.00000,0.00000,0.00000,0.14444,-0.25074,-0.40261,0.42774
32.8750,0,0.00000,0.00000,-0.48389,0.16648,-0.48145,0.00000,-0.00000,0.00000,0.00000,0.14444,-0.25074,-0.40261,0.42774
