time,cf1_x_motive,cf1_y_motive,cf1_z_motive,cf2_x_motive,cf2_y_motive,cf2_z_motive,cf1_vx_motive,cf1_vz_motive,cf2_vx_motive,cf2_vz_motive,cf1_pref_x,cf1_pref_z,cf2_pref_x,cf2_pref_z,cf1_safe_x,cf1_safe_z,cf2_safe_x,cf2_safe_z,cf1_u_x,cf1_u_z,cf2_u_x,cf2_u_z,cf1_cmd_vx,cf1_cmd_vy,cf2_cmd_vx,cf2_cmd_vy,distance,cf1_goal_distance,cf2_goal_distance
0.0,0.15144595503807068,0.28430062532424927,0.24019348621368408,0.17087146639823914,0.26052212715148926,2.354266881942749,0.0,0.0,0.0,0.0,0.00045941383558990265,0.04999788934472803,-0.00045941383558990265,-0.04999788934472803,0.00045941383558990265,0.04999788934472803,-0.00045941383558990265,-0.04999788934472803,0.005250066891816412,0.5713634269904135,-0.005250066891816412,-0.5713634269904135,-0.04999788934472803,-0.00045941383558990265,0.04999788934472803,0.00045941383558990265,2.1141626410995498,2.1141626410995498,2.1141626410995498
0.046999999991385266,0.15144595503807068,0.28430062532424927,0.24019348621368408,0.17087146639823914,0.26052212715148926,2.354266881942749,0.0,0.0,0.0,0.0,0.00045941383558990265,0.04999788934472803,-0.00045941383558990265,-0.04999788934472803,0.00045941383558990265,0.04999788934472803,-0.00045941383558990265,-0.04999788934472803,0.005250066891816412,0.5713634269904135,-0.005250066891816412,-0.5713634269904135,-0.04999788934472803,-0.00045941383558990265,0.04999788934472803,0.00045941383558990265,2.1141626410995498,2.1141626410995498,2.1141626410995498
0.09399999998277053,0.15144595503807068,0.28430062532424927,0.24019348621368408,0.17087146639823914,0.26052212715148926,2.354266881942749,0.0,0.0,0.0,0.0,0.00045941383558990265,0.04999788934472803,-0.00045941383558990265,-0.04999788934472803,0.00045941383558990265,0.04999788934472803,-0.00045941383558990265,-0.04999788934472803,0.005250066891816412,0.5713634269904135,-0.005250066891816412,-0.5713634269904135,-0.04999788934472803,-0.00045941383558990265,0.04999788934472803,0.00045941383558990265,2.1141626410995498,2.1141626410995498,2.1141626410995498
0.15599999998812564,0.15144595503807068,0.28430062532424927,0.24019348621368408,0.17087146639823914,0.26052212715148926,2.354266881942749,0.0,0.0,0.0,0.0,0.00045941383558990265,0.04999788934472803,-0.00045941383558990265,-0.04999788934472803,0.00045941383558990265,0.04999788934472803,-0.00045941383558990265,-0.04999788934472803,0.005250066891816412,0.5713634269904135,-0.005250066891816412,-0.5713634269904135,-0.04999788934472803,-0.00045941383558990265,0.04999788934472803,0.00045941383558990265,2.1141626410995498,2.1141626410995498,2.1141626410995498
0.20300000000861473,0.15144595503807068,0.28430062532424927,0.24019348621368408,0.17087146639823914,0.26052212715148926,2.354266881942749,0.0,0.0,0.0,0.0,0.00045941383558990265,0.04999788934472803,-0.00045941383558990265,-0.04999788934472803,0.00045941383558990265,0.04999788934472803,-0.00045941383558990265,-0.04999788934472803,0.005250066891816412,0.5713634269904135,-0.005250066891816412,-0.5713634269904135,-0.04999788934472803,-0.00045941383558990265,0.04999788934472803,0.00045941383558990265,2.1141626410995498,2.1141626410995498,2.1141626410995498
0.25,0.15144595503807068,0.28430062532424927,0.24019348621368408,0.17087146639823914,0.26052212715148926,2.354266881942749,0.0,0.0,0.0,0.0,0.00045941383558990265,0.04999788934472803,-0.00045941383558990265,-0.04999788934472803,0.00045941383558990265,0.04999788934472803,-0.00045941383558990265,-0.04999788934472803,0.005250066891816412,0.5713634269904135,-0.005250066891816412,-0.5713634269904135,-0.04999788934472803,-0.00045941383558990265,0.04999788934472803,0.00045941383558990265,2.1141626410995498,2.1141626410995498,2.1141626410995498
0.29699999999138527,0.15144595503807068,0.28430062532424927,0.24019348621368408,0.17087146639823914,0.26052212715148926,2.354266881942749,0.0,0.0,0.0,0.0,0.00045941383558990265,0.04999788934472803,-0.00045941383558990265,-0.04999788934472803,0.00045941383558990265,0.04999788934472803,-0.00045941383558990265,-0.04999788934472803,0.005250066891816412,0.5713634269904135,-0.005250066891816412,-0.5713634269904135,-0.04999788934472803,-0.00045941383558990265,0.04999788934472803,0.00045941383558990265,2.1141626410995498,2.1141626410995498,2.1141626410995498
0.35899999999674037,0.15144595503807068,0.28430062532424927,0.24019348621368408,0.17087146639823914,0.26052212715148926,2.354266881942749,0.0,0.0,0.0,0.0,0.00045941383558990265,0.04999788934472803,-0.00045941383558990265,-0.04999788934472803,0.00045941383558990265,0.04999788934472803,-0.00045941383558990265,-0.04999788934472803,0.005250066891816412,0.5713634269904135,-0.005250066891816412,-0.5713634269904135,-0.04999788934472803,-0.00045941383558990265,0.04999788934472803,0.00045941383558990265,2.1141626410995498,2.1141626410995498,2.1141626410995498
0.40599999998812564,0.15144595503807068,0.28430062532424927,0.24019348621368408,0.17087146639823914,0.26052212715148926,2.354266881942749,0.0,0.0,0.0,0.0,0.00045941383558990265,0.04999788934472803,-0.00045941383558990265,-0.04999788934472803,0.00045941383558990265,0.04999788934472803,-0.00045941383558990265,-0.04999788934472803,0.005250066891816412,0.5713634269904135,-0.005250066891816412,-0.5713634269904135,-0.04999788934472803,-0.00045941383558990265,0.04999788934472803,0.00045941383558990265,2.1141626410995498,2.1141626410995498,2.1141626410995498
0.45300000000861473,0.15144595503807068,0.28430062532424927,0.24019348621368408,0.17087146639823914,0.26052212715148926,2.354266881942749,0.0,0.0,0.0,0.0,0.00045941383558990265,0.04999788934472803,-0.00045941383558990265,-0.04999788934472803,0.00045941383558990265,0.04999788934472803,-0.00045941383558990265,-0.04999788934472803,0.005250066891816412,0.5713634269904135,-0.005250066891816412,-0.5713634269904135,-0.04999788934472803,-0.00045941383558990265,0.04999788934472803,0.00045941383558990265,2.1141626410995498,2.1141626410995498,2.1141626410995498
0.5,0.15144595503807068,0.28430062532424927,0.24019348621368408,0.17087146639823914,0.26052212715148926,2.354266881942749,0.0,0.0,0.0,0.0,0.00045941383558990265,0.04999788934472803,-0.00045941383558990265,-0.04999788934472803,0.00045941383558990265,0.04999788934472803,-0.00045941383558990265,-0.04999788934472803,0.005250066891816412,0.5713634269904135,-0.005250066891816412,-0.5713634269904135,-0.04999788934472803,-0.00045941383558990265,0.04999788934472803,0.00045941383558990265,2.1141626410995498,2.1141626410995498,2.1141626410995498
0.5629999999946449,0.15144595503807068,0.28430062532424927,0.24019348621368408,0.17087146639823914,0.26052212715148926,2.354266881942749,0.0,0.0,0.0,0.0,0.00045941383558990265,0.04999788934472803,-0.00045941383558990265,-0.04999788934472803,0.00045941383558990265,0.04999788934472803,-0.00045941383558990265,-0.04999788934472803,0.005250066891816412,0.5713634269904135,-0.005250066891816412,-0.5713634269904135,-0.04999788934472803,-0.00045941383558990265,0.04999788934472803,0.00045941383558990265,2.1141626410995498,2.1141626410995498,2.1141626410995498
0.6089999999967404,0.15144595503807068,0.28430062532424927,0.24019348621368408,0.17087146639823914,0.26052212715148926,2.354266881942749,0.0,0.0,0.0,0.0,0.00045941383558990265,0.04999788934472803,-0.00045941383558990265,-0.04999788934472803,0.00045941383558990265,0.04999788934472803,-0.00045941383558990265,-0.04999788934472803,0.005250066891816412,0.5713634269904135,-0.005250066891816412,-0.5713634269904135,-0.04999788934472803,-0.00045941383558990265,0.04999788934472803,0.00045941383558990265,2.1141626410995498,2.1141626410995498,2.1141626410995498
0.6559999999881256,0.15144595503807068,0.28430062532424927,0.24019348621368408,0.17087146639823914,0.26052212715148926,2.354266881942749,0.0,0.0,0.0,0.0,0.00045941383558990265,0.04999788934472803,-0.00045941383558990265,-0.04999788934472803,0.00045941383558990265,0.04999788934472803,-0.00045941383558990265,-0.04999788934472803,0.005250066891816412,0.5713634269904135,-0.005250066891816412,-0.5713634269904135,-0.04999788934472803,-0.00045941383558990265,0.04999788934472803,0.00045941383558990265,2.1141626410995498,2.1141626410995498,2.1141626410995498
0.7030000000086147,0.15144595503807068,0.28430062532424927,0.24019348621368408,0.17087146639823914,0.26052212715148926,2.354266881942749,0.0,0.0,0.0,0.0,0.00045941383558990265,0.04999788934472803,-0.00045941383558990265,-0.04999788934472803,0.00045941383558990265,0.04999788934472803,-0.00045941383558990265,-0.04999788934472803,0.005250066891816412,0.5713634269904135,-0.005250066891816412,-0.5713634269904135,-0.04999788934472803,-0.00045941383558990265,0.04999788934472803,0.00045941383558990265,2.1141626410995498,2.1141626410995498,2.1141626410995498
0.75,0.15144595503807068,0.28430062532424927,0.24019348621368408,0.17087146639823914,0.26052212715148926,2.354266881942749,0.0,0.0,0.0,0.0,0.00045941383558990265,0.04999788934472803,-0.00045941383558990265,-0.04999788934472803,0.00045941383558990265,0.04999788934472803,-0.00045941383558990265,-0.04999788934472803,0.005250066891816412,0.5713634269904135,-0.005250066891816412,-0.5713634269904135,-0.04999788934472803,-0.00045941383558990265,0.04999788934472803,0.00045941383558990265,2.1141626410995498,2.1141626410995498,2.1141626410995498
0.7969999999913853,0.15144595503807068,0.28430062532424927,0.24019348621368408,0.17087146639823914,0.26052212715148926,2.354266881942749,0.0,0.0,0.0,0.0,0.00045941383558990265,0.04999788934472803,-0.00045941383558990265,-0.04999788934472803,0.00045941383558990265,0.04999788934472803,-0.00045941383558990265,-0.04999788934472803,0.005250066891816412,0.5713634269904135,-0.005250066891816412,-0.5713634269904135,-0.04999788934472803,-0.00045941383558990265,0.04999788934472803,0.00045941383558990265,2.1141626410995498,2.1141626410995498,2.1141626410995498
0.8439999999827705,0.15144595503807068,0.28430062532424927,0.24019348621368408,0.17087146639823914,0.26052212715148926,2.354266881942749,0.0,0.0,0.0,0.0,0.00045941383558990265,0.04999788934472803,-0.00045941383558990265,-0.04999788934472803,0.00045941383558990265,0.04999788934472803,-0.00045941383558990265,-0.04999788934472803,0.005250066891816412,0.5713634269904135,-0.005250066891816412,-0.5713634269904135,-0.04999788934472803,-0.00045941383558990265,0.04999788934472803,0.00045941383558990265,2.1141626410995498,2.1141626410995498,2.1141626410995498
0.8910000000032596,0.15144595503807068,0.28430062532424927,0.24019348621368408,0.17087146639823914,0.26052212715148926,2.354266881942749,0.0,0.0,0.0,0.0,0.00045941383558990265,0.04999788934472803,-0.00045941383558990265,-0.04999788934472803,0.00045941383558990265,0.04999788934472803,-0.00045941383558990265,-0.04999788934472803,0.005250066891816412,0.5713634269904135,-0.005250066891816412,-0.5713634269904135,-0.04999788934472803,-0.00045941383558990265,0.04999788934472803,0.00045941383558990265,2.1141626410995498,2.1141626410995498,2.1141626410995498
0.9530000000086147,0.15144595503807068,0.28430062532424927,0.24019348621368408,0.17087146639823914,0.26052212715148926,2.354266881942749,0.0,0.0,0.0,0.0,0.00045941383558990265,0.04999788934472803,-0.00045941383558990265,-0.04999788934472803,0.00045941383558990265,0.04999788934472803,-0.00045941383558990265,-0.04999788934472803,0.005250066891816412,0.5713634269904135,-0.005250066891816412,-0.5713634269904135,-0.04999788934472803,-0.00045941383558990265,0.04999788934472803,0.00045941383558990265,2.1141626410995498,2.1141626410995498,2.1141626410995498
1.0,0.15144595503807068,0.28430062532424927,0.24019348621368408,0.17087146639823914,0.26052212715148926,2.354266881942749,0.0,0.0,0.0,0.0,0.00045941383558990265,0.04999788934472803,-0.00045941383558990265,-0.04999788934472803,0.00045941383558990265,0.04999788934472803,-0.00045941383558990265,-0.04999788934472803,0.005250066891816412,0.5713634269904135,-0.005250066891816412,-0.5713634269904135,-0.04999788934472803,-0.00045941383558990265,0.04999788934472803,0.00045941383558990265,2.1141626410995498,2.1141626410995498,2.1141626410995498
1.0469999999913853,0.15144595503807068,0.28430062532424927,0.24019348621368408,0.17087146639823914,0.26052212715148926,2.354266881942749,0.0,0.0,0.0,0.0,0.00045941383558990265,0.04999788934472803,-0.00045941383558990265,-0.04999788934472803,0.00045941383558990265,0.04999788934472803,-0.00045941383558990265,-0.04999788934472803,0.005250066891816412,0.5713634269904135,-0.005250066891816412,-0.5713634269904135,-0.04999788934472803,-0.00045941383558990265,0.04999788934472803,0.00045941383558990265,2.1141626410995498,2.1141626410995498,2.1141626410995498
1.1089999999967404,0.15144595503807068,0.28430062532424927,0.24019348621368408,0.17087146639823914,0.26052212715148926,2.354266881942749,0.0,0.0,0.0,0.0,0.00045941383558990265,0.04999788934472803,-0.00045941383558990265,-0.04999788934472803,0.00045941383558990265,0.04999788934472803,-0.00045941383558990265,-0.04999788934472803,0.005250066891816412,0.5713634269904135,-0.005250066891816412,-0.5713634269904135,-0.04999788934472803,-0.00045941383558990265,0.04999788934472803,0.00045941383558990265,2.1141626410995498,2.1141626410995498,2.1141626410995498
1.1559999999881256,0.15144595503807068,0.28430062532424927,0.24019348621368408,0.17087146639823914,0.26052212715148926,2.354266881942749,0.0,0.0,0.0,0.0,0.00045941383558990265,0.04999788934472803,-0.00045941383558990265,-0.04999788934472803,0.00045941383558990265,0.04999788934472803,-0.00045941383558990265,-0.04999788934472803,0.005250066891816412,0.5713634269904135,-0.005250066891816412,-0.5713634269904135,-0.04999788934472803,-0.00045941383558990265,0.04999788934472803,0.00045941383558990265,2.1141626410995498,2.1141626410995498,2.1141626410995498
1.2030000000086147,0.15144595503807068,0.28430062532424927,0.24019348621368408,0.17087146639823914,0.26052212715148926,2.354266881942749,0.0,0.0,0.0,0.0,0.00045941383558990265,0.04999788934472803,-0.00045941383558990265,-0.04999788934472803,0.00045941383558990265,0.04999788934472803,-0.00045941383558990265,-0.04999788934472803,0.005250066891816412,0.5713634269904135,-0.005250066891816412,-0.5713634269904135,-0.04999788934472803,-0.00045941383558990265,0.04999788934472803,0.00045941383558990265,2.1141626410995498,2.1141626410995498,2.1141626410995498
1.25,0.15144595503807068,0.28430062532424927,0.24019348621368408,0.17087146639823914,0.26052212715148926,2.354266881942749,0.0,0.0,0.0,0.0,0.00045941383558990265,0.04999788934472803,-0.00045941383558990265,-0.04999788934472803,0.00045941383558990265,0.04999788934472803,-0.00045941383558990265,-0.04999788934472803,0.005250066891816412,0.5713634269904135,-0.005250066891816412,-0.5713634269904135,-0.04999788934472803,-0.00045941383558990265,0.04999788934472803,0.00045941383558990265,2.1141626410995498,2.1141626410995498,2.1141626410995498
1.312999999994645,0.15144595503807068,0.28430062532424927,0.24019348621368408,0.17087146639823914,0.26052212715148926,2.354266881942749,0.0,0.0,0.0,0.0,0.00045941383558990265,0.04999788934472803,-0.00045941383558990265,-0.04999788934472803,0.00045941383558990265,0.04999788934472803,-0.00045941383558990265,-0.04999788934472803,0.005250066891816412,0.5713634269904135,-0.005250066891816412,-0.5713634269904135,-0.04999788934472803,-0.00045941383558990265,0.04999788934472803,0.00045941383558990265,2.1141626410995498,2.1141626410995498,2.1141626410995498
1.3589999999967404,0.15144595503807068,0.28430062532424927,0.24019348621368408,0.17087146639823914,0.26052212715148926,2.354266881942749,0.0,0.0,0.0,0.0,0.00045941383558990265,0.04999788934472803,-0.00045941383558990265,-0.04999788934472803,0.00045941383558990265,0.04999788934472803,-0.00045941383558990265,-0.04999788934472803,0.005250066891816412,0.5713634269904135,-0.005250066891816412,-0.5713634269904135,-0.04999788934472803,-0.00045941383558990265,0.04999788934472803,0.00045941383558990265,2.1141626410995498,2.1141626410995498,2.1141626410995498
1.4059999999881256,0.15144595503807068,0.28430062532424927,0.24019348621368408,0.17087146639823914,0.26052212715148926,2.354266881942749,0.0,0.0,0.0,0.0,0.00045941383558990265,0.04999788934472803,-0.00045941383558990265,-0.04999788934472803,0.00045941383558990265,0.04999788934472803,-0.00045941383558990265,-0.04999788934472803,0.005250066891816412,0.5713634269904135,-0.005250066891816412,-0.5713634269904135,-0.04999788934472803,-0.00045941383558990265,0.04999788934472803,0.00045941383558990265,2.1141626410995498,2.1141626410995498,2.1141626410995498
1.4530000000086147,0.15144595503807068,0.28430062532424927,0.24019348621368408,0.17087146639823914,0.26052212715148926,2.354266881942749,0.0,0.0,0.0,0.0,0.00045941383558990265,0.04999788934472803,-0.00045941383558990265,-0.04999788934472803,0.00045941383558990265,0.04999788934472803,-0.00045941383558990265,-0.04999788934472803,0.005250066891816412,0.5713634269904135,-0.005250066891816412,-0.5713634269904135,-0.04999788934472803,-0.00045941383558990265,0.04999788934472803,0.00045941383558990265,2.1141626410995498,2.1141626410995498,2.1141626410995498
1.5160000000032596,0.15144595503807068,0.28430062532424927,0.24019348621368408,0.17087146639823914,0.26052212715148926,2.354266881942749,0.0,0.0,0.0,0.0,0.00045941383558990265,0.04999788934472803,-0.00045941383558990265,-0.04999788934472803,0.00045941383558990265,0.04999788934472803,-0.00045941383558990265,-0.04999788934472803,0.005250066891816412,0.5713634269904135,-0.005250066891816412,-0.5713634269904135,-0.04999788934472803,-0.00045941383558990265,0.04999788934472803,0.00045941383558990265,2.1141626410995498,2.1141626410995498,2.1141626410995498
1.562999999994645,0.15144595503807068,0.28430062532424927,0.24019348621368408,0.17087146639823914,0.26052212715148926,2.354266881942749,0.0,0.0,0.0,0.0,0.00045941383558990265,0.04999788934472803,-0.00045941383558990265,-0.04999788934472803,0.00045941383558990265,0.04999788934472803,-0.00045941383558990265,-0.04999788934472803,0.005250066891816412,0.5713634269904135,-0.005250066891816412,-0.5713634269904135,-0.04999788934472803,-0.00045941383558990265,0.04999788934472803,0.00045941383558990265,2.1141626410995498,2.1141626410995498,2.1141626410995498
1.6089999999967404,0.15144595503807068,0.28430062532424927,0.24019348621368408,0.17087146639823914,0.26052212715148926,2.354266881942749,0.0,0.0,0.0,0.0,0.00045941383558990265,0.04999788934472803,-0.00045941383558990265,-0.04999788934472803,0.00045941383558990265,0.04999788934472803,-0.00045941383558990265,-0.04999788934472803,0.005250066891816412,0.5713634269904135,-0.005250066891816412,-0.5713634269904135,-0.04999788934472803,-0.00045941383558990265,0.04999788934472803,0.00045941383558990265,2.1141626410995498,2.1141626410995498,2.1141626410995498
1.6559999999881256,0.15144595503807068,0.28430062532424927,0.24019348621368408,0.17087146639823914,0.26052212715148926,2.354266881942749,0.0,0.0,0.0,0.0,0.00045941383558990265,0.04999788934472803,-0.00045941383558990265,-0.04999788934472803,0.00045941383558990265,0.04999788934472803,-0.00045941383558990265,-0.04999788934472803,0.005250066891816412,0.5713634269904135,-0.005250066891816412,-0.5713634269904135,-0.04999788934472803,-0.00045941383558990265,0.04999788934472803,0.00045941383558990265,2.1141626410995498,2.1141626410995498,2.1141626410995498
1.7189999999827705,0.15144595503807068,0.28430062532424927,0.24019348621368408,0.17087146639823914,0.26052212715148926,2.354266881942749,0.0,0.0,0.0,0.0,0.00045941383558990265,0.04999788934472803,-0.00045941383558990265,-0.04999788934472803,0.00045941383558990265,0.04999788934472803,-0.00045941383558990265,-0.04999788934472803,0.005250066891816412,0.5713634269904135,-0.005250066891816412,-0.5713634269904135,-0.04999788934472803,-0.00045941383558990265,0.04999788934472803,0.00045941383558990265,2.1141626410995498,2.1141626410995498,2.1141626410995498
1.7660000000032596,0.15144595503807068,0.28430062532424927,0.24019348621368408,0.17087146639823914,0.26052212715148926,2.354266881942749,0.0,0.0,0.0,0.0,0.00045941383558990265,0.04999788934472803,-0.00045941383558990265,-0.04999788934472803,0.00045941383558990265,0.04999788934472803,-0.00045941383558990265,-0.04999788934472803,0.005250066891816412,0.5713634269904135,-0.005250066891816412,-0.5713634269904135,-0.04999788934472803,-0.00045941383558990265,0.04999788934472803,0.00045941383558990265,2.1141626410995498,2.1141626410995498,2.1141626410995498
1.812999999994645,0.15144595503807068,0.28430062532424927,0.24019348621368408,0.17087146639823914,0.26052212715148926,2.354266881942749,0.0,0.0,0.0,0.0,0.00045941383558990265,0.04999788934472803,-0.00045941383558990265,-0.04999788934472803,0.00045941383558990265,0.04999788934472803,-0.00045941383558990265,-0.04999788934472803,0.005250066891816412,0.5713634269904135,-0.005250066891816412,-0.5713634269904135,-0.04999788934472803,-0.00045941383558990265,0.04999788934472803,0.00045941383558990265,2.1141626410995498,2.1141626410995498,2.1141626410995498
1.8589999999967404,0.15144595503807068,0.28430062532424927,0.24019348621368408,0.17087146639823914,0.26052212715148926,2.354266881942749,0.0,0.0,0.0,0.0,0.00045941383558990265,0.04999788934472803,-0.00045941383558990265,-0.04999788934472803,0.00045941383558990265,0.04999788934472803,-0.00045941383558990265,-0.04999788934472803,0.005250066891816412,0.5713634269904135,-0.005250066891816412,-0.5713634269904135,-0.04999788934472803,-0.00045941383558990265,0.04999788934472803,0.00045941383558990265,2.1141626410995498,2.1141626410995498,2.1141626410995498
1.9219999999913853,0.15144595503807068,0.28430062532424927,0.24019348621368408,0.17087146639823914,0.26052212715148926,2.354266881942749,0.0,0.0,0.0,0.0,0.00045941383558990265,0.04999788934472803,-0.00045941383558990265,-0.04999788934472803,0.00045941383558990265,0.04999788934472803,-0.00045941383558990265,-0.04999788934472803,0.005250066891816412,0.5713634269904135,-0.005250066891816412,-0.5713634269904135,-0.04999788934472803,-0.00045941383558990265,0.04999788934472803,0.00045941383558990265,2.1141626410995498,2.1141626410995498,2.1141626410995498
1.9689999999827705,0.15144595503807068,0.28430062532424927,0.24019348621368408,0.17087146639823914,0.26052212715148926,2.354266881942749,0.0,0.0,0.0,0.0,0.00045941383558990265,0.04999788934472803,-0.00045941383558990265,-0.04999788934472803,0.00045941383558990265,0.04999788934472803,-0.00045941383558990265,-0.04999788934472803,0.005250066891816412,0.5713634269904135,-0.005250066891816412,-0.5713634269904135,-0.04999788934472803,-0.00045941383558990265,0.04999788934472803,0.00045941383558990265,2.1141626410995498,2.1141626410995498,2.1141626410995498
2.0160000000032596,0.15144595503807068,0.28430062532424927,0.24019348621368408,0.17087146639823914,0.26052212715148926,2.354266881942749,0.0,0.0,0.0,0.0,0.00045941383558990265,0.04999788934472803,-0.00045941383558990265,-0.04999788934472803,0.00045941383558990265,0.04999788934472803,-0.00045941383558990265,-0.04999788934472803,0.005250066891816412,0.5713634269904135,-0.005250066891816412,-0.5713634269904135,-0.04999788934472803,-0.00045941383558990265,0.04999788934472803,0.00045941383558990265,2.1141626410995498,2.1141626410995498,2.1141626410995498
2.062999999994645,0.15144595503807068,0.28430062532424927,0.24019348621368408,0.17087146639823914,0.26052212715148926,2.354266881942749,0.0,0.0,0.0,0.0,0.00045941383558990265,0.04999788934472803,-0.00045941383558990265,-0.04999788934472803,0.00045941383558990265,0.04999788934472803,-0.00045941383558990265,-0.04999788934472803,0.005250066891816412,0.5713634269904135,-0.005250066891816412,-0.5713634269904135,-0.04999788934472803,-0.00045941383558990265,0.04999788934472803,0.00045941383558990265,2.1141626410995498,2.1141626410995498,2.1141626410995498
2.125,0.15144595503807068,0.28430062532424927,0.24019348621368408,0.17087146639823914,0.26052212715148926,2.354266881942749,0.0,0.0,0.0,0.0,0.00045941383558990265,0.04999788934472803,-0.00045941383558990265,-0.04999788934472803,0.00045941383558990265,0.04999788934472803,-0.00045941383558990265,-0.04999788934472803,0.005250066891816412,0.5713634269904135,-0.005250066891816412,-0.5713634269904135,-0.04999788934472803,-0.00045941383558990265,0.04999788934472803,0.00045941383558990265,2.1141626410995498,2.1141626410995498,2.1141626410995498
2.1719999999913853,0.15144595503807068,0.28430062532424927,0.24019348621368408,0.17087146639823914,0.26052212715148926,2.354266881942749,0.0,0.0,0.0,0.0,0.00045941383558990265,0.04999788934472803,-0.00045941383558990265,-0.04999788934472803,0.00045941383558990265,0.04999788934472803,-0.00045941383558990265,-0.04999788934472803,0.005250066891816412,0.5713634269904135,-0.005250066891816412,-0.5713634269904135,-0.04999788934472803,-0.00045941383558990265,0.04999788934472803,0.00045941383558990265,2.1141626410995498,2.1141626410995498,2.1141626410995498
2.2189999999827705,0.15144595503807068,0.28430062532424927,0.24019348621368408,0.17087146639823914,0.26052212715148926,2.354266881942749,0.0,0.0,0.0,0.0,0.00045941383558990265,0.04999788934472803,-0.00045941383558990265,-0.04999788934472803,0.00045941383558990265,0.04999788934472803,-0.00045941383558990265,-0.04999788934472803,0.005250066891816412,0.5713634269904135,-0.005250066891816412,-0.5713634269904135,-0.04999788934472803,-0.00045941383558990265,0.04999788934472803,0.00045941383558990265,2.1141626410995498,2.1141626410995498,2.1141626410995498
2.2660000000032596,0.15144595503807068,0.28430062532424927,0.24019348621368408,0.17087146639823914,0.26052212715148926,2.354266881942749,0.0,0.0,0.0,0.0,0.00045941383558990265,0.04999788934472803,-0.00045941383558990265,-0.04999788934472803,0.00045941383558990265,0.04999788934472803,-0.00045941383558990265,-0.04999788934472803,0.005250066891816412,0.5713634269904135,-0.005250066891816412,-0.5713634269904135,-0.04999788934472803,-0.00045941383558990265,0.04999788934472803,0.00045941383558990265,2.1141626410995498,2.1141626410995498,2.1141626410995498
2.3280000000086147,0.15144595503807068,0.28430062532424927,0.24019348621368408,0.17087146639823914,0.26052212715148926,2.354266881942749,0.0,0.0,0.0,0.0,0.00045941383558990265,0.04999788934472803,-0.00045941383558990265,-0.04999788934472803,0.00045941383558990265,0.04999788934472803,-0.00045941383558990265,-0.04999788934472803,0.005250066891816412,0.5713634269904135,-0.005250066891816412,-0.5713634269904135,-0.04999788934472803,-0.00045941383558990265,0.04999788934472803,0.00045941383558990265,2.1141626410995498,2.1141626410995498,2.1141626410995498
2.375,0.15144595503807068,0.28430062532424927,0.24019348621368408,0.17087146639823914,0.26052212715148926,2.354266881942749,0.0,0.0,0.0,0.0,0.00045941383558990265,0.04999788934472803,-0.00045941383558990265,-0.04999788934472803,0.00045941383558990265,0.04999788934472803,-0.00045941383558990265,-0.04999788934472803,0.005250066891816412,0.5713634269904135,-0.005250066891816412,-0.5713634269904135,-0.04999788934472803,-0.00045941383558990265,0.04999788934472803,0.00045941383558990265,2.1141626410995498,2.1141626410995498,2.1141626410995498
2.4219999999913853,0.15144595503807068,0.28430062532424927,0.24019348621368408,0.17087146639823914,0.26052212715148926,2.354266881942749,0.0,0.0,0.0,0.0,0.00045941383558990265,0.04999788934472803,-0.00045941383558990265,-0.04999788934472803,0.00045941383558990265,0.04999788934472803,-0.00045941383558990265,-0.04999788934472803,0.005250066891816412,0.5713634269904135,-0.005250066891816412,-0.5713634269904135,-0.04999788934472803,-0.00045941383558990265,0.04999788934472803,0.00045941383558990265,2.1141626410995498,2.1141626410995498,2.1141626410995498
2.4689999999827705,0.15144595503807068,0.28430062532424927,0.24019348621368408,0.17087146639823914,0.26052212715148926,2.354266881942749,0.0,0.0,0.0,0.0,0.00045941383558990265,0.04999788934472803,-0.00045941383558990265,-0.04999788934472803,0.00045941383558990265,0.04999788934472803,-0.00045941383558990265,-0.04999788934472803,0.005250066891816412,0.5713634269904135,-0.005250066891816412,-0.5713634269904135,-0.04999788934472803,-0.00045941383558990265,0.04999788934472803,0.00045941383558990265,2.1141626410995498,2.1141626410995498,2.1141626410995498
2.5309999999881256,0.15144595503807068,0.28430062532424927,0.24019348621368408,0.17087146639823914,0.26052212715148926,2.354266881942749,0.0,0.0,0.0,0.0,0.00045941383558990265,0.04999788934472803,-0.00045941383558990265,-0.04999788934472803,0.00045941383558990265,0.04999788934472803,-0.00045941383558990265,-0.04999788934472803,0.005250066891816412,0.5713634269904135,-0.005250066891816412,-0.5713634269904135,-0.04999788934472803,-0.00045941383558990265,0.04999788934472803,0.00045941383558990265,2.1141626410995498,2.1141626410995498,2.1141626410995498
2.5780000000086147,0.15144595503807068,0.28430062532424927,0.24019348621368408,0.17087146639823914,0.26052212715148926,2.354266881942749,0.0,0.0,0.0,0.0,0.00045941383558990265,0.04999788934472803,-0.00045941383558990265,-0.04999788934472803,0.00045941383558990265,0.04999788934472803,-0.00045941383558990265,-0.04999788934472803,0.005250066891816412,0.5713634269904135,-0.005250066891816412,-0.5713634269904135,-0.04999788934472803,-0.00045941383558990265,0.04999788934472803,0.00045941383558990265,2.1141626410995498,2.1141626410995498,2.1141626410995498
2.625,0.15144595503807068,0.28430062532424927,0.24019348621368408,0.17087146639823914,0.26052212715148926,2.354266881942749,0.0,0.0,0.0,0.0,0.00045941383558990265,0.04999788934472803,-0.00045941383558990265,-0.04999788934472803,0.00045941383558990265,0.04999788934472803,-0.00045941383558990265,-0.04999788934472803,0.005250066891816412,0.5713634269904135,-0.005250066891816412,-0.5713634269904135,-0.04999788934472803,-0.00045941383558990265,0.04999788934472803,0.00045941383558990265,2.1141626410995498,2.1141626410995498,2.1141626410995498
2.6719999999913853,0.15144595503807068,0.28430062532424927,0.24019348621368408,0.17087146639823914,0.26052212715148926,2.354266881942749,0.0,0.0,0.0,0.0,0.00045941383558990265,0.04999788934472803,-0.00045941383558990265,-0.04999788934472803,0.00045941383558990265,0.04999788934472803,-0.00045941383558990265,-0.04999788934472803,0.005250066891816412,0.5713634269904135,-0.005250066891816412,-0.5713634269904135,-0.04999788934472803,-0.00045941383558990265,0.04999788934472803,0.00045941383558990265,2.1141626410995498,2.1141626410995498,2.1141626410995498
2.7339999999967404,0.15144595503807068,0.28430062532424927,0.24019348621368408,0.17087146639823914,0.26052212715148926,2.354266881942749,0.0,0.0,0.0,0.0,0.00045941383558990265,0.04999788934472803,-0.00045941383558990265,-0.04999788934472803,0.00045941383558990265,0.04999788934472803,-0.00045941383558990265,-0.04999788934472803,0.005250066891816412,0.5713634269904135,-0.005250066891816412,-0.5713634269904135,-0.04999788934472803,-0.00045941383558990265,0.04999788934472803,0.00045941383558990265,2.1141626410995498,2.1141626410995498,2.1141626410995498
2.7809999999881256,0.15144595503807068,0.28430062532424927,0.24019348621368408,0.17087146639823914,0.26052212715148926,2.354266881942749,0.0,0.0,0.0,0.0,0.00045941383558990265,0.04999788934472803,-0.00045941383558990265,-0.04999788934472803,0.00045941383558990265,0.04999788934472803,-0.00045941383558990265,-0.04999788934472803,0.005250066891816412,0.5713634269904135,-0.005250066891816412,-0.5713634269904135,-0.04999788934472803,-0.00045941383558990265,0.04999788934472803,0.00045941383558990265,2.1141626410995498,2.1141626410995498,2.1141626410995498
2.8280000000086147,0.15144595503807068,0.28430062532424927,0.24019348621368408,0.17087146639823914,0.26052212715148926,2.354266881942749,0.0,0.0,0.0,0.0,0.00045941383558990265,0.04999788934472803,-0.00045941383558990265,-0.04999788934472803,0.00045941383558990265,0.04999788934472803,-0.00045941383558990265,-0.04999788934472803,0.005250066891816412,0.5713634269904135,-0.005250066891816412,-0.5713634269904135,-0.04999788934472803,-0.00045941383558990265,0.04999788934472803,0.00045941383558990265,2.1141626410995498,2.1141626410995498,2.1141626410995498
2.875,0.15144595503807068,0.28430062532424927,0.24019348621368408,0.17087146639823914,0.26052212715148926,2.354266881942749,0.0,0.0,0.0,0.0,0.00045941383558990265,0.04999788934472803,-0.00045941383558990265,-0.04999788934472803,0.00045941383558990265,0.04999788934472803,-0.00045941383558990265,-0.04999788934472803,0.005250066891816412,0.5713634269904135,-0.005250066891816412,-0.5713634269904135,-0.04999788934472803,-0.00045941383558990265,0.04999788934472803,0.00045941383558990265,2.1141626410995498,2.1141626410995498,2.1141626410995498
2.937999999994645,0.15144595503807068,0.28430062532424927,0.24019348621368408,0.17087146639823914,0.26052212715148926,2.354266881942749,0.0,0.0,0.0,0.0,0.00045941383558990265,0.04999788934472803,-0.00045941383558990265,-0.04999788934472803,0.00045941383558990265,0.04999788934472803,-0.00045941383558990265,-0.04999788934472803,0.005250066891816412,0.5713634269904135,-0.005250066891816412,-0.5713634269904135,-0.04999788934472803,-0.00045941383558990265,0.04999788934472803,0.00045941383558990265,2.1141626410995498,2.1141626410995498,2.1141626410995498
2.9839999999967404,0.15144595503807068,0.28430062532424927,0.24019348621368408,0.17087146639823914,0.26052212715148926,2.354266881942749,0.0,0.0,0.0,0.0,0.00045941383558990265,0.04999788934472803,-0.00045941383558990265,-0.04999788934472803,0.00045941383558990265,0.04999788934472803,-0.00045941383558990265,-0.04999788934472803,0.005250066891816412,0.5713634269904135,-0.005250066891816412,-0.5713634269904135,-0.04999788934472803,-0.00045941383558990265,0.04999788934472803,0.00045941383558990265,2.1141626410995498,2.1141626410995498,2.1141626410995498
3.0309999999881256,0.15144595503807068,0.28430062532424927,0.24019348621368408,0.17087146639823914,0.26052212715148926,2.354266881942749,0.0,0.0,0.0,0.0,0.00045941383558990265,0.04999788934472803,-0.00045941383558990265,-0.04999788934472803,0.00045941383558990265,0.04999788934472803,-0.00045941383558990265,-0.04999788934472803,0.005250066891816412,0.5713634269904135,-0.005250066891816412,-0.5713634269904135,-0.04999788934472803,-0.00045941383558990265,0.04999788934472803,0.00045941383558990265,2.1141626410995498,2.1141626410995498,2.1141626410995498
3.0780000000086147,0.15144595503807068,0.28430062532424927,0.24019348621368408,0.17087146639823914,0.26052212715148926,2.354266881942749,0.0,0.0,0.0,0.0,0.00045941383558990265,0.04999788934472803,-0.00045941383558990265,-0.04999788934472803,0.00045941383558990265,0.04999788934472803,-0.00045941383558990265,-0.04999788934472803,0.005250066891816412,0.5713634269904135,-0.005250066891816412,-0.5713634269904135,-0.04999788934472803,-0.00045941383558990265,0.04999788934472803,0.00045941383558990265,2.1141626410995498,2.1141626410995498,2.1141626410995498
3.1410000000032596,0.15144595503807068,0.28430062532424927,0.24019348621368408,0.17087146639823914,0.26052212715148926,2.354266881942749,0.0,0.0,0.0,0.0,0.00045941383558990265,0.04999788934472803,-0.00045941383558990265,-0.04999788934472803,0.00045941383558990265,0.04999788934472803,-0.00045941383558990265,-0.04999788934472803,0.005250066891816412,0.5713634269904135,-0.005250066891816412,-0.5713634269904135,-0.04999788934472803,-0.00045941383558990265,0.04999788934472803,0.00045941383558990265,2.1141626410995498,2.1141626410995498,2.1141626410995498
3.187999999994645,0.15144595503807068,0.28430062532424927,0.24019348621368408,0.17087146639823914,0.26052212715148926,2.354266881942749,0.0,0.0,0.0,0.0,0.00045941383558990265,0.04999788934472803,-0.00045941383558990265,-0.04999788934472803,0.00045941383558990265,0.04999788934472803,-0.00045941383558990265,-0.04999788934472803,0.005250066891816412,0.5713634269904135,-0.005250066891816412,-0.5713634269904135,-0.04999788934472803,-0.00045941383558990265,0.04999788934472803,0.00045941383558990265,2.1141626410995498,2.1141626410995498,2.1141626410995498
3.2339999999967404,0.15144595503807068,0.28430062532424927,0.24019348621368408,0.17087146639823914,0.26052212715148926,2.354266881942749,0.0,0.0,0.0,0.0,0.00045941383558990265,0.04999788934472803,-0.00045941383558990265,-0.04999788934472803,0.00045941383558990265,0.04999788934472803,-0.00045941383558990265,-0.04999788934472803,0.005250066891816412,0.5713634269904135,-0.005250066891816412,-0.5713634269904135,-0.04999788934472803,-0.00045941383558990265,0.04999788934472803,0.00045941383558990265,2.1141626410995498,2.1141626410995498,2.1141626410995498
3.2809999999881256,0.15144595503807068,0.28430062532424927,0.24019348621368408,0.17087146639823914,0.26052212715148926,2.354266881942749,0.0,0.0,0.0,0.0,0.00045941383558990265,0.04999788934472803,-0.00045941383558990265,-0.04999788934472803,0.00045941383558990265,0.04999788934472803,-0.00045941383558990265,-0.04999788934472803,0.005250066891816412,0.5713634269904135,-0.005250066891816412,-0.5713634269904135,-0.04999788934472803,-0.00045941383558990265,0.04999788934472803,0.00045941383558990265,2.1141626410995498,2.1141626410995498,2.1141626410995498
3.3439999999827705,0.15144595503807068,0.28430062532424927,0.24019348621368408,0.17087146639823914,0.26052212715148926,2.354266881942749,0.0,0.0,0.0,0.0,0.00045941383558990265,0.04999788934472803,-0.00045941383558990265,-0.04999788934472803,0.00045941383558990265,0.04999788934472803,-0.00045941383558990265,-0.04999788934472803,0.005250066891816412,0.5713634269904135,-0.005250066891816412,-0.5713634269904135,-0.04999788934472803,-0.00045941383558990265,0.04999788934472803,0.00045941383558990265,2.1141626410995498,2.1141626410995498,2.1141626410995498
3.3910000000032596,0.15144595503807068,0.28430062532424927,0.24019348621368408,0.17087146639823914,0.26052212715148926,2.354266881942749,0.0,0.0,0.0,0.0,0.00045941383558990265,0.04999788934472803,-0.00045941383558990265,-0.04999788934472803,0.00045941383558990265,0.04999788934472803,-0.00045941383558990265,-0.04999788934472803,0.005250066891816412,0.5713634269904135,-0.005250066891816412,-0.5713634269904135,-0.04999788934472803,-0.00045941383558990265,0.04999788934472803,0.00045941383558990265,2.1141626410995498,2.1141626410995498,2.1141626410995498
3.437999999994645,0.15144595503807068,0.28430062532424927,0.24019348621368408,0.17087146639823914,0.26052212715148926,2.354266881942749,0.0,0.0,0.0,0.0,0.00045941383558990265,0.04999788934472803,-0.00045941383558990265,-0.04999788934472803,0.00045941383558990265,0.04999788934472803,-0.00045941383558990265,-0.04999788934472803,0.005250066891816412,0.5713634269904135,-0.005250066891816412,-0.5713634269904135,-0.04999788934472803,-0.00045941383558990265,0.04999788934472803,0.00045941383558990265,2.1141626410995498,2.1141626410995498,2.1141626410995498
3.5,0.15144595503807068,0.28430062532424927,0.24019348621368408,0.17087146639823914,0.26052212715148926,2.354266881942749,0.0,0.0,0.0,0.0,0.00045941383558990265,0.04999788934472803,-0.00045941383558990265,-0.04999788934472803,0.00045941383558990265,0.04999788934472803,-0.00045941383558990265,-0.04999788934472803,0.005250066891816412,0.5713634269904135,-0.005250066891816412,-0.5713634269904135,-0.04999788934472803,-0.00045941383558990265,0.04999788934472803,0.00045941383558990265,2.1141626410995498,2.1141626410995498,2.1141626410995498
3.5469999999913853,0.15144595503807068,0.28430062532424927,0.24019348621368408,0.17087146639823914,0.26052212715148926,2.354266881942749,0.0,0.0,0.0,0.0,0.00045941383558990265,0.04999788934472803,-0.00045941383558990265,-0.04999788934472803,0.00045941383558990265,0.04999788934472803,-0.00045941383558990265,-0.04999788934472803,0.005250066891816412,0.5713634269904135,-0.005250066891816412,-0.5713634269904135,-0.04999788934472803,-0.00045941383558990265,0.04999788934472803,0.00045941383558990265,2.1141626410995498,2.1141626410995498,2.1141626410995498
3.5939999999827705,0.15144595503807068,0.28430062532424927,0.24019348621368408,0.17087146639823914,0.26052212715148926,2.354266881942749,0.0,0.0,0.0,0.0,0.00045941383558990265,0.04999788934472803,-0.00045941383558990265,-0.04999788934472803,0.00045941383558990265,0.04999788934472803,-0.00045941383558990265,-0.04999788934472803,0.005250066891816412,0.5713634269904135,-0.005250066891816412,-0.5713634269904135,-0.04999788934472803,-0.00045941383558990265,0.04999788934472803,0.00045941383558990265,2.1141626410995498,2.1141626410995498,2.1141626410995498
3.6410000000032596,0.15144595503807068,0.28430062532424927,0.24019348621368408,0.17087146639823914,0.26052212715148926,2.354266881942749,0.0,0.0,0.0,0.0,0.00045941383558990265,0.04999788934472803,-0.00045941383558990265,-0.04999788934472803,0.00045941383558990265,0.04999788934472803,-0.00045941383558990265,-0.04999788934472803,0.005250066891816412,0.5713634269904135,-0.005250066891816412,-0.5713634269904135,-0.04999788934472803,-0.00045941383558990265,0.04999788934472803,0.00045941383558990265,2.1141626410995498,2.1141626410995498,2.1141626410995498
3.7030000000086147,0.15144595503807068,0.28430062532424927,0.24019348621368408,0.17087146639823914,0.26052212715148926,2.354266881942749,0.0,0.0,0.0,0.0,0.00045941383558990265,0.04999788934472803,-0.00045941383558990265,-0.04999788934472803,0.00045941383558990265,0.04999788934472803,-0.00045941383558990265,-0.04999788934472803,0.005250066891816412,0.5713634269904135,-0.005250066891816412,-0.5713634269904135,-0.04999788934472803,-0.00045941383558990265,0.04999788934472803,0.00045941383558990265,2.1141626410995498,2.1141626410995498,2.1141626410995498
3.75,0.15144595503807068,0.28430062532424927,0.24019348621368408,0.17087146639823914,0.26052212715148926,2.354266881942749,0.0,0.0,0.0,0.0,0.00045941383558990265,0.04999788934472803,-0.00045941383558990265,-0.04999788934472803,0.00045941383558990265,0.04999788934472803,-0.00045941383558990265,-0.04999788934472803,0.005250066891816412,0.5713634269904135,-0.005250066891816412,-0.5713634269904135,-0.04999788934472803,-0.00045941383558990265,0.04999788934472803,0.00045941383558990265,2.1141626410995498,2.1141626410995498,2.1141626410995498
3.7969999999913853,0.15144595503807068,0.28430062532424927,0.24019348621368408,0.17087146639823914,0.26052212715148926,2.354266881942749,0.0,0.0,0.0,0.0,0.00045941383558990265,0.04999788934472803,-0.00045941383558990265,-0.04999788934472803,0.00045941383558990265,0.04999788934472803,-0.00045941383558990265,-0.04999788934472803,0.005250066891816412,0.5713634269904135,-0.005250066891816412,-0.5713634269904135,-0.04999788934472803,-0.00045941383558990265,0.04999788934472803,0.00045941383558990265,2.1141626410995498,2.1141626410995498,2.1141626410995498
3.8439999999827705,0.15144595503807068,0.28430062532424927,0.24019348621368408,0.17087146639823914,0.26052212715148926,2.354266881942749,0.0,0.0,0.0,0.0,0.00045941383558990265,0.04999788934472803,-0.00045941383558990265,-0.04999788934472803,0.00045941383558990265,0.04999788934472803,-0.00045941383558990265,-0.04999788934472803,0.005250066891816412,0.5713634269904135,-0.005250066891816412,-0.5713634269904135,-0.04999788934472803,-0.00045941383558990265,0.04999788934472803,0.00045941383558990265,2.1141626410995498,2.1141626410995498,2.1141626410995498
3.8910000000032596,0.15144595503807068,0.28430062532424927,0.24019348621368408,0.17087146639823914,0.26052212715148926,2.354266881942749,0.0,0.0,0.0,0.0,0.00045941383558990265,0.04999788934472803,-0.00045941383558990265,-0.04999788934472803,0.00045941383558990265,0.04999788934472803,-0.00045941383558990265,-0.04999788934472803,0.005250066891816412,0.5713634269904135,-0.005250066891816412,-0.5713634269904135,-0.04999788934472803,-0.00045941383558990265,0.04999788934472803,0.00045941383558990265,2.1141626410995498,2.1141626410995498,2.1141626410995498
3.937999999994645,0.15144595503807068,0.28430062532424927,0.24019348621368408,0.17087146639823914,0.26052212715148926,2.354266881942749,0.0,0.0,0.0,0.0,0.00045941383558990265,0.04999788934472803,-0.00045941383558990265,-0.04999788934472803,0.00045941383558990265,0.04999788934472803,-0.00045941383558990265,-0.04999788934472803,0.005250066891816412,0.5713634269904135,-0.005250066891816412,-0.5713634269904135,-0.04999788934472803,-0.00045941383558990265,0.04999788934472803,0.00045941383558990265,2.1141626410995498,2.1141626410995498,2.1141626410995498
3.9839999999967404,0.15144595503807068,0.28430062532424927,0.24019348621368408,0.17087146639823914,0.26052212715148926,2.354266881942749,0.0,0.0,0.0,0.0,0.00045941383558990265,0.04999788934472803,-0.00045941383558990265,-0.04999788934472803,0.00045941383558990265,0.04999788934472803,-0.00045941383558990265,-0.04999788934472803,0.005250066891816412,0.5713634269904135,-0.005250066891816412,-0.5713634269904135,-0.04999788934472803,-0.00045941383558990265,0.04999788934472803,0.00045941383558990265,2.1141626410995498,2.1141626410995498,2.1141626410995498
4.030999999988126,0.15144595503807068,0.28430062532424927,0.24019348621368408,0.17087146639823914,0.26052212715148926,2.354266881942749,0.0,0.0,0.0,0.0,0.00045941383558990265,0.04999788934472803,-0.00045941383558990265,-0.04999788934472803,0.00045941383558990265,0.04999788934472803,-0.00045941383558990265,-0.04999788934472803,0.005250066891816412,0.5713634269904135,-0.005250066891816412,-0.5713634269904135,-0.04999788934472803,-0.00045941383558990265,0.04999788934472803,0.00045941383558990265,2.1141626410995498,2.1141626410995498,2.1141626410995498
4.0939999999827705,0.15144595503807068,0.28430062532424927,0.24019348621368408,0.17087146639823914,0.26052212715148926,2.354266881942749,0.0,0.0,0.0,0.0,0.00045941383558990265,0.04999788934472803,-0.00045941383558990265,-0.04999788934472803,0.00045941383558990265,0.04999788934472803,-0.00045941383558990265,-0.04999788934472803,0.005250066891816412,0.5713634269904135,-0.005250066891816412,-0.5713634269904135,-0.04999788934472803,-0.00045941383558990265,0.04999788934472803,0.00045941383558990265,2.1141626410995498,2.1141626410995498,2.1141626410995498
4.14100000000326,0.15144595503807068,0.28430062532424927,0.24019348621368408,0.17087146639823914,0.26052212715148926,2.354266881942749,0.0,0.0,0.0,0.0,0.00045941383558990265,0.04999788934472803,-0.00045941383558990265,-0.04999788934472803,0.00045941383558990265,0.04999788934472803,-0.00045941383558990265,-0.04999788934472803,0.005250066891816412,0.5713634269904135,-0.005250066891816412,-0.5713634269904135,-0.04999788934472803,-0.00045941383558990265,0.04999788934472803,0.00045941383558990265,2.1141626410995498,2.1141626410995498,2.1141626410995498
4.187999999994645,0.15144595503807068,0.28430062532424927,0.24019348621368408,0.17087146639823914,0.26052212715148926,2.354266881942749,0.0,0.0,0.0,0.0,0.00045941383558990265,0.04999788934472803,-0.00045941383558990265,-0.04999788934472803,0.00045941383558990265,0.04999788934472803,-0.00045941383558990265,-0.04999788934472803,0.005250066891816412,0.5713634269904135,-0.005250066891816412,-0.5713634269904135,-0.04999788934472803,-0.00045941383558990265,0.04999788934472803,0.00045941383558990265,2.1141626410995498,2.1141626410995498,2.1141626410995498
4.23399999999674,0.15144595503807068,0.28430062532424927,0.24019348621368408,0.17087146639823914,0.26052212715148926,2.354266881942749,0.0,0.0,0.0,0.0,0.00045941383558990265,0.04999788934472803,-0.00045941383558990265,-0.04999788934472803,0.00045941383558990265,0.04999788934472803,-0.00045941383558990265,-0.04999788934472803,0.005250066891816412,0.5713634269904135,-0.005250066891816412,-0.5713634269904135,-0.04999788934472803,-0.00045941383558990265,0.04999788934472803,0.00045941383558990265,2.1141626410995498,2.1141626410995498,2.1141626410995498
4.296999999991385,0.15144595503807068,0.28430062532424927,0.24019348621368408,0.17087146639823914,0.26052212715148926,2.354266881942749,0.0,0.0,0.0,0.0,0.00045941383558990265,0.04999788934472803,-0.00045941383558990265,-0.04999788934472803,0.00045941383558990265,0.04999788934472803,-0.00045941383558990265,-0.04999788934472803,0.005250066891816412,0.5713634269904135,-0.005250066891816412,-0.5713634269904135,-0.04999788934472803,-0.00045941383558990265,0.04999788934472803,0.00045941383558990265,2.1141626410995498,2.1141626410995498,2.1141626410995498
4.3439999999827705,0.15144595503807068,0.28430062532424927,0.24019348621368408,0.17087146639823914,0.26052212715148926,2.354266881942749,0.0,0.0,0.0,0.0,0.00045941383558990265,0.04999788934472803,-0.00045941383558990265,-0.04999788934472803,0.00045941383558990265,0.04999788934472803,-0.00045941383558990265,-0.04999788934472803,0.005250066891816412,0.5713634269904135,-0.005250066891816412,-0.5713634269904135,-0.04999788934472803,-0.00045941383558990265,0.04999788934472803,0.00045941383558990265,2.1141626410995498,2.1141626410995498,2.1141626410995498
4.39100000000326,0.15144595503807068,0.28430062532424927,0.24019348621368408,0.17087146639823914,0.26052212715148926,2.354266881942749,0.0,0.0,0.0,0.0,0.00045941383558990265,0.04999788934472803,-0.00045941383558990265,-0.04999788934472803,0.00045941383558990265,0.04999788934472803,-0.00045941383558990265,-0.04999788934472803,0.005250066891816412,0.5713634269904135,-0.005250066891816412,-0.5713634269904135,-0.04999788934472803,-0.00045941383558990265,0.04999788934472803,0.00045941383558990265,2.1141626410995498,2.1141626410995498,2.1141626410995498
4.437999999994645,0.15144595503807068,0.28430062532424927,0.24019348621368408,0.17087146639823914,0.26052212715148926,2.354266881942749,0.0,0.0,0.0,0.0,0.00045941383558990265,0.04999788934472803,-0.00045941383558990265,-0.04999788934472803,0.00045941383558990265,0.04999788934472803,-0.00045941383558990265,-0.04999788934472803,0.005250066891816412,0.5713634269904135,-0.005250066891816412,-0.5713634269904135,-0.04999788934472803,-0.00045941383558990265,0.04999788934472803,0.00045941383558990265,2.1141626410995498,2.1141626410995498,2.1141626410995498
4.5,0.15144595503807068,0.28430062532424927,0.24019348621368408,0.17087146639823914,0.26052212715148926,2.354266881942749,0.0,0.0,0.0,0.0,0.00045941383558990265,0.04999788934472803,-0.00045941383558990265,-0.04999788934472803,0.00045941383558990265,0.04999788934472803,-0.00045941383558990265,-0.04999788934472803,0.005250066891816412,0.5713634269904135,-0.005250066891816412,-0.5713634269904135,-0.04999788934472803,-0.00045941383558990265,0.04999788934472803,0.00045941383558990265,2.1141626410995498,2.1141626410995498,2.1141626410995498
4.546999999991385,0.15144595503807068,0.28430062532424927,0.24019348621368408,0.17087146639823914,0.26052212715148926,2.354266881942749,0.0,0.0,0.0,0.0,0.00045941383558990265,0.04999788934472803,-0.00045941383558990265,-0.04999788934472803,0.00045941383558990265,0.04999788934472803,-0.00045941383558990265,-0.04999788934472803,0.005250066891816412,0.5713634269904135,-0.005250066891816412,-0.5713634269904135,-0.04999788934472803,-0.00045941383558990265,0.04999788934472803,0.00045941383558990265,2.1141626410995498,2.1141626410995498,2.1141626410995498
4.5939999999827705,0.15144595503807068,0.28430062532424927,0.24019348621368408,0.17087146639823914,0.26052212715148926,2.354266881942749,0.0,0.0,0.0,0.0,0.00045941383558990265,0.04999788934472803,-0.00045941383558990265,-0.04999788934472803,0.00045941383558990265,0.04999788934472803,-0.00045941383558990265,-0.04999788934472803,0.005250066891816412,0.5713634269904135,-0.005250066891816412,-0.5713634269904135,-0.04999788934472803,-0.00045941383558990265,0.04999788934472803,0.00045941383558990265,2.1141626410995498,2.1141626410995498,2.1141626410995498
4.64100000000326,0.15144595503807068,0.28430062532424927,0.24019348621368408,0.17087146639823914,0.26052212715148926,2.354266881942749,0.0,0.0,0.0,0.0,0.00045941383558990265,0.04999788934472803,-0.00045941383558990265,-0.04999788934472803,0.00045941383558990265,0.04999788934472803,-0.00045941383558990265,-0.04999788934472803,0.005250066891816412,0.5713634269904135,-0.005250066891816412,-0.5713634269904135,-0.04999788934472803,-0.00045941383558990265,0.04999788934472803,0.00045941383558990265,2.1141626410995498,2.1141626410995498,2.1141626410995498
4.703000000008615,0.15144595503807068,0.28430062532424927,0.24019348621368408,0.17087146639823914,0.26052212715148926,2.354266881942749,0.0,0.0,0.0,0.0,0.00045941383558990265,0.04999788934472803,-0.00045941383558990265,-0.04999788934472803,0.00045941383558990265,0.04999788934472803,-0.00045941383558990265,-0.04999788934472803,0.005250066891816412,0.5713634269904135,-0.005250066891816412,-0.5713634269904135,-0.04999788934472803,-0.00045941383558990265,0.04999788934472803,0.00045941383558990265,2.1141626410995498,2.1141626410995498,2.1141626410995498
4.75,0.15144595503807068,0.28430062532424927,0.24019348621368408,0.17087146639823914,0.26052212715148926,2.354266881942749,0.0,0.0,0.0,0.0,0.00045941383558990265,0.04999788934472803,-0.00045941383558990265,-0.04999788934472803,0.00045941383558990265,0.04999788934472803,-0.00045941383558990265,-0.04999788934472803,0.005250066891816412,0.5713634269904135,-0.005250066891816412,-0.5713634269904135,-0.04999788934472803,-0.00045941383558990265,0.04999788934472803,0.00045941383558990265,2.1141626410995498,2.1141626410995498,2.1141626410995498
4.796999999991385,0.15144595503807068,0.28430062532424927,0.24019348621368408,0.17087146639823914,0.26052212715148926,2.354266881942749,0.0,0.0,0.0,0.0,0.00045941383558990265,0.04999788934472803,-0.00045941383558990265,-0.04999788934472803,0.00045941383558990265,0.04999788934472803,-0.00045941383558990265,-0.04999788934472803,0.005250066891816412,0.5713634269904135,-0.005250066891816412,-0.5713634269904135,-0.04999788934472803,-0.00045941383558990265,0.04999788934472803,0.00045941383558990265,2.1141626410995498,2.1141626410995498,2.1141626410995498
4.8439999999827705,0.15144595503807068,0.28430062532424927,0.24019348621368408,0.17087146639823914,0.26052212715148926,2.354266881942749,0.0,0.0,0.0,0.0,0.00045941383558990265,0.04999788934472803,-0.00045941383558990265,-0.04999788934472803,0.00045941383558990265,0.04999788934472803,-0.00045941383558990265,-0.04999788934472803,0.005250066891816412,0.5713634269904135,-0.005250066891816412,-0.5713634269904135,-0.04999788934472803,-0.00045941383558990265,0.04999788934472803,0.00045941383558990265,2.1141626410995498,2.1141626410995498,2.1141626410995498
4.905999999988126,0.15144595503807068,0.28430062532424927,0.24019348621368408,0.17087146639823914,0.26052212715148926,2.354266881942749,0.0,0.0,0.0,0.0,0.00045941383558990265,0.04999788934472803,-0.00045941383558990265,-0.04999788934472803,0.00045941383558990265,0.04999788934472803,-0.00045941383558990265,-0.04999788934472803,0.005250066891816412,0.5713634269904135,-0.005250066891816412,-0.5713634269904135,-0.04999788934472803,-0.00045941383558990265,0.04999788934472803,0.00045941383558990265,2.1141626410995498,2.1141626410995498,2.1141626410995498
4.953000000008615,0.15144595503807068,0.28430062532424927,0.24019348621368408,0.17087146639823914,0.26052212715148926,2.354266881942749,0.0,0.0,0.0,0.0,0.00045941383558990265,0.04999788934472803,-0.00045941383558990265,-0.04999788934472803,0.00045941383558990265,0.04999788934472803,-0.00045941383558990265,-0.04999788934472803,0.005250066891816412,0.5713634269904135,-0.005250066891816412,-0.5713634269904135,-0.04999788934472803,-0.00045941383558990265,0.04999788934472803,0.00045941383558990265,2.1141626410995498,2.1141626410995498,2.1141626410995498
5.0,0.15144595503807068,0.28430062532424927,0.24019348621368408,0.17087146639823914,0.26052212715148926,2.354266881942749,0.0,0.0,0.0,0.0,0.00045941383558990265,0.04999788934472803,-0.00045941383558990265,-0.04999788934472803,0.00045941383558990265,0.04999788934472803,-0.00045941383558990265,-0.04999788934472803,0.005250066891816412,0.5713634269904135,-0.005250066891816412,-0.5713634269904135,-0.04999788934472803,-0.00045941383558990265,0.04999788934472803,0.00045941383558990265,2.1141626410995498,2.1141626410995498,2.1141626410995498
5.046999999991385,0.15144595503807068,0.28430062532424927,0.24019348621368408,0.17087146639823914,0.26052212715148926,2.354266881942749,0.0,0.0,0.0,0.0,0.00045941383558990265,0.04999788934472803,-0.00045941383558990265,-0.04999788934472803,0.00045941383558990265,0.04999788934472803,-0.00045941383558990265,-0.04999788934472803,0.005250066891816412,0.5713634269904135,-0.005250066891816412,-0.5713634269904135,-0.04999788934472803,-0.00045941383558990265,0.04999788934472803,0.00045941383558990265,2.1141626410995498,2.1141626410995498,2.1141626410995498
5.10899999999674,0.15144595503807068,0.28430062532424927,0.24019348621368408,0.17087146639823914,0.26052212715148926,2.354266881942749,0.0,0.0,0.0,0.0,0.00045941383558990265,0.04999788934472803,-0.00045941383558990265,-0.04999788934472803,0.00045941383558990265,0.04999788934472803,-0.00045941383558990265,-0.04999788934472803,0.005250066891816412,0.5713634269904135,-0.005250066891816412,-0.5713634269904135,-0.04999788934472803,-0.00045941383558990265,0.04999788934472803,0.00045941383558990265,2.1141626410995498,2.1141626410995498,2.1141626410995498
5.155999999988126,0.15144595503807068,0.28430062532424927,0.24019348621368408,0.17087146639823914,0.26052212715148926,2.354266881942749,0.0,0.0,0.0,0.0,0.00045941383558990265,0.04999788934472803,-0.00045941383558990265,-0.04999788934472803,0.00045941383558990265,0.04999788934472803,-0.00045941383558990265,-0.04999788934472803,0.005250066891816412,0.5713634269904135,-0.005250066891816412,-0.5713634269904135,-0.04999788934472803,-0.00045941383558990265,0.04999788934472803,0.00045941383558990265,2.1141626410995498,2.1141626410995498,2.1141626410995498
5.203000000008615,0.15144595503807068,0.28430062532424927,0.24019348621368408,0.17087146639823914,0.26052212715148926,2.354266881942749,0.0,0.0,0.0,0.0,0.00045941383558990265,0.04999788934472803,-0.00045941383558990265,-0.04999788934472803,0.00045941383558990265,0.04999788934472803,-0.00045941383558990265,-0.04999788934472803,0.005250066891816412,0.5713634269904135,-0.005250066891816412,-0.5713634269904135,-0.04999788934472803,-0.00045941383558990265,0.04999788934472803,0.00045941383558990265,2.1141626410995498,2.1141626410995498,2.1141626410995498
5.26600000000326,0.15144595503807068,0.28430062532424927,0.24019348621368408,0.17087146639823914,0.26052212715148926,2.354266881942749,0.0,0.0,0.0,0.0,0.00045941383558990265,0.04999788934472803,-0.00045941383558990265,-0.04999788934472803,0.00045941383558990265,0.04999788934472803,-0.00045941383558990265,-0.04999788934472803,0.005250066891816412,0.5713634269904135,-0.005250066891816412,-0.5713634269904135,-0.04999788934472803,-0.00045941383558990265,0.04999788934472803,0.00045941383558990265,2.1141626410995498,2.1141626410995498,2.1141626410995498
5.312999999994645,0.15144595503807068,0.28430062532424927,0.24019348621368408,0.17087146639823914,0.26052212715148926,2.354266881942749,0.0,0.0,0.0,0.0,0.00045941383558990265,0.04999788934472803,-0.00045941383558990265,-0.04999788934472803,0.00045941383558990265,0.04999788934472803,-0.00045941383558990265,-0.04999788934472803,0.005250066891816412,0.5713634269904135,-0.005250066891816412,-0.5713634269904135,-0.04999788934472803,-0.00045941383558990265,0.04999788934472803,0.00045941383558990265,2.1141626410995498,2.1141626410995498,2.1141626410995498
5.35899999999674,0.15144595503807068,0.28430062532424927,0.24019348621368408,0.17087146639823914,0.26052212715148926,2.354266881942749,0.0,0.0,0.0,0.0,0.00045941383558990265,0.04999788934472803,-0.00045941383558990265,-0.04999788934472803,0.00045941383558990265,0.04999788934472803,-0.00045941383558990265,-0.04999788934472803,0.005250066891816412,0.5713634269904135,-0.005250066891816412,-0.5713634269904135,-0.04999788934472803,-0.00045941383558990265,0.04999788934472803,0.00045941383558990265,2.1141626410995498,2.1141626410995498,2.1141626410995498
5.405999999988126,0.15144595503807068,0.28430062532424927,0.24019348621368408,0.17087146639823914,0.26052212715148926,2.354266881942749,0.0,0.0,0.0,0.0,0.00045941383558990265,0.04999788934472803,-0.00045941383558990265,-0.04999788934472803,0.00045941383558990265,0.04999788934472803,-0.00045941383558990265,-0.04999788934472803,0.005250066891816412,0.5713634269904135,-0.005250066891816412,-0.5713634269904135,-0.04999788934472803,-0.00045941383558990265,0.04999788934472803,0.00045941383558990265,2.1141626410995498,2.1141626410995498,2.1141626410995498
5.4689999999827705,0.15144595503807068,0.28430062532424927,0.24019348621368408,0.17087146639823914,0.26052212715148926,2.354266881942749,0.0,0.0,0.0,0.0,0.00045941383558990265,0.04999788934472803,-0.00045941383558990265,-0.04999788934472803,0.00045941383558990265,0.04999788934472803,-0.00045941383558990265,-0.04999788934472803,0.005250066891816412,0.5713634269904135,-0.005250066891816412,-0.5713634269904135,-0.04999788934472803,-0.00045941383558990265,0.04999788934472803,0.00045941383558990265,2.1141626410995498,2.1141626410995498,2.1141626410995498
5.51600000000326,0.15144595503807068,0.28430062532424927,0.24019348621368408,0.17087146639823914,0.26052212715148926,2.354266881942749,0.0,0.0,0.0,0.0,0.00045941383558990265,0.04999788934472803,-0.00045941383558990265,-0.04999788934472803,0.00045941383558990265,0.04999788934472803,-0.00045941383558990265,-0.04999788934472803,0.005250066891816412,0.5713634269904135,-0.005250066891816412,-0.5713634269904135,-0.04999788934472803,-0.00045941383558990265,0.04999788934472803,0.00045941383558990265,2.1141626410995498,2.1141626410995498,2.1141626410995498
5.562999999994645,0.15144595503807068,0.28430062532424927,0.24019348621368408,0.17087146639823914,0.26052212715148926,2.354266881942749,0.0,0.0,0.0,0.0,0.00045941383558990265,0.04999788934472803,-0.00045941383558990265,-0.04999788934472803,0.00045941383558990265,0.04999788934472803,-0.00045941383558990265,-0.04999788934472803,0.005250066891816412,0.5713634269904135,-0.005250066891816412,-0.5713634269904135,-0.04999788934472803,-0.00045941383558990265,0.04999788934472803,0.00045941383558990265,2.1141626410995498,2.1141626410995498,2.1141626410995498
5.60899999999674,0.15144595503807068,0.28430062532424927,0.24019348621368408,0.17087146639823914,0.26052212715148926,2.354266881942749,0.0,0.0,0.0,0.0,0.00045941383558990265,0.04999788934472803,-0.00045941383558990265,-0.04999788934472803,0.00045941383558990265,0.04999788934472803,-0.00045941383558990265,-0.04999788934472803,0.005250066891816412,0.5713634269904135,-0.005250066891816412,-0.5713634269904135,-0.04999788934472803,-0.00045941383558990265,0.04999788934472803,0.00045941383558990265,2.1141626410995498,2.1141626410995498,2.1141626410995498
5.671999999991385,0.15144595503807068,0.28430062532424927,0.24019348621368408,0.17087146639823914,0.26052212715148926,2.354266881942749,0.0,0.0,0.0,0.0,0.00045941383558990265,0.04999788934472803,-0.00045941383558990265,-0.04999788934472803,0.00045941383558990265,0.04999788934472803,-0.00045941383558990265,-0.04999788934472803,0.005250066891816412,0.5713634269904135,-0.005250066891816412,-0.5713634269904135,-0.04999788934472803,-0.00045941383558990265,0.04999788934472803,0.00045941383558990265,2.1141626410995498,2.1141626410995498,2.1141626410995498
5.7189999999827705,0.15144595503807068,0.28430062532424927,0.24019348621368408,0.17087146639823914,0.26052212715148926,2.354266881942749,0.0,0.0,0.0,0.0,0.00045941383558990265,0.04999788934472803,-0.00045941383558990265,-0.04999788934472803,0.00045941383558990265,0.04999788934472803,-0.00045941383558990265,-0.04999788934472803,0.005250066891816412,0.5713634269904135,-0.005250066891816412,-0.5713634269904135,-0.04999788934472803,-0.00045941383558990265,0.04999788934472803,0.00045941383558990265,2.1141626410995498,2.1141626410995498,2.1141626410995498
5.76600000000326,0.15144595503807068,0.28430062532424927,0.24019348621368408,0.17087146639823914,0.26052212715148926,2.354266881942749,0.0,0.0,0.0,0.0,0.00045941383558990265,0.04999788934472803,-0.00045941383558990265,-0.04999788934472803,0.00045941383558990265,0.04999788934472803,-0.00045941383558990265,-0.04999788934472803,0.005250066891816412,0.5713634269904135,-0.005250066891816412,-0.5713634269904135,-0.04999788934472803,-0.00045941383558990265,0.04999788934472803,0.00045941383558990265,2.1141626410995498,2.1141626410995498,2.1141626410995498
5.812999999994645,0.15144595503807068,0.28430062532424927,0.24019348621368408,0.17087146639823914,0.26052212715148926,2.354266881942749,0.0,0.0,0.0,0.0,0.00045941383558990265,0.04999788934472803,-0.00045941383558990265,-0.04999788934472803,0.00045941383558990265,0.04999788934472803,-0.00045941383558990265,-0.04999788934472803,0.005250066891816412,0.5713634269904135,-0.005250066891816412,-0.5713634269904135,-0.04999788934472803,-0.00045941383558990265,0.04999788934472803,0.00045941383558990265,2.1141626410995498,2.1141626410995498,2.1141626410995498
5.875,0.15144595503807068,0.28430062532424927,0.24019348621368408,0.17087146639823914,0.26052212715148926,2.354266881942749,0.0,0.0,0.0,0.0,0.00045941383558990265,0.04999788934472803,-0.00045941383558990265,-0.04999788934472803,0.00045941383558990265,0.04999788934472803,-0.00045941383558990265,-0.04999788934472803,0.005250066891816412,0.5713634269904135,-0.005250066891816412,-0.5713634269904135,-0.04999788934472803,-0.00045941383558990265,0.04999788934472803,0.00045941383558990265,2.1141626410995498,2.1141626410995498,2.1141626410995498
5.921999999991385,0.15144595503807068,0.28430062532424927,0.24019348621368408,0.17087146639823914,0.26052212715148926,2.354266881942749,0.0,0.0,0.0,0.0,0.00045941383558990265,0.04999788934472803,-0.00045941383558990265,-0.04999788934472803,0.00045941383558990265,0.04999788934472803,-0.00045941383558990265,-0.04999788934472803,0.005250066891816412,0.5713634269904135,-0.005250066891816412,-0.5713634269904135,-0.04999788934472803,-0.00045941383558990265,0.04999788934472803,0.00045941383558990265,2.1141626410995498,2.1141626410995498,2.1141626410995498
5.9689999999827705,0.15144595503807068,0.28430062532424927,0.24019348621368408,0.17087146639823914,0.26052212715148926,2.354266881942749,0.0,0.0,0.0,0.0,0.00045941383558990265,0.04999788934472803,-0.00045941383558990265,-0.04999788934472803,0.00045941383558990265,0.04999788934472803,-0.00045941383558990265,-0.04999788934472803,0.005250066891816412,0.5713634269904135,-0.005250066891816412,-0.5713634269904135,-0.04999788934472803,-0.00045941383558990265,0.04999788934472803,0.00045941383558990265,2.1141626410995498,2.1141626410995498,2.1141626410995498
6.01600000000326,0.15144595503807068,0.28430062532424927,0.24019348621368408,0.17087146639823914,0.26052212715148926,2.354266881942749,0.0,0.0,0.0,0.0,0.00045941383558990265,0.04999788934472803,-0.00045941383558990265,-0.04999788934472803,0.00045941383558990265,0.04999788934472803,-0.00045941383558990265,-0.04999788934472803,0.005250066891816412,0.5713634269904135,-0.005250066891816412,-0.5713634269904135,-0.04999788934472803,-0.00045941383558990265,0.04999788934472803,0.00045941383558990265,2.1141626410995498,2.1141626410995498,2.1141626410995498
6.078000000008615,0.15144595503807068,0.28430062532424927,0.24019348621368408,0.17087146639823914,0.26052212715148926,2.354266881942749,0.0,0.0,0.0,0.0,0.00045941383558990265,0.04999788934472803,-0.00045941383558990265,-0.04999788934472803,0.00045941383558990265,0.04999788934472803,-0.00045941383558990265,-0.04999788934472803,0.005250066891816412,0.5713634269904135,-0.005250066891816412,-0.5713634269904135,-0.04999788934472803,-0.00045941383558990265,0.04999788934472803,0.00045941383558990265,2.1141626410995498,2.1141626410995498,2.1141626410995498
6.125,0.15144595503807068,0.28430062532424927,0.24019348621368408,0.17087146639823914,0.26052212715148926,2.354266881942749,0.0,0.0,0.0,0.0,0.00045941383558990265,0.04999788934472803,-0.00045941383558990265,-0.04999788934472803,0.00045941383558990265,0.04999788934472803,-0.00045941383558990265,-0.04999788934472803,0.005250066891816412,0.5713634269904135,-0.005250066891816412,-0.5713634269904135,-0.04999788934472803,-0.00045941383558990265,0.04999788934472803,0.00045941383558990265,2.1141626410995498,2.1141626410995498,2.1141626410995498
6.171999999991385,0.15144595503807068,0.28430062532424927,0.24019348621368408,0.17087146639823914,0.26052212715148926,2.354266881942749,0.0,0.0,0.0,0.0,0.00045941383558990265,0.04999788934472803,-0.00045941383558990265,-0.04999788934472803,0.00045941383558990265,0.04999788934472803,-0.00045941383558990265,-0.04999788934472803,0.005250066891816412,0.5713634269904135,-0.005250066891816412,-0.5713634269904135,-0.04999788934472803,-0.00045941383558990265,0.04999788934472803,0.00045941383558990265,2.1141626410995498,2.1141626410995498,2.1141626410995498
6.2189999999827705,0.15144595503807068,0.28430062532424927,0.24019348621368408,0.17087146639823914,0.26052212715148926,2.354266881942749,0.0,0.0,0.0,0.0,0.00045941383558990265,0.04999788934472803,-0.00045941383558990265,-0.04999788934472803,0.00045941383558990265,0.04999788934472803,-0.00045941383558990265,-0.04999788934472803,0.005250066891816412,0.5713634269904135,-0.005250066891816412,-0.5713634269904135,-0.04999788934472803,-0.00045941383558990265,0.04999788934472803,0.00045941383558990265,2.1141626410995498,2.1141626410995498,2.1141626410995498
6.280999999988126,0.15144595503807068,0.28430062532424927,0.24019348621368408,0.17087146639823914,0.26052212715148926,2.354266881942749,0.0,0.0,0.0,0.0,0.00045941383558990265,0.04999788934472803,-0.00045941383558990265,-0.04999788934472803,0.00045941383558990265,0.04999788934472803,-0.00045941383558990265,-0.04999788934472803,0.005250066891816412,0.5713634269904135,-0.005250066891816412,-0.5713634269904135,-0.04999788934472803,-0.00045941383558990265,0.04999788934472803,0.00045941383558990265,2.1141626410995498,2.1141626410995498,2.1141626410995498
6.328000000008615,0.15144595503807068,0.28430062532424927,0.24019348621368408,0.17087146639823914,0.26052212715148926,2.354266881942749,0.0,0.0,0.0,0.0,0.00045941383558990265,0.04999788934472803,-0.00045941383558990265,-0.04999788934472803,0.00045941383558990265,0.04999788934472803,-0.00045941383558990265,-0.04999788934472803,0.005250066891816412,0.5713634269904135,-0.005250066891816412,-0.5713634269904135,-0.04999788934472803,-0.00045941383558990265,0.04999788934472803,0.00045941383558990265,2.1141626410995498,2.1141626410995498,2.1141626410995498
6.375,0.15144595503807068,0.28430062532424927,0.24019348621368408,0.17087146639823914,0.26052212715148926,2.354266881942749,0.0,0.0,0.0,0.0,0.00045941383558990265,0.04999788934472803,-0.00045941383558990265,-0.04999788934472803,0.00045941383558990265,0.04999788934472803,-0.00045941383558990265,-0.04999788934472803,0.005250066891816412,0.5713634269904135,-0.005250066891816412,-0.5713634269904135,-0.04999788934472803,-0.00045941383558990265,0.04999788934472803,0.00045941383558990265,2.1141626410995498,2.1141626410995498,2.1141626410995498
6.421999999991385,0.15144595503807068,0.28430062532424927,0.24019348621368408,0.17087146639823914,0.26052212715148926,2.354266881942749,0.0,0.0,0.0,0.0,0.00045941383558990265,0.04999788934472803,-0.00045941383558990265,-0.04999788934472803,0.00045941383558990265,0.04999788934472803,-0.00045941383558990265,-0.04999788934472803,0.005250066891816412,0.5713634269904135,-0.005250066891816412,-0.5713634269904135,-0.04999788934472803,-0.00045941383558990265,0.04999788934472803,0.00045941383558990265,2.1141626410995498,2.1141626410995498,2.1141626410995498
6.48399999999674,0.15144595503807068,0.28430062532424927,0.24019348621368408,0.17087146639823914,0.26052212715148926,2.354266881942749,0.0,0.0,0.0,0.0,0.00045941383558990265,0.04999788934472803,-0.00045941383558990265,-0.04999788934472803,0.00045941383558990265,0.04999788934472803,-0.00045941383558990265,-0.04999788934472803,0.005250066891816412,0.5713634269904135,-0.005250066891816412,-0.5713634269904135,-0.04999788934472803,-0.00045941383558990265,0.04999788934472803,0.00045941383558990265,2.1141626410995498,2.1141626410995498,2.1141626410995498
6.530999999988126,0.15144595503807068,0.28430062532424927,0.24019348621368408,0.17087146639823914,0.26052212715148926,2.354266881942749,0.0,0.0,0.0,0.0,0.00045941383558990265,0.04999788934472803,-0.00045941383558990265,-0.04999788934472803,0.00045941383558990265,0.04999788934472803,-0.00045941383558990265,-0.04999788934472803,0.005250066891816412,0.5713634269904135,-0.005250066891816412,-0.5713634269904135,-0.04999788934472803,-0.00045941383558990265,0.04999788934472803,0.00045941383558990265,2.1141626410995498,2.1141626410995498,2.1141626410995498
6.578000000008615,0.15144595503807068,0.28430062532424927,0.24019348621368408,0.17087146639823914,0.26052212715148926,2.354266881942749,0.0,0.0,0.0,0.0,0.00045941383558990265,0.04999788934472803,-0.00045941383558990265,-0.04999788934472803,0.00045941383558990265,0.04999788934472803,-0.00045941383558990265,-0.04999788934472803,0.005250066891816412,0.5713634269904135,-0.005250066891816412,-0.5713634269904135,-0.04999788934472803,-0.00045941383558990265,0.04999788934472803,0.00045941383558990265,2.1141626410995498,2.1141626410995498,2.1141626410995498
6.625,0.15144595503807068,0.28430062532424927,0.24019348621368408,0.17087146639823914,0.26052212715148926,2.354266881942749,0.0,0.0,0.0,0.0,0.00045941383558990265,0.04999788934472803,-0.00045941383558990265,-0.04999788934472803,0.00045941383558990265,0.04999788934472803,-0.00045941383558990265,-0.04999788934472803,0.005250066891816412,0.5713634269904135,-0.005250066891816412,-0.5713634269904135,-0.04999788934472803,-0.00045941383558990265,0.04999788934472803,0.00045941383558990265,2.1141626410995498,2.1141626410995498,2.1141626410995498
6.687999999994645,0.15144595503807068,0.28430062532424927,0.24019348621368408,0.17087146639823914,0.26052212715148926,2.354266881942749,0.0,0.0,0.0,0.0,0.00045941383558990265,0.04999788934472803,-0.00045941383558990265,-0.04999788934472803,0.00045941383558990265,0.04999788934472803,-0.00045941383558990265,-0.04999788934472803,0.005250066891816412,0.5713634269904135,-0.005250066891816412,-0.5713634269904135,-0.04999788934472803,-0.00045941383558990265,0.04999788934472803,0.00045941383558990265,2.1141626410995498,2.1141626410995498,2.1141626410995498
6.73399999999674,0.15144595503807068,0.28430062532424927,0.24019348621368408,0.17087146639823914,0.26052212715148926,2.354266881942749,0.0,0.0,0.0,0.0,0.00045941383558990265,0.04999788934472803,-0.00045941383558990265,-0.04999788934472803,0.00045941383558990265,0.04999788934472803,-0.00045941383558990265,-0.04999788934472803,0.005250066891816412,0.5713634269904135,-0.005250066891816412,-0.5713634269904135,-0.04999788934472803,-0.00045941383558990265,0.04999788934472803,0.00045941383558990265,2.1141626410995498,2.1141626410995498,2.1141626410995498
6.780999999988126,0.15144595503807068,0.28430062532424927,0.24019348621368408,0.17087146639823914,0.26052212715148926,2.354266881942749,0.0,0.0,0.0,0.0,0.00045941383558990265,0.04999788934472803,-0.00045941383558990265,-0.04999788934472803,0.00045941383558990265,0.04999788934472803,-0.00045941383558990265,-0.04999788934472803,0.005250066891816412,0.5713634269904135,-0.005250066891816412,-0.5713634269904135,-0.04999788934472803,-0.00045941383558990265,0.04999788934472803,0.00045941383558990265,2.1141626410995498,2.1141626410995498,2.1141626410995498
6.828000000008615,0.15144595503807068,0.28430062532424927,0.24019348621368408,0.17087146639823914,0.26052212715148926,2.354266881942749,0.0,0.0,0.0,0.0,0.00045941383558990265,0.04999788934472803,-0.00045941383558990265,-0.04999788934472803,0.00045941383558990265,0.04999788934472803,-0.00045941383558990265,-0.04999788934472803,0.005250066891816412,0.5713634269904135,-0.005250066891816412,-0.5713634269904135,-0.04999788934472803,-0.00045941383558990265,0.04999788934472803,0.00045941383558990265,2.1141626410995498,2.1141626410995498,2.1141626410995498
6.89100000000326,0.15144595503807068,0.28430062532424927,0.24019348621368408,0.17087146639823914,0.26052212715148926,2.354266881942749,0.0,0.0,0.0,0.0,0.00045941383558990265,0.04999788934472803,-0.00045941383558990265,-0.04999788934472803,0.00045941383558990265,0.04999788934472803,-0.00045941383558990265,-0.04999788934472803,0.005250066891816412,0.5713634269904135,-0.005250066891816412,-0.5713634269904135,-0.04999788934472803,-0.00045941383558990265,0.04999788934472803,0.00045941383558990265,2.1141626410995498,2.1141626410995498,2.1141626410995498
6.937999999994645,0.15144595503807068,0.28430062532424927,0.24019348621368408,0.17087146639823914,0.26052212715148926,2.354266881942749,0.0,0.0,0.0,0.0,0.00045941383558990265,0.04999788934472803,-0.00045941383558990265,-0.04999788934472803,0.00045941383558990265,0.04999788934472803,-0.00045941383558990265,-0.04999788934472803,0.005250066891816412,0.5713634269904135,-0.005250066891816412,-0.5713634269904135,-0.04999788934472803,-0.00045941383558990265,0.04999788934472803,0.00045941383558990265,2.1141626410995498,2.1141626410995498,2.1141626410995498
6.98399999999674,0.15144595503807068,0.28430062532424927,0.24019348621368408,0.17087146639823914,0.26052212715148926,2.354266881942749,0.0,0.0,0.0,0.0,0.00045941383558990265,0.04999788934472803,-0.00045941383558990265,-0.04999788934472803,0.00045941383558990265,0.04999788934472803,-0.00045941383558990265,-0.04999788934472803,0.005250066891816412,0.5713634269904135,-0.005250066891816412,-0.5713634269904135,-0.04999788934472803,-0.00045941383558990265,0.04999788934472803,0.00045941383558990265,2.1141626410995498,2.1141626410995498,2.1141626410995498
7.030999999988126,0.15144595503807068,0.28430062532424927,0.24019348621368408,0.17087146639823914,0.26052212715148926,2.354266881942749,0.0,0.0,0.0,0.0,0.00045941383558990265,0.04999788934472803,-0.00045941383558990265,-0.04999788934472803,0.00045941383558990265,0.04999788934472803,-0.00045941383558990265,-0.04999788934472803,0.005250066891816412,0.5713634269904135,-0.005250066891816412,-0.5713634269904135,-0.04999788934472803,-0.00045941383558990265,0.04999788934472803,0.00045941383558990265,2.1141626410995498,2.1141626410995498,2.1141626410995498
7.0939999999827705,0.15144595503807068,0.28430062532424927,0.24019348621368408,0.17087146639823914,0.26052212715148926,2.354266881942749,0.0,0.0,0.0,0.0,0.00045941383558990265,0.04999788934472803,-0.00045941383558990265,-0.04999788934472803,0.00045941383558990265,0.04999788934472803,-0.00045941383558990265,-0.04999788934472803,0.005250066891816412,0.5713634269904135,-0.005250066891816412,-0.5713634269904135,-0.04999788934472803,-0.00045941383558990265,0.04999788934472803,0.00045941383558990265,2.1141626410995498,2.1141626410995498,2.1141626410995498
7.14100000000326,0.15144595503807068,0.28430062532424927,0.24019348621368408,0.17087146639823914,0.26052212715148926,2.354266881942749,0.0,0.0,0.0,0.0,0.00045941383558990265,0.04999788934472803,-0.00045941383558990265,-0.04999788934472803,0.00045941383558990265,0.04999788934472803,-0.00045941383558990265,-0.04999788934472803,0.005250066891816412,0.5713634269904135,-0.005250066891816412,-0.5713634269904135,-0.04999788934472803,-0.00045941383558990265,0.04999788934472803,0.00045941383558990265,2.1141626410995498,2.1141626410995498,2.1141626410995498
7.187999999994645,0.15144595503807068,0.28430062532424927,0.24019348621368408,0.17087146639823914,0.26052212715148926,2.354266881942749,0.0,0.0,0.0,0.0,0.00045941383558990265,0.04999788934472803,-0.00045941383558990265,-0.04999788934472803,0.00045941383558990265,0.04999788934472803,-0.00045941383558990265,-0.04999788934472803,0.005250066891816412,0.5713634269904135,-0.005250066891816412,-0.5713634269904135,-0.04999788934472803,-0.00045941383558990265,0.04999788934472803,0.00045941383558990265,2.1141626410995498,2.1141626410995498,2.1141626410995498
7.23399999999674,0.15144595503807068,0.28430062532424927,0.24019348621368408,0.17087146639823914,0.26052212715148926,2.354266881942749,0.0,0.0,0.0,0.0,0.00045941383558990265,0.04999788934472803,-0.00045941383558990265,-0.04999788934472803,0.00045941383558990265,0.04999788934472803,-0.00045941383558990265,-0.04999788934472803,0.005250066891816412,0.5713634269904135,-0.005250066891816412,-0.5713634269904135,-0.04999788934472803,-0.00045941383558990265,0.04999788934472803,0.00045941383558990265,2.1141626410995498,2.1141626410995498,2.1141626410995498
7.296999999991385,0.15144595503807068,0.28430062532424927,0.24019348621368408,0.17087146639823914,0.26052212715148926,2.354266881942749,0.0,0.0,0.0,0.0,0.00045941383558990265,0.04999788934472803,-0.00045941383558990265,-0.04999788934472803,0.00045941383558990265,0.04999788934472803,-0.00045941383558990265,-0.04999788934472803,0.005250066891816412,0.5713634269904135,-0.005250066891816412,-0.5713634269904135,-0.04999788934472803,-0.00045941383558990265,0.04999788934472803,0.00045941383558990265,2.1141626410995498,2.1141626410995498,2.1141626410995498
7.3439999999827705,0.15144595503807068,0.28430062532424927,0.24019348621368408,0.17087146639823914,0.26052212715148926,2.354266881942749,0.0,0.0,0.0,0.0,0.00045941383558990265,0.04999788934472803,-0.00045941383558990265,-0.04999788934472803,0.00045941383558990265,0.04999788934472803,-0.00045941383558990265,-0.04999788934472803,0.005250066891816412,0.5713634269904135,-0.005250066891816412,-0.5713634269904135,-0.04999788934472803,-0.00045941383558990265,0.04999788934472803,0.00045941383558990265,2.1141626410995498,2.1141626410995498,2.1141626410995498
7.39100000000326,0.15144595503807068,0.28430062532424927,0.24019348621368408,0.17087146639823914,0.26052212715148926,2.354266881942749,0.0,0.0,0.0,0.0,0.00045941383558990265,0.04999788934472803,-0.00045941383558990265,-0.04999788934472803,0.00045941383558990265,0.04999788934472803,-0.00045941383558990265,-0.04999788934472803,0.005250066891816412,0.5713634269904135,-0.005250066891816412,-0.5713634269904135,-0.04999788934472803,-0.00045941383558990265,0.04999788934472803,0.00045941383558990265,2.1141626410995498,2.1141626410995498,2.1141626410995498
7.437999999994645,0.15144595503807068,0.28430062532424927,0.24019348621368408,0.17087146639823914,0.26052212715148926,2.354266881942749,0.0,0.0,0.0,0.0,0.00045941383558990265,0.04999788934472803,-0.00045941383558990265,-0.04999788934472803,0.00045941383558990265,0.04999788934472803,-0.00045941383558990265,-0.04999788934472803,0.005250066891816412,0.5713634269904135,-0.005250066891816412,-0.5713634269904135,-0.04999788934472803,-0.00045941383558990265,0.04999788934472803,0.00045941383558990265,2.1141626410995498,2.1141626410995498,2.1141626410995498
7.5,0.15144595503807068,0.28430062532424927,0.24019348621368408,0.17087146639823914,0.26052212715148926,2.354266881942749,0.0,0.0,0.0,0.0,0.00045941383558990265,0.04999788934472803,-0.00045941383558990265,-0.04999788934472803,0.00045941383558990265,0.04999788934472803,-0.00045941383558990265,-0.04999788934472803,0.005250066891816412,0.5713634269904135,-0.005250066891816412,-0.5713634269904135,-0.04999788934472803,-0.00045941383558990265,0.04999788934472803,0.00045941383558990265,2.1141626410995498,2.1141626410995498,2.1141626410995498
7.546999999991385,0.15144595503807068,0.28430062532424927,0.24019348621368408,0.17087146639823914,0.26052212715148926,2.354266881942749,0.0,0.0,0.0,0.0,0.00045941383558990265,0.04999788934472803,-0.00045941383558990265,-0.04999788934472803,0.00045941383558990265,0.04999788934472803,-0.00045941383558990265,-0.04999788934472803,0.005250066891816412,0.5713634269904135,-0.005250066891816412,-0.5713634269904135,-0.04999788934472803,-0.00045941383558990265,0.04999788934472803,0.00045941383558990265,2.1141626410995498,2.1141626410995498,2.1141626410995498
7.5939999999827705,0.15144595503807068,0.28430062532424927,0.24019348621368408,0.17087146639823914,0.26052212715148926,2.354266881942749,0.0,0.0,0.0,0.0,0.00045941383558990265,0.04999788934472803,-0.00045941383558990265,-0.04999788934472803,0.00045941383558990265,0.04999788934472803,-0.00045941383558990265,-0.04999788934472803,0.005250066891816412,0.5713634269904135,-0.005250066891816412,-0.5713634269904135,-0.04999788934472803,-0.00045941383558990265,0.04999788934472803,0.00045941383558990265,2.1141626410995498,2.1141626410995498,2.1141626410995498
7.64100000000326,0.15144595503807068,0.28430062532424927,0.24019348621368408,0.17087146639823914,0.26052212715148926,2.354266881942749,0.0,0.0,0.0,0.0,0.00045941383558990265,0.04999788934472803,-0.00045941383558990265,-0.04999788934472803,0.00045941383558990265,0.04999788934472803,-0.00045941383558990265,-0.04999788934472803,0.005250066891816412,0.5713634269904135,-0.005250066891816412,-0.5713634269904135,-0.04999788934472803,-0.00045941383558990265,0.04999788934472803,0.00045941383558990265,2.1141626410995498,2.1141626410995498,2.1141626410995498
7.703000000008615,0.15144595503807068,0.28430062532424927,0.24019348621368408,0.17087146639823914,0.26052212715148926,2.354266881942749,0.0,0.0,0.0,0.0,0.00045941383558990265,0.04999788934472803,-0.00045941383558990265,-0.04999788934472803,0.00045941383558990265,0.04999788934472803,-0.00045941383558990265,-0.04999788934472803,0.005250066891816412,0.5713634269904135,-0.005250066891816412,-0.5713634269904135,-0.04999788934472803,-0.00045941383558990265,0.04999788934472803,0.00045941383558990265,2.1141626410995498,2.1141626410995498,2.1141626410995498
7.75,0.15144595503807068,0.28430062532424927,0.24019348621368408,0.17087146639823914,0.26052212715148926,2.354266881942749,0.0,0.0,0.0,0.0,0.00045941383558990265,0.04999788934472803,-0.00045941383558990265,-0.04999788934472803,0.00045941383558990265,0.04999788934472803,-0.00045941383558990265,-0.04999788934472803,0.005250066891816412,0.5713634269904135,-0.005250066891816412,-0.5713634269904135,-0.04999788934472803,-0.00045941383558990265,0.04999788934472803,0.00045941383558990265,2.1141626410995498,2.1141626410995498,2.1141626410995498
7.796999999991385,0.15144595503807068,0.28430062532424927,0.24019348621368408,0.17087146639823914,0.26052212715148926,2.354266881942749,0.0,0.0,0.0,0.0,0.00045941383558990265,0.04999788934472803,-0.00045941383558990265,-0.04999788934472803,0.00045941383558990265,0.04999788934472803,-0.00045941383558990265,-0.04999788934472803,0.005250066891816412,0.5713634269904135,-0.005250066891816412,-0.5713634269904135,-0.04999788934472803,-0.00045941383558990265,0.04999788934472803,0.00045941383558990265,2.1141626410995498,2.1141626410995498,2.1141626410995498
7.8439999999827705,0.15144595503807068,0.28430062532424927,0.24019348621368408,0.17087146639823914,0.26052212715148926,2.354266881942749,0.0,0.0,0.0,0.0,0.00045941383558990265,0.04999788934472803,-0.00045941383558990265,-0.04999788934472803,0.00045941383558990265,0.04999788934472803,-0.00045941383558990265,-0.04999788934472803,0.005250066891816412,0.5713634269904135,-0.005250066891816412,-0.5713634269904135,-0.04999788934472803,-0.00045941383558990265,0.04999788934472803,0.00045941383558990265,2.1141626410995498,2.1141626410995498,2.1141626410995498
7.905999999988126,0.15144595503807068,0.28430062532424927,0.24019348621368408,0.17087146639823914,0.26052212715148926,2.354266881942749,0.0,0.0,0.0,0.0,0.00045941383558990265,0.04999788934472803,-0.00045941383558990265,-0.04999788934472803,0.00045941383558990265,0.04999788934472803,-0.00045941383558990265,-0.04999788934472803,0.005250066891816412,0.5713634269904135,-0.005250066891816412,-0.5713634269904135,-0.04999788934472803,-0.00045941383558990265,0.04999788934472803,0.00045941383558990265,2.1141626410995498,2.1141626410995498,2.1141626410995498
7.953000000008615,0.15144595503807068,0.28430062532424927,0.24019348621368408,0.17087146639823914,0.26052212715148926,2.354266881942749,0.0,0.0,0.0,0.0,0.00045941383558990265,0.04999788934472803,-0.00045941383558990265,-0.04999788934472803,0.00045941383558990265,0.04999788934472803,-0.00045941383558990265,-0.04999788934472803,0.005250066891816412,0.5713634269904135,-0.005250066891816412,-0.5713634269904135,-0.04999788934472803,-0.00045941383558990265,0.04999788934472803,0.00045941383558990265,2.1141626410995498,2.1141626410995498,2.1141626410995498
8.0,0.15144595503807068,0.28430062532424927,0.24019348621368408,0.17087146639823914,0.26052212715148926,2.354266881942749,0.0,0.0,0.0,0.0,0.00045941383558990265,0.04999788934472803,-0.00045941383558990265,-0.04999788934472803,0.00045941383558990265,0.04999788934472803,-0.00045941383558990265,-0.04999788934472803,0.005250066891816412,0.5713634269904135,-0.005250066891816412,-0.5713634269904135,-0.04999788934472803,-0.00045941383558990265,0.04999788934472803,0.00045941383558990265,2.1141626410995498,2.1141626410995498,2.1141626410995498
8.046999999991385,0.15144595503807068,0.28430062532424927,0.24019348621368408,0.17087146639823914,0.26052212715148926,2.354266881942749,0.0,0.0,0.0,0.0,0.00045941383558990265,0.04999788934472803,-0.00045941383558990265,-0.04999788934472803,0.00045941383558990265,0.04999788934472803,-0.00045941383558990265,-0.04999788934472803,0.005250066891816412,0.5713634269904135,-0.005250066891816412,-0.5713634269904135,-0.04999788934472803,-0.00045941383558990265,0.04999788934472803,0.00045941383558990265,2.1141626410995498,2.1141626410995498,2.1141626410995498
8.10899999999674,0.15144595503807068,0.28430062532424927,0.24019348621368408,0.17087146639823914,0.26052212715148926,2.354266881942749,0.0,0.0,0.0,0.0,0.00045941383558990265,0.04999788934472803,-0.00045941383558990265,-0.04999788934472803,0.00045941383558990265,0.04999788934472803,-0.00045941383558990265,-0.04999788934472803,0.005250066891816412,0.5713634269904135,-0.005250066891816412,-0.5713634269904135,-0.04999788934472803,-0.00045941383558990265,0.04999788934472803,0.00045941383558990265,2.1141626410995498,2.1141626410995498,2.1141626410995498
8.155999999988126,0.15144595503807068,0.28430062532424927,0.24019348621368408,0.17087146639823914,0.26052212715148926,2.354266881942749,0.0,0.0,0.0,0.0,0.00045941383558990265,0.04999788934472803,-0.00045941383558990265,-0.04999788934472803,0.00045941383558990265,0.04999788934472803,-0.00045941383558990265,-0.04999788934472803,0.005250066891816412,0.5713634269904135,-0.005250066891816412,-0.5713634269904135,-0.04999788934472803,-0.00045941383558990265,0.04999788934472803,0.00045941383558990265,2.1141626410995498,2.1141626410995498,2.1141626410995498
8.203000000008615,0.15144595503807068,0.28430062532424927,0.24019348621368408,0.17087146639823914,0.26052212715148926,2.354266881942749,0.0,0.0,0.0,0.0,0.00045941383558990265,0.04999788934472803,-0.00045941383558990265,-0.04999788934472803,0.00045941383558990265,0.04999788934472803,-0.00045941383558990265,-0.04999788934472803,0.005250066891816412,0.5713634269904135,-0.005250066891816412,-0.5713634269904135,-0.04999788934472803,-0.00045941383558990265,0.04999788934472803,0.00045941383558990265,2.1141626410995498,2.1141626410995498,2.1141626410995498
8.25,0.15144595503807068,0.28430062532424927,0.24019348621368408,0.17087146639823914,0.26052212715148926,2.354266881942749,0.0,0.0,0.0,0.0,0.00045941383558990265,0.04999788934472803,-0.00045941383558990265,-0.04999788934472803,0.00045941383558990265,0.04999788934472803,-0.00045941383558990265,-0.04999788934472803,0.005250066891816412,0.5713634269904135,-0.005250066891816412,-0.5713634269904135,-0.04999788934472803,-0.00045941383558990265,0.04999788934472803,0.00045941383558990265,2.1141626410995498,2.1141626410995498,2.1141626410995498
8.312999999994645,0.15144595503807068,0.28430062532424927,0.24019348621368408,0.17087146639823914,0.26052212715148926,2.354266881942749,0.0,0.0,0.0,0.0,0.00045941383558990265,0.04999788934472803,-0.00045941383558990265,-0.04999788934472803,0.00045941383558990265,0.04999788934472803,-0.00045941383558990265,-0.04999788934472803,0.005250066891816412,0.5713634269904135,-0.005250066891816412,-0.5713634269904135,-0.04999788934472803,-0.00045941383558990265,0.04999788934472803,0.00045941383558990265,2.1141626410995498,2.1141626410995498,2.1141626410995498
8.35899999999674,0.15144595503807068,0.28430062532424927,0.24019348621368408,0.17087146639823914,0.26052212715148926,2.354266881942749,0.0,0.0,0.0,0.0,0.00045941383558990265,0.04999788934472803,-0.00045941383558990265,-0.04999788934472803,0.00045941383558990265,0.04999788934472803,-0.00045941383558990265,-0.04999788934472803,0.005250066891816412,0.5713634269904135,-0.005250066891816412,-0.5713634269904135,-0.04999788934472803,-0.00045941383558990265,0.04999788934472803,0.00045941383558990265,2.1141626410995498,2.1141626410995498,2.1141626410995498
8.405999999988126,0.15144595503807068,0.28430062532424927,0.24019348621368408,0.17087146639823914,0.26052212715148926,2.354266881942749,0.0,0.0,0.0,0.0,0.00045941383558990265,0.04999788934472803,-0.00045941383558990265,-0.04999788934472803,0.00045941383558990265,0.04999788934472803,-0.00045941383558990265,-0.04999788934472803,0.005250066891816412,0.5713634269904135,-0.005250066891816412,-0.5713634269904135,-0.04999788934472803,-0.00045941383558990265,0.04999788934472803,0.00045941383558990265,2.1141626410995498,2.1141626410995498,2.1141626410995498
8.453000000008615,0.15144595503807068,0.28430062532424927,0.24019348621368408,0.17087146639823914,0.26052212715148926,2.354266881942749,0.0,0.0,0.0,0.0,0.00045941383558990265,0.04999788934472803,-0.00045941383558990265,-0.04999788934472803,0.00045941383558990265,0.04999788934472803,-0.00045941383558990265,-0.04999788934472803,0.005250066891816412,0.5713634269904135,-0.005250066891816412,-0.5713634269904135,-0.04999788934472803,-0.00045941383558990265,0.04999788934472803,0.00045941383558990265,2.1141626410995498,2.1141626410995498,2.1141626410995498
8.51600000000326,0.15144595503807068,0.28430062532424927,0.24019348621368408,0.17087146639823914,0.26052212715148926,2.354266881942749,0.0,0.0,0.0,0.0,0.00045941383558990265,0.04999788934472803,-0.00045941383558990265,-0.04999788934472803,0.00045941383558990265,0.04999788934472803,-0.00045941383558990265,-0.04999788934472803,0.005250066891816412,0.5713634269904135,-0.005250066891816412,-0.5713634269904135,-0.04999788934472803,-0.00045941383558990265,0.04999788934472803,0.00045941383558990265,2.1141626410995498,2.1141626410995498,2.1141626410995498
8.562999999994645,0.15144595503807068,0.28430062532424927,0.24019348621368408,0.17087146639823914,0.26052212715148926,2.354266881942749,0.0,0.0,0.0,0.0,0.00045941383558990265,0.04999788934472803,-0.00045941383558990265,-0.04999788934472803,0.00045941383558990265,0.04999788934472803,-0.00045941383558990265,-0.04999788934472803,0.005250066891816412,0.5713634269904135,-0.005250066891816412,-0.5713634269904135,-0.04999788934472803,-0.00045941383558990265,0.04999788934472803,0.00045941383558990265,2.1141626410995498,2.1141626410995498,2.1141626410995498
8.60899999999674,0.15144595503807068,0.28430062532424927,0.24019348621368408,0.17087146639823914,0.26052212715148926,2.354266881942749,0.0,0.0,0.0,0.0,0.00045941383558990265,0.04999788934472803,-0.00045941383558990265,-0.04999788934472803,0.00045941383558990265,0.04999788934472803,-0.00045941383558990265,-0.04999788934472803,0.005250066891816412,0.5713634269904135,-0.005250066891816412,-0.5713634269904135,-0.04999788934472803,-0.00045941383558990265,0.04999788934472803,0.00045941383558990265,2.1141626410995498,2.1141626410995498,2.1141626410995498
8.655999999988126,0.15144595503807068,0.28430062532424927,0.24019348621368408,0.17087146639823914,0.26052212715148926,2.354266881942749,0.0,0.0,0.0,0.0,0.00045941383558990265,0.04999788934472803,-0.00045941383558990265,-0.04999788934472803,0.00045941383558990265,0.04999788934472803,-0.00045941383558990265,-0.04999788934472803,0.005250066891816412,0.5713634269904135,-0.005250066891816412,-0.5713634269904135,-0.04999788934472803,-0.00045941383558990265,0.04999788934472803,0.00045941383558990265,2.1141626410995498,2.1141626410995498,2.1141626410995498
8.71899999998277,0.15144595503807068,0.28430062532424927,0.24019348621368408,0.17087146639823914,0.26052212715148926,2.354266881942749,0.0,0.0,0.0,0.0,0.00045941383558990265,0.04999788934472803,-0.00045941383558990265,-0.04999788934472803,0.00045941383558990265,0.04999788934472803,-0.00045941383558990265,-0.04999788934472803,0.005250066891816412,0.5713634269904135,-0.005250066891816412,-0.5713634269904135,-0.04999788934472803,-0.00045941383558990265,0.04999788934472803,0.00045941383558990265,2.1141626410995498,2.1141626410995498,2.1141626410995498
8.76600000000326,0.15144595503807068,0.28430062532424927,0.24019348621368408,0.17087146639823914,0.26052212715148926,2.354266881942749,0.0,0.0,0.0,0.0,0.00045941383558990265,0.04999788934472803,-0.00045941383558990265,-0.04999788934472803,0.00045941383558990265,0.04999788934472803,-0.00045941383558990265,-0.04999788934472803,0.005250066891816412,0.5713634269904135,-0.005250066891816412,-0.5713634269904135,-0.04999788934472803,-0.00045941383558990265,0.04999788934472803,0.00045941383558990265,2.1141626410995498,2.1141626410995498,2.1141626410995498
8.812999999994645,0.15144595503807068,0.28430062532424927,0.24019348621368408,0.17087146639823914,0.26052212715148926,2.354266881942749,0.0,0.0,0.0,0.0,0.00045941383558990265,0.04999788934472803,-0.00045941383558990265,-0.04999788934472803,0.00045941383558990265,0.04999788934472803,-0.00045941383558990265,-0.04999788934472803,0.005250066891816412,0.5713634269904135,-0.005250066891816412,-0.5713634269904135,-0.04999788934472803,-0.00045941383558990265,0.04999788934472803,0.00045941383558990265,2.1141626410995498,2.1141626410995498,2.1141626410995498
8.85899999999674,0.15144595503807068,0.28430062532424927,0.24019348621368408,0.17087146639823914,0.26052212715148926,2.354266881942749,0.0,0.0,0.0,0.0,0.00045941383558990265,0.04999788934472803,-0.00045941383558990265,-0.04999788934472803,0.00045941383558990265,0.04999788934472803,-0.00045941383558990265,-0.04999788934472803,0.005250066891816412,0.5713634269904135,-0.005250066891816412,-0.5713634269904135,-0.04999788934472803,-0.00045941383558990265,0.04999788934472803,0.00045941383558990265,2.1141626410995498,2.1141626410995498,2.1141626410995498
8.921999999991385,0.15144595503807068,0.28430062532424927,0.24019348621368408,0.17087146639823914,0.26052212715148926,2.354266881942749,0.0,0.0,0.0,0.0,0.00045941383558990265,0.04999788934472803,-0.00045941383558990265,-0.04999788934472803,0.00045941383558990265,0.04999788934472803,-0.00045941383558990265,-0.04999788934472803,0.005250066891816412,0.5713634269904135,-0.005250066891816412,-0.5713634269904135,-0.04999788934472803,-0.00045941383558990265,0.04999788934472803,0.00045941383558990265,2.1141626410995498,2.1141626410995498,2.1141626410995498
8.96899999998277,0.15144595503807068,0.28430062532424927,0.24019348621368408,0.17087146639823914,0.26052212715148926,2.354266881942749,0.0,0.0,0.0,0.0,0.00045941383558990265,0.04999788934472803,-0.00045941383558990265,-0.04999788934472803,0.00045941383558990265,0.04999788934472803,-0.00045941383558990265,-0.04999788934472803,0.005250066891816412,0.5713634269904135,-0.005250066891816412,-0.5713634269904135,-0.04999788934472803,-0.00045941383558990265,0.04999788934472803,0.00045941383558990265,2.1141626410995498,2.1141626410995498,2.1141626410995498
9.01600000000326,0.15144595503807068,0.28430062532424927,0.24019348621368408,0.17087146639823914,0.26052212715148926,2.354266881942749,0.0,0.0,0.0,0.0,0.00045941383558990265,0.04999788934472803,-0.00045941383558990265,-0.04999788934472803,0.00045941383558990265,0.04999788934472803,-0.00045941383558990265,-0.04999788934472803,0.005250066891816412,0.5713634269904135,-0.005250066891816412,-0.5713634269904135,-0.04999788934472803,-0.00045941383558990265,0.04999788934472803,0.00045941383558990265,2.1141626410995498,2.1141626410995498,2.1141626410995498
9.062999999994645,0.15144595503807068,0.28430062532424927,0.24019348621368408,0.17087146639823914,0.26052212715148926,2.354266881942749,0.0,0.0,0.0,0.0,0.00045941383558990265,0.04999788934472803,-0.00045941383558990265,-0.04999788934472803,0.00045941383558990265,0.04999788934472803,-0.00045941383558990265,-0.04999788934472803,0.005250066891816412,0.5713634269904135,-0.005250066891816412,-0.5713634269904135,-0.04999788934472803,-0.00045941383558990265,0.04999788934472803,0.00045941383558990265,2.1141626410995498,2.1141626410995498,2.1141626410995498
9.125,0.15144595503807068,0.28430062532424927,0.24019348621368408,0.17087146639823914,0.26052212715148926,2.354266881942749,0.0,0.0,0.0,0.0,0.00045941383558990265,0.04999788934472803,-0.00045941383558990265,-0.04999788934472803,0.00045941383558990265,0.04999788934472803,-0.00045941383558990265,-0.04999788934472803,0.005250066891816412,0.5713634269904135,-0.005250066891816412,-0.5713634269904135,-0.04999788934472803,-0.00045941383558990265,0.04999788934472803,0.00045941383558990265,2.1141626410995498,2.1141626410995498,2.1141626410995498
9.171999999991385,0.15144595503807068,0.28430062532424927,0.24019348621368408,0.17087146639823914,0.26052212715148926,2.354266881942749,0.0,0.0,0.0,0.0,0.00045941383558990265,0.04999788934472803,-0.00045941383558990265,-0.04999788934472803,0.00045941383558990265,0.04999788934472803,-0.00045941383558990265,-0.04999788934472803,0.005250066891816412,0.5713634269904135,-0.005250066891816412,-0.5713634269904135,-0.04999788934472803,-0.00045941383558990265,0.04999788934472803,0.00045941383558990265,2.1141626410995498,2.1141626410995498,2.1141626410995498
9.21899999998277,0.15144595503807068,0.28430062532424927,0.24019348621368408,0.17087146639823914,0.26052212715148926,2.354266881942749,0.0,0.0,0.0,0.0,0.00045941383558990265,0.04999788934472803,-0.00045941383558990265,-0.04999788934472803,0.00045941383558990265,0.04999788934472803,-0.00045941383558990265,-0.04999788934472803,0.005250066891816412,0.5713634269904135,-0.005250066891816412,-0.5713634269904135,-0.04999788934472803,-0.00045941383558990265,0.04999788934472803,0.00045941383558990265,2.1141626410995498,2.1141626410995498,2.1141626410995498
9.26600000000326,0.15144595503807068,0.28430062532424927,0.24019348621368408,0.17087146639823914,0.26052212715148926,2.354266881942749,0.0,0.0,0.0,0.0,0.00045941383558990265,0.04999788934472803,-0.00045941383558990265,-0.04999788934472803,0.00045941383558990265,0.04999788934472803,-0.00045941383558990265,-0.04999788934472803,0.005250066891816412,0.5713634269904135,-0.005250066891816412,-0.5713634269904135,-0.04999788934472803,-0.00045941383558990265,0.04999788934472803,0.00045941383558990265,2.1141626410995498,2.1141626410995498,2.1141626410995498
9.328000000008615,0.15144595503807068,0.28430062532424927,0.24019348621368408,0.17087146639823914,0.26052212715148926,2.354266881942749,0.0,0.0,0.0,0.0,0.00045941383558990265,0.04999788934472803,-0.00045941383558990265,-0.04999788934472803,0.00045941383558990265,0.04999788934472803,-0.00045941383558990265,-0.04999788934472803,0.005250066891816412,0.5713634269904135,-0.005250066891816412,-0.5713634269904135,-0.04999788934472803,-0.00045941383558990265,0.04999788934472803,0.00045941383558990265,2.1141626410995498,2.1141626410995498,2.1141626410995498
9.375,0.15144595503807068,0.28430062532424927,0.24019348621368408,0.17087146639823914,0.26052212715148926,2.354266881942749,0.0,0.0,0.0,0.0,0.00045941383558990265,0.04999788934472803,-0.00045941383558990265,-0.04999788934472803,0.00045941383558990265,0.04999788934472803,-0.00045941383558990265,-0.04999788934472803,0.005250066891816412,0.5713634269904135,-0.005250066891816412,-0.5713634269904135,-0.04999788934472803,-0.00045941383558990265,0.04999788934472803,0.00045941383558990265,2.1141626410995498,2.1141626410995498,2.1141626410995498
9.421999999991385,0.15144595503807068,0.28430062532424927,0.24019348621368408,0.17087146639823914,0.26052212715148926,2.354266881942749,0.0,0.0,0.0,0.0,0.00045941383558990265,0.04999788934472803,-0.00045941383558990265,-0.04999788934472803,0.00045941383558990265,0.04999788934472803,-0.00045941383558990265,-0.04999788934472803,0.005250066891816412,0.5713634269904135,-0.005250066891816412,-0.5713634269904135,-0.04999788934472803,-0.00045941383558990265,0.04999788934472803,0.00045941383558990265,2.1141626410995498,2.1141626410995498,2.1141626410995498
9.46899999998277,0.15144595503807068,0.28430062532424927,0.24019348621368408,0.17087146639823914,0.26052212715148926,2.354266881942749,0.0,0.0,0.0,0.0,0.00045941383558990265,0.04999788934472803,-0.00045941383558990265,-0.04999788934472803,0.00045941383558990265,0.04999788934472803,-0.00045941383558990265,-0.04999788934472803,0.005250066891816412,0.5713634269904135,-0.005250066891816412,-0.5713634269904135,-0.04999788934472803,-0.00045941383558990265,0.04999788934472803,0.00045941383558990265,2.1141626410995498,2.1141626410995498,2.1141626410995498
9.530999999988126,0.15144595503807068,0.28430062532424927,0.24019348621368408,0.17087146639823914,0.26052212715148926,2.354266881942749,0.0,0.0,0.0,0.0,0.00045941383558990265,0.04999788934472803,-0.00045941383558990265,-0.04999788934472803,0.00045941383558990265,0.04999788934472803,-0.00045941383558990265,-0.04999788934472803,0.005250066891816412,0.5713634269904135,-0.005250066891816412,-0.5713634269904135,-0.04999788934472803,-0.00045941383558990265,0.04999788934472803,0.00045941383558990265,2.1141626410995498,2.1141626410995498,2.1141626410995498
9.578000000008615,0.15144595503807068,0.28430062532424927,0.24019348621368408,0.17087146639823914,0.26052212715148926,2.354266881942749,0.0,0.0,0.0,0.0,0.00045941383558990265,0.04999788934472803,-0.00045941383558990265,-0.04999788934472803,0.00045941383558990265,0.04999788934472803,-0.00045941383558990265,-0.04999788934472803,0.005250066891816412,0.5713634269904135,-0.005250066891816412,-0.5713634269904135,-0.04999788934472803,-0.00045941383558990265,0.04999788934472803,0.00045941383558990265,2.1141626410995498,2.1141626410995498,2.1141626410995498
9.625,0.15144595503807068,0.28430062532424927,0.24019348621368408,0.17087146639823914,0.26052212715148926,2.354266881942749,0.0,0.0,0.0,0.0,0.00045941383558990265,0.04999788934472803,-0.00045941383558990265,-0.04999788934472803,0.00045941383558990265,0.04999788934472803,-0.00045941383558990265,-0.04999788934472803,0.005250066891816412,0.5713634269904135,-0.005250066891816412,-0.5713634269904135,-0.04999788934472803,-0.00045941383558990265,0.04999788934472803,0.00045941383558990265,2.1141626410995498,2.1141626410995498,2.1141626410995498
9.671999999991385,0.15144595503807068,0.28430062532424927,0.24019348621368408,0.17087146639823914,0.26052212715148926,2.354266881942749,0.0,0.0,0.0,0.0,0.00045941383558990265,0.04999788934472803,-0.00045941383558990265,-0.04999788934472803,0.00045941383558990265,0.04999788934472803,-0.00045941383558990265,-0.04999788934472803,0.005250066891816412,0.5713634269904135,-0.005250066891816412,-0.5713634269904135,-0.04999788934472803,-0.00045941383558990265,0.04999788934472803,0.00045941383558990265,2.1141626410995498,2.1141626410995498,2.1141626410995498
9.73399999999674,0.15144595503807068,0.28430062532424927,0.24019348621368408,0.17087146639823914,0.26052212715148926,2.354266881942749,0.0,0.0,0.0,0.0,0.00045941383558990265,0.04999788934472803,-0.00045941383558990265,-0.04999788934472803,0.00045941383558990265,0.04999788934472803,-0.00045941383558990265,-0.04999788934472803,0.005250066891816412,0.5713634269904135,-0.005250066891816412,-0.5713634269904135,-0.04999788934472803,-0.00045941383558990265,0.04999788934472803,0.00045941383558990265,2.1141626410995498,2.1141626410995498,2.1141626410995498
9.780999999988126,0.15144595503807068,0.28430062532424927,0.24019348621368408,0.17087146639823914,0.26052212715148926,2.354266881942749,0.0,0.0,0.0,0.0,0.00045941383558990265,0.04999788934472803,-0.00045941383558990265,-0.04999788934472803,0.00045941383558990265,0.04999788934472803,-0.00045941383558990265,-0.04999788934472803,0.005250066891816412,0.5713634269904135,-0.005250066891816412,-0.5713634269904135,-0.04999788934472803,-0.00045941383558990265,0.04999788934472803,0.00045941383558990265,2.1141626410995498,2.1141626410995498,2.1141626410995498
9.828000000008615,0.15144595503807068,0.28430062532424927,0.24019348621368408,0.17087146639823914,0.26052212715148926,2.354266881942749,0.0,0.0,0.0,0.0,0.00045941383558990265,0.04999788934472803,-0.00045941383558990265,-0.04999788934472803,0.00045941383558990265,0.04999788934472803,-0.00045941383558990265,-0.04999788934472803,0.005250066891816412,0.5713634269904135,-0.005250066891816412,-0.5713634269904135,-0.04999788934472803,-0.00045941383558990265,0.04999788934472803,0.00045941383558990265,2.1141626410995498,2.1141626410995498,2.1141626410995498
9.875,0.15144595503807068,0.28430062532424927,0.24019348621368408,0.17087146639823914,0.26052212715148926,2.354266881942749,0.0,0.0,0.0,0.0,0.00045941383558990265,0.04999788934472803,-0.00045941383558990265,-0.04999788934472803,0.00045941383558990265,0.04999788934472803,-0.00045941383558990265,-0.04999788934472803,0.005250066891816412,0.5713634269904135,-0.005250066891816412,-0.5713634269904135,-0.04999788934472803,-0.00045941383558990265,0.04999788934472803,0.00045941383558990265,2.1141626410995498,2.1141626410995498,2.1141626410995498
9.937999999994645,0.15144595503807068,0.28430062532424927,0.24019348621368408,0.17087146639823914,0.26052212715148926,2.354266881942749,0.0,0.0,0.0,0.0,0.00045941383558990265,0.04999788934472803,-0.00045941383558990265,-0.04999788934472803,0.00045941383558990265,0.04999788934472803,-0.00045941383558990265,-0.04999788934472803,0.005250066891816412,0.5713634269904135,-0.005250066891816412,-0.5713634269904135,-0.04999788934472803,-0.00045941383558990265,0.04999788934472803,0.00045941383558990265,2.1141626410995498,2.1141626410995498,2.1141626410995498
9.98399999999674,0.15144595503807068,0.28430062532424927,0.24019348621368408,0.17087146639823914,0.26052212715148926,2.354266881942749,0.0,0.0,0.0,0.0,0.00045941383558990265,0.04999788934472803,-0.00045941383558990265,-0.04999788934472803,0.00045941383558990265,0.04999788934472803,-0.00045941383558990265,-0.04999788934472803,0.005250066891816412,0.5713634269904135,-0.005250066891816412,-0.5713634269904135,-0.04999788934472803,-0.00045941383558990265,0.04999788934472803,0.00045941383558990265,2.1141626410995498,2.1141626410995498,2.1141626410995498
10.030999999988126,0.15144595503807068,0.28430062532424927,0.24019348621368408,0.17087146639823914,0.26052212715148926,2.354266881942749,0.0,0.0,0.0,0.0,0.00045941383558990265,0.04999788934472803,-0.00045941383558990265,-0.04999788934472803,0.00045941383558990265,0.04999788934472803,-0.00045941383558990265,-0.04999788934472803,0.005250066891816412,0.5713634269904135,-0.005250066891816412,-0.5713634269904135,-0.04999788934472803,-0.00045941383558990265,0.04999788934472803,0.00045941383558990265,2.1141626410995498,2.1141626410995498,2.1141626410995498
10.078000000008615,0.15144595503807068,0.28430062532424927,0.24019348621368408,0.17087146639823914,0.26052212715148926,2.354266881942749,0.0,0.0,0.0,0.0,0.00045941383558990265,0.04999788934472803,-0.00045941383558990265,-0.04999788934472803,0.00045941383558990265,0.04999788934472803,-0.00045941383558990265,-0.04999788934472803,0.005250066891816412,0.5713634269904135,-0.005250066891816412,-0.5713634269904135,-0.04999788934472803,-0.00045941383558990265,0.04999788934472803,0.00045941383558990265,2.1141626410995498,2.1141626410995498,2.1141626410995498
10.14100000000326,0.15144595503807068,0.28430062532424927,0.24019348621368408,0.17087146639823914,0.26052212715148926,2.354266881942749,0.0,0.0,0.0,0.0,0.00045941383558990265,0.04999788934472803,-0.00045941383558990265,-0.04999788934472803,0.00045941383558990265,0.04999788934472803,-0.00045941383558990265,-0.04999788934472803,0.005250066891816412,0.5713634269904135,-0.005250066891816412,-0.5713634269904135,-0.04999788934472803,-0.00045941383558990265,0.04999788934472803,0.00045941383558990265,2.1141626410995498,2.1141626410995498,2.1141626410995498
10.187999999994645,0.15144595503807068,0.28430062532424927,0.24019348621368408,0.17087146639823914,0.26052212715148926,2.354266881942749,0.0,0.0,0.0,0.0,0.00045941383558990265,0.04999788934472803,-0.00045941383558990265,-0.04999788934472803,0.00045941383558990265,0.04999788934472803,-0.00045941383558990265,-0.04999788934472803,0.005250066891816412,0.5713634269904135,-0.005250066891816412,-0.5713634269904135,-0.04999788934472803,-0.00045941383558990265,0.04999788934472803,0.00045941383558990265,2.1141626410995498,2.1141626410995498,2.1141626410995498
10.23399999999674,0.15144595503807068,0.28430062532424927,0.24019348621368408,0.17087146639823914,0.26052212715148926,2.354266881942749,0.0,0.0,0.0,0.0,0.00045941383558990265,0.04999788934472803,-0.00045941383558990265,-0.04999788934472803,0.00045941383558990265,0.04999788934472803,-0.00045941383558990265,-0.04999788934472803,0.005250066891816412,0.5713634269904135,-0.005250066891816412,-0.5713634269904135,-0.04999788934472803,-0.00045941383558990265,0.04999788934472803,0.00045941383558990265,2.1141626410995498,2.1141626410995498,2.1141626410995498
10.280999999988126,0.15144595503807068,0.28430062532424927,0.24019348621368408,0.17087146639823914,0.26052212715148926,2.354266881942749,0.0,0.0,0.0,0.0,0.00045941383558990265,0.04999788934472803,-0.00045941383558990265,-0.04999788934472803,0.00045941383558990265,0.04999788934472803,-0.00045941383558990265,-0.04999788934472803,0.005250066891816412,0.5713634269904135,-0.005250066891816412,-0.5713634269904135,-0.04999788934472803,-0.00045941383558990265,0.04999788934472803,0.00045941383558990265,2.1141626410995498,2.1141626410995498,2.1141626410995498
10.34399999998277,0.15144595503807068,0.28430062532424927,0.24019348621368408,0.17087146639823914,0.26052212715148926,2.354266881942749,0.0,0.0,0.0,0.0,0.00045941383558990265,0.04999788934472803,-0.00045941383558990265,-0.04999788934472803,0.00045941383558990265,0.04999788934472803,-0.00045941383558990265,-0.04999788934472803,0.005250066891816412,0.5713634269904135,-0.005250066891816412,-0.5713634269904135,-0.04999788934472803,-0.00045941383558990265,0.04999788934472803,0.00045941383558990265,2.1141626410995498,2.1141626410995498,2.1141626410995498
10.39100000000326,0.15144595503807068,0.28430062532424927,0.24019348621368408,0.17087146639823914,0.26052212715148926,2.354266881942749,0.0,0.0,0.0,0.0,0.00045941383558990265,0.04999788934472803,-0.00045941383558990265,-0.04999788934472803,0.00045941383558990265,0.04999788934472803,-0.00045941383558990265,-0.04999788934472803,0.005250066891816412,0.5713634269904135,-0.005250066891816412,-0.5713634269904135,-0.04999788934472803,-0.00045941383558990265,0.04999788934472803,0.00045941383558990265,2.1141626410995498,2.1141626410995498,2.1141626410995498
10.437999999994645,0.15144595503807068,0.28430062532424927,0.24019348621368408,0.17087146639823914,0.26052212715148926,2.354266881942749,0.0,0.0,0.0,0.0,0.00045941383558990265,0.04999788934472803,-0.00045941383558990265,-0.04999788934472803,0.00045941383558990265,0.04999788934472803,-0.00045941383558990265,-0.04999788934472803,0.005250066891816412,0.5713634269904135,-0.005250066891816412,-0.5713634269904135,-0.04999788934472803,-0.00045941383558990265,0.04999788934472803,0.00045941383558990265,2.1141626410995498,2.1141626410995498,2.1141626410995498
10.48399999999674,0.15144595503807068,0.28430062532424927,0.24019348621368408,0.17087146639823914,0.26052212715148926,2.354266881942749,0.0,0.0,0.0,0.0,0.00045941383558990265,0.04999788934472803,-0.00045941383558990265,-0.04999788934472803,0.00045941383558990265,0.04999788934472803,-0.00045941383558990265,-0.04999788934472803,0.005250066891816412,0.5713634269904135,-0.005250066891816412,-0.5713634269904135,-0.04999788934472803,-0.00045941383558990265,0.04999788934472803,0.00045941383558990265,2.1141626410995498,2.1141626410995498,2.1141626410995498
10.530999999988126,0.15144595503807068,0.28430062532424927,0.24019348621368408,0.17087146639823914,0.26052212715148926,2.354266881942749,0.0,0.0,0.0,0.0,0.00045941383558990265,0.04999788934472803,-0.00045941383558990265,-0.04999788934472803,0.00045941383558990265,0.04999788934472803,-0.00045941383558990265,-0.04999788934472803,0.005250066891816412,0.5713634269904135,-0.005250066891816412,-0.5713634269904135,-0.04999788934472803,-0.00045941383558990265,0.04999788934472803,0.00045941383558990265,2.1141626410995498,2.1141626410995498,2.1141626410995498
10.578000000008615,0.15144595503807068,0.28430062532424927,0.24019348621368408,0.17087146639823914,0.26052212715148926,2.354266881942749,0.0,0.0,0.0,0.0,0.00045941383558990265,0.04999788934472803,-0.00045941383558990265,-0.04999788934472803,0.00045941383558990265,0.04999788934472803,-0.00045941383558990265,-0.04999788934472803,0.005250066891816412,0.5713634269904135,-0.005250066891816412,-0.5713634269904135,-0.04999788934472803,-0.00045941383558990265,0.04999788934472803,0.00045941383558990265,2.1141626410995498,2.1141626410995498,2.1141626410995498
10.625,0.15144595503807068,0.28430062532424927,0.24019348621368408,0.17087146639823914,0.26052212715148926,2.354266881942749,0.0,0.0,0.0,0.0,0.00045941383558990265,0.04999788934472803,-0.00045941383558990265,-0.04999788934472803,0.00045941383558990265,0.04999788934472803,-0.00045941383558990265,-0.04999788934472803,0.005250066891816412,0.5713634269904135,-0.005250066891816412,-0.5713634269904135,-0.04999788934472803,-0.00045941383558990265,0.04999788934472803,0.00045941383558990265,2.1141626410995498,2.1141626410995498,2.1141626410995498
10.671999999991385,0.15144595503807068,0.28430062532424927,0.24019348621368408,0.17087146639823914,0.26052212715148926,2.354266881942749,0.0,0.0,0.0,0.0,0.00045941383558990265,0.04999788934472803,-0.00045941383558990265,-0.04999788934472803,0.00045941383558990265,0.04999788934472803,-0.00045941383558990265,-0.04999788934472803,0.005250066891816412,0.5713634269904135,-0.005250066891816412,-0.5713634269904135,-0.04999788934472803,-0.00045941383558990265,0.04999788934472803,0.00045941383558990265,2.1141626410995498,2.1141626410995498,2.1141626410995498
10.73399999999674,0.15144595503807068,0.28430062532424927,0.24019348621368408,0.17087146639823914,0.26052212715148926,2.354266881942749,0.0,0.0,0.0,0.0,0.00045941383558990265,0.04999788934472803,-0.00045941383558990265,-0.04999788934472803,0.00045941383558990265,0.04999788934472803,-0.00045941383558990265,-0.04999788934472803,0.005250066891816412,0.5713634269904135,-0.005250066891816412,-0.5713634269904135,-0.04999788934472803,-0.00045941383558990265,0.04999788934472803,0.00045941383558990265,2.1141626410995498,2.1141626410995498,2.1141626410995498
10.780999999988126,0.15144595503807068,0.28430062532424927,0.24019348621368408,0.17087146639823914,0.26052212715148926,2.354266881942749,0.0,0.0,0.0,0.0,0.00045941383558990265,0.04999788934472803,-0.00045941383558990265,-0.04999788934472803,0.00045941383558990265,0.04999788934472803,-0.00045941383558990265,-0.04999788934472803,0.005250066891816412,0.5713634269904135,-0.005250066891816412,-0.5713634269904135,-0.04999788934472803,-0.00045941383558990265,0.04999788934472803,0.00045941383558990265,2.1141626410995498,2.1141626410995498,2.1141626410995498
10.828000000008615,0.15144595503807068,0.28430062532424927,0.24019348621368408,0.17087146639823914,0.26052212715148926,2.354266881942749,0.0,0.0,0.0,0.0,0.00045941383558990265,0.04999788934472803,-0.00045941383558990265,-0.04999788934472803,0.00045941383558990265,0.04999788934472803,-0.00045941383558990265,-0.04999788934472803,0.005250066891816412,0.5713634269904135,-0.005250066891816412,-0.5713634269904135,-0.04999788934472803,-0.00045941383558990265,0.04999788934472803,0.00045941383558990265,2.1141626410995498,2.1141626410995498,2.1141626410995498
10.875,0.15144595503807068,0.28430062532424927,0.24019348621368408,0.17087146639823914,0.26052212715148926,2.354266881942749,0.0,0.0,0.0,0.0,0.00045941383558990265,0.04999788934472803,-0.00045941383558990265,-0.04999788934472803,0.00045941383558990265,0.04999788934472803,-0.00045941383558990265,-0.04999788934472803,0.005250066891816412,0.5713634269904135,-0.005250066891816412,-0.5713634269904135,-0.04999788934472803,-0.00045941383558990265,0.04999788934472803,0.00045941383558990265,2.1141626410995498,2.1141626410995498,2.1141626410995498
10.937999999994645,0.15144595503807068,0.28430062532424927,0.24019348621368408,0.17087146639823914,0.26052212715148926,2.354266881942749,0.0,0.0,0.0,0.0,0.00045941383558990265,0.04999788934472803,-0.00045941383558990265,-0.04999788934472803,0.00045941383558990265,0.04999788934472803,-0.00045941383558990265,-0.04999788934472803,0.005250066891816412,0.5713634269904135,-0.005250066891816412,-0.5713634269904135,-0.04999788934472803,-0.00045941383558990265,0.04999788934472803,0.00045941383558990265,2.1141626410995498,2.1141626410995498,2.1141626410995498
10.98399999999674,0.15144595503807068,0.28430062532424927,0.24019348621368408,0.17087146639823914,0.26052212715148926,2.354266881942749,0.0,0.0,0.0,0.0,0.00045941383558990265,0.04999788934472803,-0.00045941383558990265,-0.04999788934472803,0.00045941383558990265,0.04999788934472803,-0.00045941383558990265,-0.04999788934472803,0.005250066891816412,0.5713634269904135,-0.005250066891816412,-0.5713634269904135,-0.04999788934472803,-0.00045941383558990265,0.04999788934472803,0.00045941383558990265,2.1141626410995498,2.1141626410995498,2.1141626410995498
11.030999999988126,0.15144595503807068,0.28430062532424927,0.24019348621368408,0.17087146639823914,0.26052212715148926,2.354266881942749,0.0,0.0,0.0,0.0,0.00045941383558990265,0.04999788934472803,-0.00045941383558990265,-0.04999788934472803,0.00045941383558990265,0.04999788934472803,-0.00045941383558990265,-0.04999788934472803,0.005250066891816412,0.5713634269904135,-0.005250066891816412,-0.5713634269904135,-0.04999788934472803,-0.00045941383558990265,0.04999788934472803,0.00045941383558990265,2.1141626410995498,2.1141626410995498,2.1141626410995498
11.078000000008615,0.15144595503807068,0.28430062532424927,0.24019348621368408,0.17087146639823914,0.26052212715148926,2.354266881942749,0.0,0.0,0.0,0.0,0.00045941383558990265,0.04999788934472803,-0.00045941383558990265,-0.04999788934472803,0.00045941383558990265,0.04999788934472803,-0.00045941383558990265,-0.04999788934472803,0.005250066891816412,0.5713634269904135,-0.005250066891816412,-0.5713634269904135,-0.04999788934472803,-0.00045941383558990265,0.04999788934472803,0.00045941383558990265,2.1141626410995498,2.1141626410995498,2.1141626410995498
11.14100000000326,0.15144595503807068,0.28430062532424927,0.24019348621368408,0.17087146639823914,0.26052212715148926,2.354266881942749,0.0,0.0,0.0,0.0,0.00045941383558990265,0.04999788934472803,-0.00045941383558990265,-0.04999788934472803,0.00045941383558990265,0.04999788934472803,-0.00045941383558990265,-0.04999788934472803,0.005250066891816412,0.5713634269904135,-0.005250066891816412,-0.5713634269904135,-0.04999788934472803,-0.00045941383558990265,0.04999788934472803,0.00045941383558990265,2.1141626410995498,2.1141626410995498,2.1141626410995498
11.187999999994645,0.15144595503807068,0.28430062532424927,0.24019348621368408,0.17087146639823914,0.26052212715148926,2.354266881942749,0.0,0.0,0.0,0.0,0.00045941383558990265,0.04999788934472803,-0.00045941383558990265,-0.04999788934472803,0.00045941383558990265,0.04999788934472803,-0.00045941383558990265,-0.04999788934472803,0.005250066891816412,0.5713634269904135,-0.005250066891816412,-0.5713634269904135,-0.04999788934472803,-0.00045941383558990265,0.04999788934472803,0.00045941383558990265,2.1141626410995498,2.1141626410995498,2.1141626410995498
11.23399999999674,0.15144595503807068,0.28430062532424927,0.24019348621368408,0.17087146639823914,0.26052212715148926,2.354266881942749,0.0,0.0,0.0,0.0,0.00045941383558990265,0.04999788934472803,-0.00045941383558990265,-0.04999788934472803,0.00045941383558990265,0.04999788934472803,-0.00045941383558990265,-0.04999788934472803,0.005250066891816412,0.5713634269904135,-0.005250066891816412,-0.5713634269904135,-0.04999788934472803,-0.00045941383558990265,0.04999788934472803,0.00045941383558990265,2.1141626410995498,2.1141626410995498,2.1141626410995498
11.280999999988126,0.15144595503807068,0.28430062532424927,0.24019348621368408,0.17087146639823914,0.26052212715148926,2.354266881942749,0.0,0.0,0.0,0.0,0.00045941383558990265,0.04999788934472803,-0.00045941383558990265,-0.04999788934472803,0.00045941383558990265,0.04999788934472803,-0.00045941383558990265,-0.04999788934472803,0.005250066891816412,0.5713634269904135,-0.005250066891816412,-0.5713634269904135,-0.04999788934472803,-0.00045941383558990265,0.04999788934472803,0.00045941383558990265,2.1141626410995498,2.1141626410995498,2.1141626410995498
11.34399999998277,0.15144595503807068,0.28430062532424927,0.24019348621368408,0.17087146639823914,0.26052212715148926,2.354266881942749,0.0,0.0,0.0,0.0,0.00045941383558990265,0.04999788934472803,-0.00045941383558990265,-0.04999788934472803,0.00045941383558990265,0.04999788934472803,-0.00045941383558990265,-0.04999788934472803,0.005250066891816412,0.5713634269904135,-0.005250066891816412,-0.5713634269904135,-0.04999788934472803,-0.00045941383558990265,0.04999788934472803,0.00045941383558990265,2.1141626410995498,2.1141626410995498,2.1141626410995498
11.39100000000326,0.15144595503807068,0.28430062532424927,0.24019348621368408,0.17087146639823914,0.26052212715148926,2.354266881942749,0.0,0.0,0.0,0.0,0.00045941383558990265,0.04999788934472803,-0.00045941383558990265,-0.04999788934472803,0.00045941383558990265,0.04999788934472803,-0.00045941383558990265,-0.04999788934472803,0.005250066891816412,0.5713634269904135,-0.005250066891816412,-0.5713634269904135,-0.04999788934472803,-0.00045941383558990265,0.04999788934472803,0.00045941383558990265,2.1141626410995498,2.1141626410995498,2.1141626410995498
11.437999999994645,0.15144595503807068,0.28430062532424927,0.24019348621368408,0.17087146639823914,0.26052212715148926,2.354266881942749,0.0,0.0,0.0,0.0,0.00045941383558990265,0.04999788934472803,-0.00045941383558990265,-0.04999788934472803,0.00045941383558990265,0.04999788934472803,-0.00045941383558990265,-0.04999788934472803,0.005250066891816412,0.5713634269904135,-0.005250066891816412,-0.5713634269904135,-0.04999788934472803,-0.00045941383558990265,0.04999788934472803,0.00045941383558990265,2.1141626410995498,2.1141626410995498,2.1141626410995498
11.48399999999674,0.15144595503807068,0.28430062532424927,0.24019348621368408,0.17087146639823914,0.26052212715148926,2.354266881942749,0.0,0.0,0.0,0.0,0.00045941383558990265,0.04999788934472803,-0.00045941383558990265,-0.04999788934472803,0.00045941383558990265,0.04999788934472803,-0.00045941383558990265,-0.04999788934472803,0.005250066891816412,0.5713634269904135,-0.005250066891816412,-0.5713634269904135,-0.04999788934472803,-0.00045941383558990265,0.04999788934472803,0.00045941383558990265,2.1141626410995498,2.1141626410995498,2.1141626410995498
11.546999999991385,0.15144595503807068,0.28430062532424927,0.24019348621368408,0.17087146639823914,0.26052212715148926,2.354266881942749,0.0,0.0,0.0,0.0,0.00045941383558990265,0.04999788934472803,-0.00045941383558990265,-0.04999788934472803,0.00045941383558990265,0.04999788934472803,-0.00045941383558990265,-0.04999788934472803,0.005250066891816412,0.5713634269904135,-0.005250066891816412,-0.5713634269904135,-0.04999788934472803,-0.00045941383558990265,0.04999788934472803,0.00045941383558990265,2.1141626410995498,2.1141626410995498,2.1141626410995498
11.59399999998277,0.15144595503807068,0.28430062532424927,0.24019348621368408,0.17087146639823914,0.26052212715148926,2.354266881942749,0.0,0.0,0.0,0.0,0.00045941383558990265,0.04999788934472803,-0.00045941383558990265,-0.04999788934472803,0.00045941383558990265,0.04999788934472803,-0.00045941383558990265,-0.04999788934472803,0.005250066891816412,0.5713634269904135,-0.005250066891816412,-0.5713634269904135,-0.04999788934472803,-0.00045941383558990265,0.04999788934472803,0.00045941383558990265,2.1141626410995498,2.1141626410995498,2.1141626410995498
11.64100000000326,0.15144595503807068,0.28430062532424927,0.24019348621368408,0.17087146639823914,0.26052212715148926,2.354266881942749,0.0,0.0,0.0,0.0,0.00045941383558990265,0.04999788934472803,-0.00045941383558990265,-0.04999788934472803,0.00045941383558990265,0.04999788934472803,-0.00045941383558990265,-0.04999788934472803,0.005250066891816412,0.5713634269904135,-0.005250066891816412,-0.5713634269904135,-0.04999788934472803,-0.00045941383558990265,0.04999788934472803,0.00045941383558990265,2.1141626410995498,2.1141626410995498,2.1141626410995498
11.687999999994645,0.15144595503807068,0.28430062532424927,0.24019348621368408,0.17087146639823914,0.26052212715148926,2.354266881942749,0.0,0.0,0.0,0.0,0.00045941383558990265,0.04999788934472803,-0.00045941383558990265,-0.04999788934472803,0.00045941383558990265,0.04999788934472803,-0.00045941383558990265,-0.04999788934472803,0.005250066891816412,0.5713634269904135,-0.005250066891816412,-0.5713634269904135,-0.04999788934472803,-0.00045941383558990265,0.04999788934472803,0.00045941383558990265,2.1141626410995498,2.1141626410995498,2.1141626410995498
11.75,0.15144595503807068,0.28430062532424927,0.24019348621368408,0.17087146639823914,0.26052212715148926,2.354266881942749,0.0,0.0,0.0,0.0,0.00045941383558990265,0.04999788934472803,-0.00045941383558990265,-0.04999788934472803,0.00045941383558990265,0.04999788934472803,-0.00045941383558990265,-0.04999788934472803,0.005250066891816412,0.5713634269904135,-0.005250066891816412,-0.5713634269904135,-0.04999788934472803,-0.00045941383558990265,0.04999788934472803,0.00045941383558990265,2.1141626410995498,2.1141626410995498,2.1141626410995498
11.796999999991385,0.15144595503807068,0.28430062532424927,0.24019348621368408,0.17087146639823914,0.26052212715148926,2.354266881942749,0.0,0.0,0.0,0.0,0.00045941383558990265,0.04999788934472803,-0.00045941383558990265,-0.04999788934472803,0.00045941383558990265,0.04999788934472803,-0.00045941383558990265,-0.04999788934472803,0.005250066891816412,0.5713634269904135,-0.005250066891816412,-0.5713634269904135,-0.04999788934472803,-0.00045941383558990265,0.04999788934472803,0.00045941383558990265,2.1141626410995498,2.1141626410995498,2.1141626410995498
11.84399999998277,0.15144595503807068,0.28430062532424927,0.24019348621368408,0.17087146639823914,0.26052212715148926,2.354266881942749,0.0,0.0,0.0,0.0,0.00045941383558990265,0.04999788934472803,-0.00045941383558990265,-0.04999788934472803,0.00045941383558990265,0.04999788934472803,-0.00045941383558990265,-0.04999788934472803,0.005250066891816412,0.5713634269904135,-0.005250066891816412,-0.5713634269904135,-0.04999788934472803,-0.00045941383558990265,0.04999788934472803,0.00045941383558990265,2.1141626410995498,2.1141626410995498,2.1141626410995498
11.89100000000326,0.15144595503807068,0.28430062532424927,0.24019348621368408,0.17087146639823914,0.26052212715148926,2.354266881942749,0.0,0.0,0.0,0.0,0.00045941383558990265,0.04999788934472803,-0.00045941383558990265,-0.04999788934472803,0.00045941383558990265,0.04999788934472803,-0.00045941383558990265,-0.04999788934472803,0.005250066891816412,0.5713634269904135,-0.005250066891816412,-0.5713634269904135,-0.04999788934472803,-0.00045941383558990265,0.04999788934472803,0.00045941383558990265,2.1141626410995498,2.1141626410995498,2.1141626410995498
11.953000000008615,0.15144595503807068,0.28430062532424927,0.24019348621368408,0.17087146639823914,0.26052212715148926,2.354266881942749,0.0,0.0,0.0,0.0,0.00045941383558990265,0.04999788934472803,-0.00045941383558990265,-0.04999788934472803,0.00045941383558990265,0.04999788934472803,-0.00045941383558990265,-0.04999788934472803,0.005250066891816412,0.5713634269904135,-0.005250066891816412,-0.5713634269904135,-0.04999788934472803,-0.00045941383558990265,0.04999788934472803,0.00045941383558990265,2.1141626410995498,2.1141626410995498,2.1141626410995498
12.0,0.15144595503807068,0.28430062532424927,0.24019348621368408,0.17087146639823914,0.26052212715148926,2.354266881942749,0.0,0.0,0.0,0.0,0.00045941383558990265,0.04999788934472803,-0.00045941383558990265,-0.04999788934472803,0.00045941383558990265,0.04999788934472803,-0.00045941383558990265,-0.04999788934472803,0.005250066891816412,0.5713634269904135,-0.005250066891816412,-0.5713634269904135,-0.04999788934472803,-0.00045941383558990265,0.04999788934472803,0.00045941383558990265,2.1141626410995498,2.1141626410995498,2.1141626410995498
12.046999999991385,0.15144595503807068,0.28430062532424927,0.24019348621368408,0.17087146639823914,0.26052212715148926,2.354266881942749,0.0,0.0,0.0,0.0,0.00045941383558990265,0.04999788934472803,-0.00045941383558990265,-0.04999788934472803,0.00045941383558990265,0.04999788934472803,-0.00045941383558990265,-0.04999788934472803,0.005250066891816412,0.5713634269904135,-0.005250066891816412,-0.5713634269904135,-0.04999788934472803,-0.00045941383558990265,0.04999788934472803,0.00045941383558990265,2.1141626410995498,2.1141626410995498,2.1141626410995498
12.09399999998277,0.15144595503807068,0.28430062532424927,0.24019348621368408,0.17087146639823914,0.26052212715148926,2.354266881942749,0.0,0.0,0.0,0.0,0.00045941383558990265,0.04999788934472803,-0.00045941383558990265,-0.04999788934472803,0.00045941383558990265,0.04999788934472803,-0.00045941383558990265,-0.04999788934472803,0.005250066891816412,0.5713634269904135,-0.005250066891816412,-0.5713634269904135,-0.04999788934472803,-0.00045941383558990265,0.04999788934472803,0.00045941383558990265,2.1141626410995498,2.1141626410995498,2.1141626410995498
12.155999999988126,0.15144595503807068,0.28430062532424927,0.24019348621368408,0.17087146639823914,0.26052212715148926,2.354266881942749,0.0,0.0,0.0,0.0,0.00045941383558990265,0.04999788934472803,-0.00045941383558990265,-0.04999788934472803,0.00045941383558990265,0.04999788934472803,-0.00045941383558990265,-0.04999788934472803,0.005250066891816412,0.5713634269904135,-0.005250066891816412,-0.5713634269904135,-0.04999788934472803,-0.00045941383558990265,0.04999788934472803,0.00045941383558990265,2.1141626410995498,2.1141626410995498,2.1141626410995498
12.203000000008615,0.15144595503807068,0.28430062532424927,0.24019348621368408,0.17087146639823914,0.26052212715148926,2.354266881942749,0.0,0.0,0.0,0.0,0.00045941383558990265,0.04999788934472803,-0.00045941383558990265,-0.04999788934472803,0.00045941383558990265,0.04999788934472803,-0.00045941383558990265,-0.04999788934472803,0.005250066891816412,0.5713634269904135,-0.005250066891816412,-0.5713634269904135,-0.04999788934472803,-0.00045941383558990265,0.04999788934472803,0.00045941383558990265,2.1141626410995498,2.1141626410995498,2.1141626410995498
12.25,0.15144595503807068,0.28430062532424927,0.24019348621368408,0.17087146639823914,0.26052212715148926,2.354266881942749,0.0,0.0,0.0,0.0,0.00045941383558990265,0.04999788934472803,-0.00045941383558990265,-0.04999788934472803,0.00045941383558990265,0.04999788934472803,-0.00045941383558990265,-0.04999788934472803,0.005250066891816412,0.5713634269904135,-0.005250066891816412,-0.5713634269904135,-0.04999788934472803,-0.00045941383558990265,0.04999788934472803,0.00045941383558990265,2.1141626410995498,2.1141626410995498,2.1141626410995498
12.312999999994645,0.15144595503807068,0.28430062532424927,0.24019348621368408,0.17087146639823914,0.26052212715148926,2.354266881942749,0.0,0.0,0.0,0.0,0.00045941383558990265,0.04999788934472803,-0.00045941383558990265,-0.04999788934472803,0.00045941383558990265,0.04999788934472803,-0.00045941383558990265,-0.04999788934472803,0.005250066891816412,0.5713634269904135,-0.005250066891816412,-0.5713634269904135,-0.04999788934472803,-0.00045941383558990265,0.04999788934472803,0.00045941383558990265,2.1141626410995498,2.1141626410995498,2.1141626410995498
12.35899999999674,0.15144595503807068,0.28430062532424927,0.24019348621368408,0.17087146639823914,0.26052212715148926,2.354266881942749,0.0,0.0,0.0,0.0,0.00045941383558990265,0.04999788934472803,-0.00045941383558990265,-0.04999788934472803,0.00045941383558990265,0.04999788934472803,-0.00045941383558990265,-0.04999788934472803,0.005250066891816412,0.5713634269904135,-0.005250066891816412,-0.5713634269904135,-0.04999788934472803,-0.00045941383558990265,0.04999788934472803,0.00045941383558990265,2.1141626410995498,2.1141626410995498,2.1141626410995498
12.405999999988126,0.15144595503807068,0.28430062532424927,0.24019348621368408,0.17087146639823914,0.26052212715148926,2.354266881942749,0.0,0.0,0.0,0.0,0.00045941383558990265,0.04999788934472803,-0.00045941383558990265,-0.04999788934472803,0.00045941383558990265,0.04999788934472803,-0.00045941383558990265,-0.04999788934472803,0.005250066891816412,0.5713634269904135,-0.005250066891816412,-0.5713634269904135,-0.04999788934472803,-0.00045941383558990265,0.04999788934472803,0.00045941383558990265,2.1141626410995498,2.1141626410995498,2.1141626410995498
12.453000000008615,0.15144595503807068,0.28430062532424927,0.24019348621368408,0.17087146639823914,0.26052212715148926,2.354266881942749,0.0,0.0,0.0,0.0,0.00045941383558990265,0.04999788934472803,-0.00045941383558990265,-0.04999788934472803,0.00045941383558990265,0.04999788934472803,-0.00045941383558990265,-0.04999788934472803,0.005250066891816412,0.5713634269904135,-0.005250066891816412,-0.5713634269904135,-0.04999788934472803,-0.00045941383558990265,0.04999788934472803,0.00045941383558990265,2.1141626410995498,2.1141626410995498,2.1141626410995498
12.5,0.15144595503807068,0.28430062532424927,0.24019348621368408,0.17087146639823914,0.26052212715148926,2.354266881942749,0.0,0.0,0.0,0.0,0.00045941383558990265,0.04999788934472803,-0.00045941383558990265,-0.04999788934472803,0.00045941383558990265,0.04999788934472803,-0.00045941383558990265,-0.04999788934472803,0.005250066891816412,0.5713634269904135,-0.005250066891816412,-0.5713634269904135,-0.04999788934472803,-0.00045941383558990265,0.04999788934472803,0.00045941383558990265,2.1141626410995498,2.1141626410995498,2.1141626410995498
12.546999999991385,0.15144595503807068,0.28430062532424927,0.24019348621368408,0.17087146639823914,0.26052212715148926,2.354266881942749,0.0,0.0,0.0,0.0,0.00045941383558990265,0.04999788934472803,-0.00045941383558990265,-0.04999788934472803,0.00045941383558990265,0.04999788934472803,-0.00045941383558990265,-0.04999788934472803,0.005250066891816412,0.5713634269904135,-0.005250066891816412,-0.5713634269904135,-0.04999788934472803,-0.00045941383558990265,0.04999788934472803,0.00045941383558990265,2.1141626410995498,2.1141626410995498,2.1141626410995498
12.59399999998277,0.15144595503807068,0.28430062532424927,0.24019348621368408,0.17087146639823914,0.26052212715148926,2.354266881942749,0.0,0.0,0.0,0.0,0.00045941383558990265,0.04999788934472803,-0.00045941383558990265,-0.04999788934472803,0.00045941383558990265,0.04999788934472803,-0.00045941383558990265,-0.04999788934472803,0.005250066891816412,0.5713634269904135,-0.005250066891816412,-0.5713634269904135,-0.04999788934472803,-0.00045941383558990265,0.04999788934472803,0.00045941383558990265,2.1141626410995498,2.1141626410995498,2.1141626410995498
12.64100000000326,0.15144595503807068,0.28430062532424927,0.24019348621368408,0.17087146639823914,0.26052212715148926,2.354266881942749,0.0,0.0,0.0,0.0,0.00045941383558990265,0.04999788934472803,-0.00045941383558990265,-0.04999788934472803,0.00045941383558990265,0.04999788934472803,-0.00045941383558990265,-0.04999788934472803,0.005250066891816412,0.5713634269904135,-0.005250066891816412,-0.5713634269904135,-0.04999788934472803,-0.00045941383558990265,0.04999788934472803,0.00045941383558990265,2.1141626410995498,2.1141626410995498,2.1141626410995498
12.703000000008615,0.15144595503807068,0.28430062532424927,0.24019348621368408,0.17087146639823914,0.26052212715148926,2.354266881942749,0.0,0.0,0.0,0.0,0.00045941383558990265,0.04999788934472803,-0.00045941383558990265,-0.04999788934472803,0.00045941383558990265,0.04999788934472803,-0.00045941383558990265,-0.04999788934472803,0.005250066891816412,0.5713634269904135,-0.005250066891816412,-0.5713634269904135,-0.04999788934472803,-0.00045941383558990265,0.04999788934472803,0.00045941383558990265,2.1141626410995498,2.1141626410995498,2.1141626410995498
12.75,0.15144595503807068,0.28430062532424927,0.24019348621368408,0.17087146639823914,0.26052212715148926,2.354266881942749,0.0,0.0,0.0,0.0,0.00045941383558990265,0.04999788934472803,-0.00045941383558990265,-0.04999788934472803,0.00045941383558990265,0.04999788934472803,-0.00045941383558990265,-0.04999788934472803,0.005250066891816412,0.5713634269904135,-0.005250066891816412,-0.5713634269904135,-0.04999788934472803,-0.00045941383558990265,0.04999788934472803,0.00045941383558990265,2.1141626410995498,2.1141626410995498,2.1141626410995498
12.796999999991385,0.15144595503807068,0.28430062532424927,0.24019348621368408,0.17087146639823914,0.26052212715148926,2.354266881942749,0.0,0.0,0.0,0.0,0.00045941383558990265,0.04999788934472803,-0.00045941383558990265,-0.04999788934472803,0.00045941383558990265,0.04999788934472803,-0.00045941383558990265,-0.04999788934472803,0.005250066891816412,0.5713634269904135,-0.005250066891816412,-0.5713634269904135,-0.04999788934472803,-0.00045941383558990265,0.04999788934472803,0.00045941383558990265,2.1141626410995498,2.1141626410995498,2.1141626410995498
12.84399999998277,0.15144595503807068,0.28430062532424927,0.24019348621368408,0.17087146639823914,0.26052212715148926,2.354266881942749,0.0,0.0,0.0,0.0,0.00045941383558990265,0.04999788934472803,-0.00045941383558990265,-0.04999788934472803,0.00045941383558990265,0.04999788934472803,-0.00045941383558990265,-0.04999788934472803,0.005250066891816412,0.5713634269904135,-0.005250066891816412,-0.5713634269904135,-0.04999788934472803,-0.00045941383558990265,0.04999788934472803,0.00045941383558990265,2.1141626410995498,2.1141626410995498,2.1141626410995498
12.905999999988126,0.15144595503807068,0.28430062532424927,0.24019348621368408,0.17087146639823914,0.26052212715148926,2.354266881942749,0.0,0.0,0.0,0.0,0.00045941383558990265,0.04999788934472803,-0.00045941383558990265,-0.04999788934472803,0.00045941383558990265,0.04999788934472803,-0.00045941383558990265,-0.04999788934472803,0.005250066891816412,0.5713634269904135,-0.005250066891816412,-0.5713634269904135,-0.04999788934472803,-0.00045941383558990265,0.04999788934472803,0.00045941383558990265,2.1141626410995498,2.1141626410995498,2.1141626410995498
12.953000000008615,0.15144595503807068,0.28430062532424927,0.24019348621368408,0.17087146639823914,0.26052212715148926,2.354266881942749,0.0,0.0,0.0,0.0,0.00045941383558990265,0.04999788934472803,-0.00045941383558990265,-0.04999788934472803,0.00045941383558990265,0.04999788934472803,-0.00045941383558990265,-0.04999788934472803,0.005250066891816412,0.5713634269904135,-0.005250066891816412,-0.5713634269904135,-0.04999788934472803,-0.00045941383558990265,0.04999788934472803,0.00045941383558990265,2.1141626410995498,2.1141626410995498,2.1141626410995498
13.0,0.15144595503807068,0.28430062532424927,0.24019348621368408,0.17087146639823914,0.26052212715148926,2.354266881942749,0.0,0.0,0.0,0.0,0.00045941383558990265,0.04999788934472803,-0.00045941383558990265,-0.04999788934472803,0.00045941383558990265,0.04999788934472803,-0.00045941383558990265,-0.04999788934472803,0.005250066891816412,0.5713634269904135,-0.005250066891816412,-0.5713634269904135,-0.04999788934472803,-0.00045941383558990265,0.04999788934472803,0.00045941383558990265,2.1141626410995498,2.1141626410995498,2.1141626410995498
13.046999999991385,0.15144595503807068,0.28430062532424927,0.24019348621368408,0.17087146639823914,0.26052212715148926,2.354266881942749,0.0,0.0,0.0,0.0,0.00045941383558990265,0.04999788934472803,-0.00045941383558990265,-0.04999788934472803,0.00045941383558990265,0.04999788934472803,-0.00045941383558990265,-0.04999788934472803,0.005250066891816412,0.5713634269904135,-0.005250066891816412,-0.5713634269904135,-0.04999788934472803,-0.00045941383558990265,0.04999788934472803,0.00045941383558990265,2.1141626410995498,2.1141626410995498,2.1141626410995498
13.10899999999674,0.15144595503807068,0.28430062532424927,0.24019348621368408,0.17087146639823914,0.26052212715148926,2.354266881942749,0.0,0.0,0.0,0.0,0.00045941383558990265,0.04999788934472803,-0.00045941383558990265,-0.04999788934472803,0.00045941383558990265,0.04999788934472803,-0.00045941383558990265,-0.04999788934472803,0.005250066891816412,0.5713634269904135,-0.005250066891816412,-0.5713634269904135,-0.04999788934472803,-0.00045941383558990265,0.04999788934472803,0.00045941383558990265,2.1141626410995498,2.1141626410995498,2.1141626410995498
13.155999999988126,0.15144595503807068,0.28430062532424927,0.24019348621368408,0.17087146639823914,0.26052212715148926,2.354266881942749,0.0,0.0,0.0,0.0,0.00045941383558990265,0.04999788934472803,-0.00045941383558990265,-0.04999788934472803,0.00045941383558990265,0.04999788934472803,-0.00045941383558990265,-0.04999788934472803,0.005250066891816412,0.5713634269904135,-0.005250066891816412,-0.5713634269904135,-0.04999788934472803,-0.00045941383558990265,0.04999788934472803,0.00045941383558990265,2.1141626410995498,2.1141626410995498,2.1141626410995498
13.203000000008615,0.15144595503807068,0.28430062532424927,0.24019348621368408,0.17087146639823914,0.26052212715148926,2.354266881942749,0.0,0.0,0.0,0.0,0.00045941383558990265,0.04999788934472803,-0.00045941383558990265,-0.04999788934472803,0.00045941383558990265,0.04999788934472803,-0.00045941383558990265,-0.04999788934472803,0.005250066891816412,0.5713634269904135,-0.005250066891816412,-0.5713634269904135,-0.04999788934472803,-0.00045941383558990265,0.04999788934472803,0.00045941383558990265,2.1141626410995498,2.1141626410995498,2.1141626410995498
13.25,0.15144595503807068,0.28430062532424927,0.24019348621368408,0.17087146639823914,0.26052212715148926,2.354266881942749,0.0,0.0,0.0,0.0,0.00045941383558990265,0.04999788934472803,-0.00045941383558990265,-0.04999788934472803,0.00045941383558990265,0.04999788934472803,-0.00045941383558990265,-0.04999788934472803,0.005250066891816412,0.5713634269904135,-0.005250066891816412,-0.5713634269904135,-0.04999788934472803,-0.00045941383558990265,0.04999788934472803,0.00045941383558990265,2.1141626410995498,2.1141626410995498,2.1141626410995498
13.312999999994645,0.15144595503807068,0.28430062532424927,0.24019348621368408,0.17087146639823914,0.26052212715148926,2.354266881942749,0.0,0.0,0.0,0.0,0.00045941383558990265,0.04999788934472803,-0.00045941383558990265,-0.04999788934472803,0.00045941383558990265,0.04999788934472803,-0.00045941383558990265,-0.04999788934472803,0.005250066891816412,0.5713634269904135,-0.005250066891816412,-0.5713634269904135,-0.04999788934472803,-0.00045941383558990265,0.04999788934472803,0.00045941383558990265,2.1141626410995498,2.1141626410995498,2.1141626410995498
13.35899999999674,0.15144595503807068,0.28430062532424927,0.24019348621368408,0.17087146639823914,0.26052212715148926,2.354266881942749,0.0,0.0,0.0,0.0,0.00045941383558990265,0.04999788934472803,-0.00045941383558990265,-0.04999788934472803,0.00045941383558990265,0.04999788934472803,-0.00045941383558990265,-0.04999788934472803,0.005250066891816412,0.5713634269904135,-0.005250066891816412,-0.5713634269904135,-0.04999788934472803,-0.00045941383558990265,0.04999788934472803,0.00045941383558990265,2.1141626410995498,2.1141626410995498,2.1141626410995498
13.405999999988126,0.15144595503807068,0.28430062532424927,0.24019348621368408,0.17087146639823914,0.26052212715148926,2.354266881942749,0.0,0.0,0.0,0.0,0.00045941383558990265,0.04999788934472803,-0.00045941383558990265,-0.04999788934472803,0.00045941383558990265,0.04999788934472803,-0.00045941383558990265,-0.04999788934472803,0.005250066891816412,0.5713634269904135,-0.005250066891816412,-0.5713634269904135,-0.04999788934472803,-0.00045941383558990265,0.04999788934472803,0.00045941383558990265,2.1141626410995498,2.1141626410995498,2.1141626410995498
13.453000000008615,0.15144595503807068,0.28430062532424927,0.24019348621368408,0.17087146639823914,0.26052212715148926,2.354266881942749,0.0,0.0,0.0,0.0,0.00045941383558990265,0.04999788934472803,-0.00045941383558990265,-0.04999788934472803,0.00045941383558990265,0.04999788934472803,-0.00045941383558990265,-0.04999788934472803,0.005250066891816412,0.5713634269904135,-0.005250066891816412,-0.5713634269904135,-0.04999788934472803,-0.00045941383558990265,0.04999788934472803,0.00045941383558990265,2.1141626410995498,2.1141626410995498,2.1141626410995498
13.51600000000326,0.15144595503807068,0.28430062532424927,0.24019348621368408,0.17087146639823914,0.26052212715148926,2.354266881942749,0.0,0.0,0.0,0.0,0.00045941383558990265,0.04999788934472803,-0.00045941383558990265,-0.04999788934472803,0.00045941383558990265,0.04999788934472803,-0.00045941383558990265,-0.04999788934472803,0.005250066891816412,0.5713634269904135,-0.005250066891816412,-0.5713634269904135,-0.04999788934472803,-0.00045941383558990265,0.04999788934472803,0.00045941383558990265,2.1141626410995498,2.1141626410995498,2.1141626410995498
13.562999999994645,0.15144595503807068,0.28430062532424927,0.24019348621368408,0.17087146639823914,0.26052212715148926,2.354266881942749,0.0,0.0,0.0,0.0,0.00045941383558990265,0.04999788934472803,-0.00045941383558990265,-0.04999788934472803,0.00045941383558990265,0.04999788934472803,-0.00045941383558990265,-0.04999788934472803,0.005250066891816412,0.5713634269904135,-0.005250066891816412,-0.5713634269904135,-0.04999788934472803,-0.00045941383558990265,0.04999788934472803,0.00045941383558990265,2.1141626410995498,2.1141626410995498,2.1141626410995498
13.60899999999674,0.15144595503807068,0.28430062532424927,0.24019348621368408,0.17087146639823914,0.26052212715148926,2.354266881942749,0.0,0.0,0.0,0.0,0.00045941383558990265,0.04999788934472803,-0.00045941383558990265,-0.04999788934472803,0.00045941383558990265,0.04999788934472803,-0.00045941383558990265,-0.04999788934472803,0.005250066891816412,0.5713634269904135,-0.005250066891816412,-0.5713634269904135,-0.04999788934472803,-0.00045941383558990265,0.04999788934472803,0.00045941383558990265,2.1141626410995498,2.1141626410995498,2.1141626410995498
13.655999999988126,0.15144595503807068,0.28430062532424927,0.24019348621368408,0.17087146639823914,0.26052212715148926,2.354266881942749,0.0,0.0,0.0,0.0,0.00045941383558990265,0.04999788934472803,-0.00045941383558990265,-0.04999788934472803,0.00045941383558990265,0.04999788934472803,-0.00045941383558990265,-0.04999788934472803,0.005250066891816412,0.5713634269904135,-0.005250066891816412,-0.5713634269904135,-0.04999788934472803,-0.00045941383558990265,0.04999788934472803,0.00045941383558990265,2.1141626410995498,2.1141626410995498,2.1141626410995498
13.71899999998277,0.15144595503807068,0.28430062532424927,0.24019348621368408,0.17087146639823914,0.26052212715148926,2.354266881942749,0.0,0.0,0.0,0.0,0.00045941383558990265,0.04999788934472803,-0.00045941383558990265,-0.04999788934472803,0.00045941383558990265,0.04999788934472803,-0.00045941383558990265,-0.04999788934472803,0.005250066891816412,0.5713634269904135,-0.005250066891816412,-0.5713634269904135,-0.04999788934472803,-0.00045941383558990265,0.04999788934472803,0.00045941383558990265,2.1141626410995498,2.1141626410995498,2.1141626410995498
13.76600000000326,0.15144595503807068,0.28430062532424927,0.24019348621368408,0.17087146639823914,0.26052212715148926,2.354266881942749,0.0,0.0,0.0,0.0,0.00045941383558990265,0.04999788934472803,-0.00045941383558990265,-0.04999788934472803,0.00045941383558990265,0.04999788934472803,-0.00045941383558990265,-0.04999788934472803,0.005250066891816412,0.5713634269904135,-0.005250066891816412,-0.5713634269904135,-0.04999788934472803,-0.00045941383558990265,0.04999788934472803,0.00045941383558990265,2.1141626410995498,2.1141626410995498,2.1141626410995498
13.812999999994645,0.15144595503807068,0.28430062532424927,0.24019348621368408,0.17087146639823914,0.26052212715148926,2.354266881942749,0.0,0.0,0.0,0.0,0.00045941383558990265,0.04999788934472803,-0.00045941383558990265,-0.04999788934472803,0.00045941383558990265,0.04999788934472803,-0.00045941383558990265,-0.04999788934472803,0.005250066891816412,0.5713634269904135,-0.005250066891816412,-0.5713634269904135,-0.04999788934472803,-0.00045941383558990265,0.04999788934472803,0.00045941383558990265,2.1141626410995498,2.1141626410995498,2.1141626410995498
13.85899999999674,0.15144595503807068,0.28430062532424927,0.24019348621368408,0.17087146639823914,0.26052212715148926,2.354266881942749,0.0,0.0,0.0,0.0,0.00045941383558990265,0.04999788934472803,-0.00045941383558990265,-0.04999788934472803,0.00045941383558990265,0.04999788934472803,-0.00045941383558990265,-0.04999788934472803,0.005250066891816412,0.5713634269904135,-0.005250066891816412,-0.5713634269904135,-0.04999788934472803,-0.00045941383558990265,0.04999788934472803,0.00045941383558990265,2.1141626410995498,2.1141626410995498,2.1141626410995498
13.921999999991385,0.15144595503807068,0.28430062532424927,0.24019348621368408,0.17087146639823914,0.26052212715148926,2.354266881942749,0.0,0.0,0.0,0.0,0.00045941383558990265,0.04999788934472803,-0.00045941383558990265,-0.04999788934472803,0.00045941383558990265,0.04999788934472803,-0.00045941383558990265,-0.04999788934472803,0.005250066891816412,0.5713634269904135,-0.005250066891816412,-0.5713634269904135,-0.04999788934472803,-0.00045941383558990265,0.04999788934472803,0.00045941383558990265,2.1141626410995498,2.1141626410995498,2.1141626410995498
13.96899999998277,0.15144595503807068,0.28430062532424927,0.24019348621368408,0.17087146639823914,0.26052212715148926,2.354266881942749,0.0,0.0,0.0,0.0,0.00045941383558990265,0.04999788934472803,-0.00045941383558990265,-0.04999788934472803,0.00045941383558990265,0.04999788934472803,-0.00045941383558990265,-0.04999788934472803,0.005250066891816412,0.5713634269904135,-0.005250066891816412,-0.5713634269904135,-0.04999788934472803,-0.00045941383558990265,0.04999788934472803,0.00045941383558990265,2.1141626410995498,2.1141626410995498,2.1141626410995498
14.01600000000326,0.15144595503807068,0.28430062532424927,0.24019348621368408,0.17087146639823914,0.26052212715148926,2.354266881942749,0.0,0.0,0.0,0.0,0.00045941383558990265,0.04999788934472803,-0.00045941383558990265,-0.04999788934472803,0.00045941383558990265,0.04999788934472803,-0.00045941383558990265,-0.04999788934472803,0.005250066891816412,0.5713634269904135,-0.005250066891816412,-0.5713634269904135,-0.04999788934472803,-0.00045941383558990265,0.04999788934472803,0.00045941383558990265,2.1141626410995498,2.1141626410995498,2.1141626410995498
14.062999999994645,0.15144595503807068,0.28430062532424927,0.24019348621368408,0.17087146639823914,0.26052212715148926,2.354266881942749,0.0,0.0,0.0,0.0,0.00045941383558990265,0.04999788934472803,-0.00045941383558990265,-0.04999788934472803,0.00045941383558990265,0.04999788934472803,-0.00045941383558990265,-0.04999788934472803,0.005250066891816412,0.5713634269904135,-0.005250066891816412,-0.5713634269904135,-0.04999788934472803,-0.00045941383558990265,0.04999788934472803,0.00045941383558990265,2.1141626410995498,2.1141626410995498,2.1141626410995498
14.125,0.15144595503807068,0.28430062532424927,0.24019348621368408,0.17087146639823914,0.26052212715148926,2.354266881942749,0.0,0.0,0.0,0.0,0.00045941383558990265,0.04999788934472803,-0.00045941383558990265,-0.04999788934472803,0.00045941383558990265,0.04999788934472803,-0.00045941383558990265,-0.04999788934472803,0.005250066891816412,0.5713634269904135,-0.005250066891816412,-0.5713634269904135,-0.04999788934472803,-0.00045941383558990265,0.04999788934472803,0.00045941383558990265,2.1141626410995498,2.1141626410995498,2.1141626410995498
14.171999999991385,0.15144595503807068,0.28430062532424927,0.24019348621368408,0.17087146639823914,0.26052212715148926,2.354266881942749,0.0,0.0,0.0,0.0,0.00045941383558990265,0.04999788934472803,-0.00045941383558990265,-0.04999788934472803,0.00045941383558990265,0.04999788934472803,-0.00045941383558990265,-0.04999788934472803,0.005250066891816412,0.5713634269904135,-0.005250066891816412,-0.5713634269904135,-0.04999788934472803,-0.00045941383558990265,0.04999788934472803,0.00045941383558990265,2.1141626410995498,2.1141626410995498,2.1141626410995498
14.21899999998277,0.15144595503807068,0.28430062532424927,0.24019348621368408,0.17087146639823914,0.26052212715148926,2.354266881942749,0.0,0.0,0.0,0.0,0.00045941383558990265,0.04999788934472803,-0.00045941383558990265,-0.04999788934472803,0.00045941383558990265,0.04999788934472803,-0.00045941383558990265,-0.04999788934472803,0.005250066891816412,0.5713634269904135,-0.005250066891816412,-0.5713634269904135,-0.04999788934472803,-0.00045941383558990265,0.04999788934472803,0.00045941383558990265,2.1141626410995498,2.1141626410995498,2.1141626410995498
14.26600000000326,0.15144595503807068,0.28430062532424927,0.24019348621368408,0.17087146639823914,0.26052212715148926,2.354266881942749,0.0,0.0,0.0,0.0,0.00045941383558990265,0.04999788934472803,-0.00045941383558990265,-0.04999788934472803,0.00045941383558990265,0.04999788934472803,-0.00045941383558990265,-0.04999788934472803,0.005250066891816412,0.5713634269904135,-0.005250066891816412,-0.5713634269904135,-0.04999788934472803,-0.00045941383558990265,0.04999788934472803,0.00045941383558990265,2.1141626410995498,2.1141626410995498,2.1141626410995498
14.328000000008615,0.15144595503807068,0.28430062532424927,0.24019348621368408,0.17087146639823914,0.26052212715148926,2.354266881942749,0.0,0.0,0.0,0.0,0.00045941383558990265,0.04999788934472803,-0.00045941383558990265,-0.04999788934472803,0.00045941383558990265,0.04999788934472803,-0.00045941383558990265,-0.04999788934472803,0.005250066891816412,0.5713634269904135,-0.005250066891816412,-0.5713634269904135,-0.04999788934472803,-0.00045941383558990265,0.04999788934472803,0.00045941383558990265,2.1141626410995498,2.1141626410995498,2.1141626410995498
14.375,0.15144595503807068,0.28430062532424927,0.24019348621368408,0.17087146639823914,0.26052212715148926,2.354266881942749,0.0,0.0,0.0,0.0,0.00045941383558990265,0.04999788934472803,-0.00045941383558990265,-0.04999788934472803,0.00045941383558990265,0.04999788934472803,-0.00045941383558990265,-0.04999788934472803,0.005250066891816412,0.5713634269904135,-0.005250066891816412,-0.5713634269904135,-0.04999788934472803,-0.00045941383558990265,0.04999788934472803,0.00045941383558990265,2.1141626410995498,2.1141626410995498,2.1141626410995498
14.421999999991385,0.15144595503807068,0.28430062532424927,0.24019348621368408,0.17087146639823914,0.26052212715148926,2.354266881942749,0.0,0.0,0.0,0.0,0.00045941383558990265,0.04999788934472803,-0.00045941383558990265,-0.04999788934472803,0.00045941383558990265,0.04999788934472803,-0.00045941383558990265,-0.04999788934472803,0.005250066891816412,0.5713634269904135,-0.005250066891816412,-0.5713634269904135,-0.04999788934472803,-0.00045941383558990265,0.04999788934472803,0.00045941383558990265,2.1141626410995498,2.1141626410995498,2.1141626410995498
14.46899999998277,0.15144595503807068,0.28430062532424927,0.24019348621368408,0.17087146639823914,0.26052212715148926,2.354266881942749,0.0,0.0,0.0,0.0,0.00045941383558990265,0.04999788934472803,-0.00045941383558990265,-0.04999788934472803,0.00045941383558990265,0.04999788934472803,-0.00045941383558990265,-0.04999788934472803,0.005250066891816412,0.5713634269904135,-0.005250066891816412,-0.5713634269904135,-0.04999788934472803,-0.00045941383558990265,0.04999788934472803,0.00045941383558990265,2.1141626410995498,2.1141626410995498,2.1141626410995498
14.51600000000326,0.15144595503807068,0.28430062532424927,0.24019348621368408,0.17087146639823914,0.26052212715148926,2.354266881942749,0.0,0.0,0.0,0.0,0.00045941383558990265,0.04999788934472803,-0.00045941383558990265,-0.04999788934472803,0.00045941383558990265,0.04999788934472803,-0.00045941383558990265,-0.04999788934472803,0.005250066891816412,0.5713634269904135,-0.005250066891816412,-0.5713634269904135,-0.04999788934472803,-0.00045941383558990265,0.04999788934472803,0.00045941383558990265,2.1141626410995498,2.1141626410995498,2.1141626410995498
14.562999999994645,0.15144595503807068,0.28430062532424927,0.24019348621368408,0.17087146639823914,0.26052212715148926,2.354266881942749,0.0,0.0,0.0,0.0,0.00045941383558990265,0.04999788934472803,-0.00045941383558990265,-0.04999788934472803,0.00045941383558990265,0.04999788934472803,-0.00045941383558990265,-0.04999788934472803,0.005250066891816412,0.5713634269904135,-0.005250066891816412,-0.5713634269904135,-0.04999788934472803,-0.00045941383558990265,0.04999788934472803,0.00045941383558990265,2.1141626410995498,2.1141626410995498,2.1141626410995498
14.60899999999674,0.15144595503807068,0.28430062532424927,0.24019348621368408,0.17087146639823914,0.26052212715148926,2.354266881942749,0.0,0.0,0.0,0.0,0.00045941383558990265,0.04999788934472803,-0.00045941383558990265,-0.04999788934472803,0.00045941383558990265,0.04999788934472803,-0.00045941383558990265,-0.04999788934472803,0.005250066891816412,0.5713634269904135,-0.005250066891816412,-0.5713634269904135,-0.04999788934472803,-0.00045941383558990265,0.04999788934472803,0.00045941383558990265,2.1141626410995498,2.1141626410995498,2.1141626410995498
14.671999999991385,0.15144595503807068,0.28430062532424927,0.24019348621368408,0.17087146639823914,0.26052212715148926,2.354266881942749,0.0,0.0,0.0,0.0,0.00045941383558990265,0.04999788934472803,-0.00045941383558990265,-0.04999788934472803,0.00045941383558990265,0.04999788934472803,-0.00045941383558990265,-0.04999788934472803,0.005250066891816412,0.5713634269904135,-0.005250066891816412,-0.5713634269904135,-0.04999788934472803,-0.00045941383558990265,0.04999788934472803,0.00045941383558990265,2.1141626410995498,2.1141626410995498,2.1141626410995498
14.71899999998277,0.15144595503807068,0.28430062532424927,0.24019348621368408,0.17087146639823914,0.26052212715148926,2.354266881942749,0.0,0.0,0.0,0.0,0.00045941383558990265,0.04999788934472803,-0.00045941383558990265,-0.04999788934472803,0.00045941383558990265,0.04999788934472803,-0.00045941383558990265,-0.04999788934472803,0.005250066891816412,0.5713634269904135,-0.005250066891816412,-0.5713634269904135,-0.04999788934472803,-0.00045941383558990265,0.04999788934472803,0.00045941383558990265,2.1141626410995498,2.1141626410995498,2.1141626410995498
14.76600000000326,0.15144595503807068,0.28430062532424927,0.24019348621368408,0.17087146639823914,0.26052212715148926,2.354266881942749,0.0,0.0,0.0,0.0,0.00045941383558990265,0.04999788934472803,-0.00045941383558990265,-0.04999788934472803,0.00045941383558990265,0.04999788934472803,-0.00045941383558990265,-0.04999788934472803,0.005250066891816412,0.5713634269904135,-0.005250066891816412,-0.5713634269904135,-0.04999788934472803,-0.00045941383558990265,0.04999788934472803,0.00045941383558990265,2.1141626410995498,2.1141626410995498,2.1141626410995498
14.812999999994645,0.15144595503807068,0.28430062532424927,0.24019348621368408,0.17087146639823914,0.26052212715148926,2.354266881942749,0.0,0.0,0.0,0.0,0.00045941383558990265,0.04999788934472803,-0.00045941383558990265,-0.04999788934472803,0.00045941383558990265,0.04999788934472803,-0.00045941383558990265,-0.04999788934472803,0.005250066891816412,0.5713634269904135,-0.005250066891816412,-0.5713634269904135,-0.04999788934472803,-0.00045941383558990265,0.04999788934472803,0.00045941383558990265,2.1141626410995498,2.1141626410995498,2.1141626410995498
14.875,0.15144595503807068,0.28430062532424927,0.24019348621368408,0.17087146639823914,0.26052212715148926,2.354266881942749,0.0,0.0,0.0,0.0,0.00045941383558990265,0.04999788934472803,-0.00045941383558990265,-0.04999788934472803,0.00045941383558990265,0.04999788934472803,-0.00045941383558990265,-0.04999788934472803,0.005250066891816412,0.5713634269904135,-0.005250066891816412,-0.5713634269904135,-0.04999788934472803,-0.00045941383558990265,0.04999788934472803,0.00045941383558990265,2.1141626410995498,2.1141626410995498,2.1141626410995498
14.921999999991385,0.15144595503807068,0.28430062532424927,0.24019348621368408,0.17087146639823914,0.26052212715148926,2.354266881942749,0.0,0.0,0.0,0.0,0.00045941383558990265,0.04999788934472803,-0.00045941383558990265,-0.04999788934472803,0.00045941383558990265,0.04999788934472803,-0.00045941383558990265,-0.04999788934472803,0.005250066891816412,0.5713634269904135,-0.005250066891816412,-0.5713634269904135,-0.04999788934472803,-0.00045941383558990265,0.04999788934472803,0.00045941383558990265,2.1141626410995498,2.1141626410995498,2.1141626410995498
14.96899999998277,0.15144595503807068,0.28430062532424927,0.24019348621368408,0.17087146639823914,0.26052212715148926,2.354266881942749,0.0,0.0,0.0,0.0,0.00045941383558990265,0.04999788934472803,-0.00045941383558990265,-0.04999788934472803,0.00045941383558990265,0.04999788934472803,-0.00045941383558990265,-0.04999788934472803,0.005250066891816412,0.5713634269904135,-0.005250066891816412,-0.5713634269904135,-0.04999788934472803,-0.00045941383558990265,0.04999788934472803,0.00045941383558990265,2.1141626410995498,2.1141626410995498,2.1141626410995498
15.01600000000326,0.15144595503807068,0.28430062532424927,0.24019348621368408,0.17087146639823914,0.26052212715148926,2.354266881942749,0.0,0.0,0.0,0.0,0.00045941383558990265,0.04999788934472803,-0.00045941383558990265,-0.04999788934472803,0.00045941383558990265,0.04999788934472803,-0.00045941383558990265,-0.04999788934472803,0.005250066891816412,0.5713634269904135,-0.005250066891816412,-0.5713634269904135,-0.04999788934472803,-0.00045941383558990265,0.04999788934472803,0.00045941383558990265,2.1141626410995498,2.1141626410995498,2.1141626410995498
15.078000000008615,0.15144595503807068,0.28430062532424927,0.24019348621368408,0.17087146639823914,0.26052212715148926,2.354266881942749,0.0,0.0,0.0,0.0,0.00045941383558990265,0.04999788934472803,-0.00045941383558990265,-0.04999788934472803,0.00045941383558990265,0.04999788934472803,-0.00045941383558990265,-0.04999788934472803,0.005250066891816412,0.5713634269904135,-0.005250066891816412,-0.5713634269904135,-0.04999788934472803,-0.00045941383558990265,0.04999788934472803,0.00045941383558990265,2.1141626410995498,2.1141626410995498,2.1141626410995498
15.125,0.15144595503807068,0.28430062532424927,0.24019348621368408,0.17087146639823914,0.26052212715148926,2.354266881942749,0.0,0.0,0.0,0.0,0.00045941383558990265,0.04999788934472803,-0.00045941383558990265,-0.04999788934472803,0.00045941383558990265,0.04999788934472803,-0.00045941383558990265,-0.04999788934472803,0.005250066891816412,0.5713634269904135,-0.005250066891816412,-0.5713634269904135,-0.04999788934472803,-0.00045941383558990265,0.04999788934472803,0.00045941383558990265,2.1141626410995498,2.1141626410995498,2.1141626410995498
15.171999999991385,0.15144595503807068,0.28430062532424927,0.24019348621368408,0.17087146639823914,0.26052212715148926,2.354266881942749,0.0,0.0,0.0,0.0,0.00045941383558990265,0.04999788934472803,-0.00045941383558990265,-0.04999788934472803,0.00045941383558990265,0.04999788934472803,-0.00045941383558990265,-0.04999788934472803,0.005250066891816412,0.5713634269904135,-0.005250066891816412,-0.5713634269904135,-0.04999788934472803,-0.00045941383558990265,0.04999788934472803,0.00045941383558990265,2.1141626410995498,2.1141626410995498,2.1141626410995498
15.21899999998277,0.15144595503807068,0.28430062532424927,0.24019348621368408,0.17087146639823914,0.26052212715148926,2.354266881942749,0.0,0.0,0.0,0.0,0.00045941383558990265,0.04999788934472803,-0.00045941383558990265,-0.04999788934472803,0.00045941383558990265,0.04999788934472803,-0.00045941383558990265,-0.04999788934472803,0.005250066891816412,0.5713634269904135,-0.005250066891816412,-0.5713634269904135,-0.04999788934472803,-0.00045941383558990265,0.04999788934472803,0.00045941383558990265,2.1141626410995498,2.1141626410995498,2.1141626410995498
15.26600000000326,0.15144595503807068,0.28430062532424927,0.24019348621368408,0.17087146639823914,0.26052212715148926,2.354266881942749,0.0,0.0,0.0,0.0,0.00045941383558990265,0.04999788934472803,-0.00045941383558990265,-0.04999788934472803,0.00045941383558990265,0.04999788934472803,-0.00045941383558990265,-0.04999788934472803,0.005250066891816412,0.5713634269904135,-0.005250066891816412,-0.5713634269904135,-0.04999788934472803,-0.00045941383558990265,0.04999788934472803,0.00045941383558990265,2.1141626410995498,2.1141626410995498,2.1141626410995498
15.328000000008615,0.15144595503807068,0.28430062532424927,0.24019348621368408,0.17087146639823914,0.26052212715148926,2.354266881942749,0.0,0.0,0.0,0.0,0.00045941383558990265,0.04999788934472803,-0.00045941383558990265,-0.04999788934472803,0.00045941383558990265,0.04999788934472803,-0.00045941383558990265,-0.04999788934472803,0.005250066891816412,0.5713634269904135,-0.005250066891816412,-0.5713634269904135,-0.04999788934472803,-0.00045941383558990265,0.04999788934472803,0.00045941383558990265,2.1141626410995498,2.1141626410995498,2.1141626410995498
15.375,0.15144595503807068,0.28430062532424927,0.24019348621368408,0.17087146639823914,0.26052212715148926,2.354266881942749,0.0,0.0,0.0,0.0,0.00045941383558990265,0.04999788934472803,-0.00045941383558990265,-0.04999788934472803,0.00045941383558990265,0.04999788934472803,-0.00045941383558990265,-0.04999788934472803,0.005250066891816412,0.5713634269904135,-0.005250066891816412,-0.5713634269904135,-0.04999788934472803,-0.00045941383558990265,0.04999788934472803,0.00045941383558990265,2.1141626410995498,2.1141626410995498,2.1141626410995498
15.421999999991385,0.15144595503807068,0.28430062532424927,0.24019348621368408,0.17087146639823914,0.26052212715148926,2.354266881942749,0.0,0.0,0.0,0.0,0.00045941383558990265,0.04999788934472803,-0.00045941383558990265,-0.04999788934472803,0.00045941383558990265,0.04999788934472803,-0.00045941383558990265,-0.04999788934472803,0.005250066891816412,0.5713634269904135,-0.005250066891816412,-0.5713634269904135,-0.04999788934472803,-0.00045941383558990265,0.04999788934472803,0.00045941383558990265,2.1141626410995498,2.1141626410995498,2.1141626410995498
15.46899999998277,0.15144595503807068,0.28430062532424927,0.24019348621368408,0.17087146639823914,0.26052212715148926,2.354266881942749,0.0,0.0,0.0,0.0,0.00045941383558990265,0.04999788934472803,-0.00045941383558990265,-0.04999788934472803,0.00045941383558990265,0.04999788934472803,-0.00045941383558990265,-0.04999788934472803,0.005250066891816412,0.5713634269904135,-0.005250066891816412,-0.5713634269904135,-0.04999788934472803,-0.00045941383558990265,0.04999788934472803,0.00045941383558990265,2.1141626410995498,2.1141626410995498,2.1141626410995498
15.530999999988126,0.15144595503807068,0.28430062532424927,0.24019348621368408,0.17087146639823914,0.26052212715148926,2.354266881942749,0.0,0.0,0.0,0.0,0.00045941383558990265,0.04999788934472803,-0.00045941383558990265,-0.04999788934472803,0.00045941383558990265,0.04999788934472803,-0.00045941383558990265,-0.04999788934472803,0.005250066891816412,0.5713634269904135,-0.005250066891816412,-0.5713634269904135,-0.04999788934472803,-0.00045941383558990265,0.04999788934472803,0.00045941383558990265,2.1141626410995498,2.1141626410995498,2.1141626410995498
15.578000000008615,0.15144595503807068,0.28430062532424927,0.24019348621368408,0.17087146639823914,0.26052212715148926,2.354266881942749,0.0,0.0,0.0,0.0,0.00045941383558990265,0.04999788934472803,-0.00045941383558990265,-0.04999788934472803,0.00045941383558990265,0.04999788934472803,-0.00045941383558990265,-0.04999788934472803,0.005250066891816412,0.5713634269904135,-0.005250066891816412,-0.5713634269904135,-0.04999788934472803,-0.00045941383558990265,0.04999788934472803,0.00045941383558990265,2.1141626410995498,2.1141626410995498,2.1141626410995498
15.625,0.15144595503807068,0.28430062532424927,0.24019348621368408,0.17087146639823914,0.26052212715148926,2.354266881942749,0.0,0.0,0.0,0.0,0.00045941383558990265,0.04999788934472803,-0.00045941383558990265,-0.04999788934472803,0.00045941383558990265,0.04999788934472803,-0.00045941383558990265,-0.04999788934472803,0.005250066891816412,0.5713634269904135,-0.005250066891816412,-0.5713634269904135,-0.04999788934472803,-0.00045941383558990265,0.04999788934472803,0.00045941383558990265,2.1141626410995498,2.1141626410995498,2.1141626410995498
15.671999999991385,0.15144595503807068,0.28430062532424927,0.24019348621368408,0.17087146639823914,0.26052212715148926,2.354266881942749,0.0,0.0,0.0,0.0,0.00045941383558990265,0.04999788934472803,-0.00045941383558990265,-0.04999788934472803,0.00045941383558990265,0.04999788934472803,-0.00045941383558990265,-0.04999788934472803,0.005250066891816412,0.5713634269904135,-0.005250066891816412,-0.5713634269904135,-0.04999788934472803,-0.00045941383558990265,0.04999788934472803,0.00045941383558990265,2.1141626410995498,2.1141626410995498,2.1141626410995498
15.73399999999674,0.15144595503807068,0.28430062532424927,0.24019348621368408,0.17087146639823914,0.26052212715148926,2.354266881942749,0.0,0.0,0.0,0.0,0.00045941383558990265,0.04999788934472803,-0.00045941383558990265,-0.04999788934472803,0.00045941383558990265,0.04999788934472803,-0.00045941383558990265,-0.04999788934472803,0.005250066891816412,0.5713634269904135,-0.005250066891816412,-0.5713634269904135,-0.04999788934472803,-0.00045941383558990265,0.04999788934472803,0.00045941383558990265,2.1141626410995498,2.1141626410995498,2.1141626410995498
15.780999999988126,0.15144595503807068,0.28430062532424927,0.24019348621368408,0.17087146639823914,0.26052212715148926,2.354266881942749,0.0,0.0,0.0,0.0,0.00045941383558990265,0.04999788934472803,-0.00045941383558990265,-0.04999788934472803,0.00045941383558990265,0.04999788934472803,-0.00045941383558990265,-0.04999788934472803,0.005250066891816412,0.5713634269904135,-0.005250066891816412,-0.5713634269904135,-0.04999788934472803,-0.00045941383558990265,0.04999788934472803,0.00045941383558990265,2.1141626410995498,2.1141626410995498,2.1141626410995498
15.828000000008615,0.15144595503807068,0.28430062532424927,0.24019348621368408,0.17087146639823914,0.26052212715148926,2.354266881942749,0.0,0.0,0.0,0.0,0.00045941383558990265,0.04999788934472803,-0.00045941383558990265,-0.04999788934472803,0.00045941383558990265,0.04999788934472803,-0.00045941383558990265,-0.04999788934472803,0.005250066891816412,0.5713634269904135,-0.005250066891816412,-0.5713634269904135,-0.04999788934472803,-0.00045941383558990265,0.04999788934472803,0.00045941383558990265,2.1141626410995498,2.1141626410995498,2.1141626410995498
15.875,0.15144595503807068,0.28430062532424927,0.24019348621368408,0.17087146639823914,0.26052212715148926,2.354266881942749,0.0,0.0,0.0,0.0,0.00045941383558990265,0.04999788934472803,-0.00045941383558990265,-0.04999788934472803,0.00045941383558990265,0.04999788934472803,-0.00045941383558990265,-0.04999788934472803,0.005250066891816412,0.5713634269904135,-0.005250066891816412,-0.5713634269904135,-0.04999788934472803,-0.00045941383558990265,0.04999788934472803,0.00045941383558990265,2.1141626410995498,2.1141626410995498,2.1141626410995498
15.937999999994645,0.15144595503807068,0.28430062532424927,0.24019348621368408,0.17087146639823914,0.26052212715148926,2.354266881942749,0.0,0.0,0.0,0.0,0.00045941383558990265,0.04999788934472803,-0.00045941383558990265,-0.04999788934472803,0.00045941383558990265,0.04999788934472803,-0.00045941383558990265,-0.04999788934472803,0.005250066891816412,0.5713634269904135,-0.005250066891816412,-0.5713634269904135,-0.04999788934472803,-0.00045941383558990265,0.04999788934472803,0.00045941383558990265,2.1141626410995498,2.1141626410995498,2.1141626410995498
15.98399999999674,0.15144595503807068,0.28430062532424927,0.24019348621368408,0.17087146639823914,0.26052212715148926,2.354266881942749,0.0,0.0,0.0,0.0,0.00045941383558990265,0.04999788934472803,-0.00045941383558990265,-0.04999788934472803,0.00045941383558990265,0.04999788934472803,-0.00045941383558990265,-0.04999788934472803,0.005250066891816412,0.5713634269904135,-0.005250066891816412,-0.5713634269904135,-0.04999788934472803,-0.00045941383558990265,0.04999788934472803,0.00045941383558990265,2.1141626410995498,2.1141626410995498,2.1141626410995498
16.030999999988126,0.15144595503807068,0.28430062532424927,0.24019348621368408,0.17087146639823914,0.26052212715148926,2.354266881942749,0.0,0.0,0.0,0.0,0.00045941383558990265,0.04999788934472803,-0.00045941383558990265,-0.04999788934472803,0.00045941383558990265,0.04999788934472803,-0.00045941383558990265,-0.04999788934472803,0.005250066891816412,0.5713634269904135,-0.005250066891816412,-0.5713634269904135,-0.04999788934472803,-0.00045941383558990265,0.04999788934472803,0.00045941383558990265,2.1141626410995498,2.1141626410995498,2.1141626410995498
16.078000000008615,0.15144595503807068,0.28430062532424927,0.24019348621368408,0.17087146639823914,0.26052212715148926,2.354266881942749,0.0,0.0,0.0,0.0,0.00045941383558990265,0.04999788934472803,-0.00045941383558990265,-0.04999788934472803,0.00045941383558990265,0.04999788934472803,-0.00045941383558990265,-0.04999788934472803,0.005250066891816412,0.5713634269904135,-0.005250066891816412,-0.5713634269904135,-0.04999788934472803,-0.00045941383558990265,0.04999788934472803,0.00045941383558990265,2.1141626410995498,2.1141626410995498,2.1141626410995498
16.14100000000326,0.15144595503807068,0.28430062532424927,0.24019348621368408,0.17087146639823914,0.26052212715148926,2.354266881942749,0.0,0.0,0.0,0.0,0.00045941383558990265,0.04999788934472803,-0.00045941383558990265,-0.04999788934472803,0.00045941383558990265,0.04999788934472803,-0.00045941383558990265,-0.04999788934472803,0.005250066891816412,0.5713634269904135,-0.005250066891816412,-0.5713634269904135,-0.04999788934472803,-0.00045941383558990265,0.04999788934472803,0.00045941383558990265,2.1141626410995498,2.1141626410995498,2.1141626410995498
16.187999999994645,0.15144595503807068,0.28430062532424927,0.24019348621368408,0.17087146639823914,0.26052212715148926,2.354266881942749,0.0,0.0,0.0,0.0,0.00045941383558990265,0.04999788934472803,-0.00045941383558990265,-0.04999788934472803,0.00045941383558990265,0.04999788934472803,-0.00045941383558990265,-0.04999788934472803,0.005250066891816412,0.5713634269904135,-0.005250066891816412,-0.5713634269904135,-0.04999788934472803,-0.00045941383558990265,0.04999788934472803,0.00045941383558990265,2.1141626410995498,2.1141626410995498,2.1141626410995498
16.23399999999674,0.15144595503807068,0.28430062532424927,0.24019348621368408,0.17087146639823914,0.26052212715148926,2.354266881942749,0.0,0.0,0.0,0.0,0.00045941383558990265,0.04999788934472803,-0.00045941383558990265,-0.04999788934472803,0.00045941383558990265,0.04999788934472803,-0.00045941383558990265,-0.04999788934472803,0.005250066891816412,0.5713634269904135,-0.005250066891816412,-0.5713634269904135,-0.04999788934472803,-0.00045941383558990265,0.04999788934472803,0.00045941383558990265,2.1141626410995498,2.1141626410995498,2.1141626410995498
16.280999999988126,0.15144595503807068,0.28430062532424927,0.24019348621368408,0.17087146639823914,0.26052212715148926,2.354266881942749,0.0,0.0,0.0,0.0,0.00045941383558990265,0.04999788934472803,-0.00045941383558990265,-0.04999788934472803,0.00045941383558990265,0.04999788934472803,-0.00045941383558990265,-0.04999788934472803,0.005250066891816412,0.5713634269904135,-0.005250066891816412,-0.5713634269904135,-0.04999788934472803,-0.00045941383558990265,0.04999788934472803,0.00045941383558990265,2.1141626410995498,2.1141626410995498,2.1141626410995498
16.34399999998277,0.15144595503807068,0.28430062532424927,0.24019348621368408,0.17087146639823914,0.26052212715148926,2.354266881942749,0.0,0.0,0.0,0.0,0.00045941383558990265,0.04999788934472803,-0.00045941383558990265,-0.04999788934472803,0.00045941383558990265,0.04999788934472803,-0.00045941383558990265,-0.04999788934472803,0.005250066891816412,0.5713634269904135,-0.005250066891816412,-0.5713634269904135,-0.04999788934472803,-0.00045941383558990265,0.04999788934472803,0.00045941383558990265,2.1141626410995498,2.1141626410995498,2.1141626410995498
16.39100000000326,0.15144595503807068,0.28430062532424927,0.24019348621368408,0.17087146639823914,0.26052212715148926,2.354266881942749,0.0,0.0,0.0,0.0,0.00045941383558990265,0.04999788934472803,-0.00045941383558990265,-0.04999788934472803,0.00045941383558990265,0.04999788934472803,-0.00045941383558990265,-0.04999788934472803,0.005250066891816412,0.5713634269904135,-0.005250066891816412,-0.5713634269904135,-0.04999788934472803,-0.00045941383558990265,0.04999788934472803,0.00045941383558990265,2.1141626410995498,2.1141626410995498,2.1141626410995498
16.437999999994645,0.15144595503807068,0.28430062532424927,0.24019348621368408,0.17087146639823914,0.26052212715148926,2.354266881942749,0.0,0.0,0.0,0.0,0.00045941383558990265,0.04999788934472803,-0.00045941383558990265,-0.04999788934472803,0.00045941383558990265,0.04999788934472803,-0.00045941383558990265,-0.04999788934472803,0.005250066891816412,0.5713634269904135,-0.005250066891816412,-0.5713634269904135,-0.04999788934472803,-0.00045941383558990265,0.04999788934472803,0.00045941383558990265,2.1141626410995498,2.1141626410995498,2.1141626410995498
16.48399999999674,0.15144595503807068,0.28430062532424927,0.24019348621368408,0.17087146639823914,0.26052212715148926,2.354266881942749,0.0,0.0,0.0,0.0,0.00045941383558990265,0.04999788934472803,-0.00045941383558990265,-0.04999788934472803,0.00045941383558990265,0.04999788934472803,-0.00045941383558990265,-0.04999788934472803,0.005250066891816412,0.5713634269904135,-0.005250066891816412,-0.5713634269904135,-0.04999788934472803,-0.00045941383558990265,0.04999788934472803,0.00045941383558990265,2.1141626410995498,2.1141626410995498,2.1141626410995498
16.546999999991385,0.15144595503807068,0.28430062532424927,0.24019348621368408,0.17087146639823914,0.26052212715148926,2.354266881942749,0.0,0.0,0.0,0.0,0.00045941383558990265,0.04999788934472803,-0.00045941383558990265,-0.04999788934472803,0.00045941383558990265,0.04999788934472803,-0.00045941383558990265,-0.04999788934472803,0.005250066891816412,0.5713634269904135,-0.005250066891816412,-0.5713634269904135,-0.04999788934472803,-0.00045941383558990265,0.04999788934472803,0.00045941383558990265,2.1141626410995498,2.1141626410995498,2.1141626410995498
16.59399999998277,0.15144595503807068,0.28430062532424927,0.24019348621368408,0.17087146639823914,0.26052212715148926,2.354266881942749,0.0,0.0,0.0,0.0,0.00045941383558990265,0.04999788934472803,-0.00045941383558990265,-0.04999788934472803,0.00045941383558990265,0.04999788934472803,-0.00045941383558990265,-0.04999788934472803,0.005250066891816412,0.5713634269904135,-0.005250066891816412,-0.5713634269904135,-0.04999788934472803,-0.00045941383558990265,0.04999788934472803,0.00045941383558990265,2.1141626410995498,2.1141626410995498,2.1141626410995498
16.64100000000326,0.15144595503807068,0.28430062532424927,0.24019348621368408,0.17087146639823914,0.26052212715148926,2.354266881942749,0.0,0.0,0.0,0.0,0.00045941383558990265,0.04999788934472803,-0.00045941383558990265,-0.04999788934472803,0.00045941383558990265,0.04999788934472803,-0.00045941383558990265,-0.04999788934472803,0.005250066891816412,0.5713634269904135,-0.005250066891816412,-0.5713634269904135,-0.04999788934472803,-0.00045941383558990265,0.04999788934472803,0.00045941383558990265,2.1141626410995498,2.1141626410995498,2.1141626410995498
16.687999999994645,0.15144595503807068,0.28430062532424927,0.24019348621368408,0.17087146639823914,0.26052212715148926,2.354266881942749,0.0,0.0,0.0,0.0,0.00045941383558990265,0.04999788934472803,-0.00045941383558990265,-0.04999788934472803,0.00045941383558990265,0.04999788934472803,-0.00045941383558990265,-0.04999788934472803,0.005250066891816412,0.5713634269904135,-0.005250066891816412,-0.5713634269904135,-0.04999788934472803,-0.00045941383558990265,0.04999788934472803,0.00045941383558990265,2.1141626410995498,2.1141626410995498,2.1141626410995498
16.73399999999674,0.15144595503807068,0.28430062532424927,0.24019348621368408,0.17087146639823914,0.26052212715148926,2.354266881942749,0.0,0.0,0.0,0.0,0.00045941383558990265,0.04999788934472803,-0.00045941383558990265,-0.04999788934472803,0.00045941383558990265,0.04999788934472803,-0.00045941383558990265,-0.04999788934472803,0.005250066891816412,0.5713634269904135,-0.005250066891816412,-0.5713634269904135,-0.04999788934472803,-0.00045941383558990265,0.04999788934472803,0.00045941383558990265,2.1141626410995498,2.1141626410995498,2.1141626410995498
16.780999999988126,0.15144595503807068,0.28430062532424927,0.24019348621368408,0.17087146639823914,0.26052212715148926,2.354266881942749,0.0,0.0,0.0,0.0,0.00045941383558990265,0.04999788934472803,-0.00045941383558990265,-0.04999788934472803,0.00045941383558990265,0.04999788934472803,-0.00045941383558990265,-0.04999788934472803,0.005250066891816412,0.5713634269904135,-0.005250066891816412,-0.5713634269904135,-0.04999788934472803,-0.00045941383558990265,0.04999788934472803,0.00045941383558990265,2.1141626410995498,2.1141626410995498,2.1141626410995498
16.828000000008615,0.15144595503807068,0.28430062532424927,0.24019348621368408,0.17087146639823914,0.26052212715148926,2.354266881942749,0.0,0.0,0.0,0.0,0.00045941383558990265,0.04999788934472803,-0.00045941383558990265,-0.04999788934472803,0.00045941383558990265,0.04999788934472803,-0.00045941383558990265,-0.04999788934472803,0.005250066891816412,0.5713634269904135,-0.005250066891816412,-0.5713634269904135,-0.04999788934472803,-0.00045941383558990265,0.04999788934472803,0.00045941383558990265,2.1141626410995498,2.1141626410995498,2.1141626410995498
16.89100000000326,0.15144595503807068,0.28430062532424927,0.24019348621368408,0.17087146639823914,0.26052212715148926,2.354266881942749,0.0,0.0,0.0,0.0,0.00045941383558990265,0.04999788934472803,-0.00045941383558990265,-0.04999788934472803,0.00045941383558990265,0.04999788934472803,-0.00045941383558990265,-0.04999788934472803,0.005250066891816412,0.5713634269904135,-0.005250066891816412,-0.5713634269904135,-0.04999788934472803,-0.00045941383558990265,0.04999788934472803,0.00045941383558990265,2.1141626410995498,2.1141626410995498,2.1141626410995498
16.937999999994645,0.15144595503807068,0.28430062532424927,0.24019348621368408,0.17087146639823914,0.26052212715148926,2.354266881942749,0.0,0.0,0.0,0.0,0.00045941383558990265,0.04999788934472803,-0.00045941383558990265,-0.04999788934472803,0.00045941383558990265,0.04999788934472803,-0.00045941383558990265,-0.04999788934472803,0.005250066891816412,0.5713634269904135,-0.005250066891816412,-0.5713634269904135,-0.04999788934472803,-0.00045941383558990265,0.04999788934472803,0.00045941383558990265,2.1141626410995498,2.1141626410995498,2.1141626410995498
16.98399999999674,0.15144595503807068,0.28430062532424927,0.24019348621368408,0.17087146639823914,0.26052212715148926,2.354266881942749,0.0,0.0,0.0,0.0,0.00045941383558990265,0.04999788934472803,-0.00045941383558990265,-0.04999788934472803,0.00045941383558990265,0.04999788934472803,-0.00045941383558990265,-0.04999788934472803,0.005250066891816412,0.5713634269904135,-0.005250066891816412,-0.5713634269904135,-0.04999788934472803,-0.00045941383558990265,0.04999788934472803,0.00045941383558990265,2.1141626410995498,2.1141626410995498,2.1141626410995498
17.030999999988126,0.15144595503807068,0.28430062532424927,0.24019348621368408,0.17087146639823914,0.26052212715148926,2.354266881942749,0.0,0.0,0.0,0.0,0.00045941383558990265,0.04999788934472803,-0.00045941383558990265,-0.04999788934472803,0.00045941383558990265,0.04999788934472803,-0.00045941383558990265,-0.04999788934472803,0.005250066891816412,0.5713634269904135,-0.005250066891816412,-0.5713634269904135,-0.04999788934472803,-0.00045941383558990265,0.04999788934472803,0.00045941383558990265,2.1141626410995498,2.1141626410995498,2.1141626410995498
17.09399999998277,0.15144595503807068,0.28430062532424927,0.24019348621368408,0.17087146639823914,0.26052212715148926,2.354266881942749,0.0,0.0,0.0,0.0,0.00045941383558990265,0.04999788934472803,-0.00045941383558990265,-0.04999788934472803,0.00045941383558990265,0.04999788934472803,-0.00045941383558990265,-0.04999788934472803,0.005250066891816412,0.5713634269904135,-0.005250066891816412,-0.5713634269904135,-0.04999788934472803,-0.00045941383558990265,0.04999788934472803,0.00045941383558990265,2.1141626410995498,2.1141626410995498,2.1141626410995498
17.14100000000326,0.15144595503807068,0.28430062532424927,0.24019348621368408,0.17087146639823914,0.26052212715148926,2.354266881942749,0.0,0.0,0.0,0.0,0.00045941383558990265,0.04999788934472803,-0.00045941383558990265,-0.04999788934472803,0.00045941383558990265,0.04999788934472803,-0.00045941383558990265,-0.04999788934472803,0.005250066891816412,0.5713634269904135,-0.005250066891816412,-0.5713634269904135,-0.04999788934472803,-0.00045941383558990265,0.04999788934472803,0.00045941383558990265,2.1141626410995498,2.1141626410995498,2.1141626410995498
17.187999999994645,0.15144595503807068,0.28430062532424927,0.24019348621368408,0.17087146639823914,0.26052212715148926,2.354266881942749,0.0,0.0,0.0,0.0,0.00045941383558990265,0.04999788934472803,-0.00045941383558990265,-0.04999788934472803,0.00045941383558990265,0.04999788934472803,-0.00045941383558990265,-0.04999788934472803,0.005250066891816412,0.5713634269904135,-0.005250066891816412,-0.5713634269904135,-0.04999788934472803,-0.00045941383558990265,0.04999788934472803,0.00045941383558990265,2.1141626410995498,2.1141626410995498,2.1141626410995498
17.23399999999674,0.15144595503807068,0.28430062532424927,0.24019348621368408,0.17087146639823914,0.26052212715148926,2.354266881942749,0.0,0.0,0.0,0.0,0.00045941383558990265,0.04999788934472803,-0.00045941383558990265,-0.04999788934472803,0.00045941383558990265,0.04999788934472803,-0.00045941383558990265,-0.04999788934472803,0.005250066891816412,0.5713634269904135,-0.005250066891816412,-0.5713634269904135,-0.04999788934472803,-0.00045941383558990265,0.04999788934472803,0.00045941383558990265,2.1141626410995498,2.1141626410995498,2.1141626410995498
17.296999999991385,0.15144595503807068,0.28430062532424927,0.24019348621368408,0.17087146639823914,0.26052212715148926,2.354266881942749,0.0,0.0,0.0,0.0,0.00045941383558990265,0.04999788934472803,-0.00045941383558990265,-0.04999788934472803,0.00045941383558990265,0.04999788934472803,-0.00045941383558990265,-0.04999788934472803,0.005250066891816412,0.5713634269904135,-0.005250066891816412,-0.5713634269904135,-0.04999788934472803,-0.00045941383558990265,0.04999788934472803,0.00045941383558990265,2.1141626410995498,2.1141626410995498,2.1141626410995498
17.34399999998277,0.15144595503807068,0.28430062532424927,0.24019348621368408,0.17087146639823914,0.26052212715148926,2.354266881942749,0.0,0.0,0.0,0.0,0.00045941383558990265,0.04999788934472803,-0.00045941383558990265,-0.04999788934472803,0.00045941383558990265,0.04999788934472803,-0.00045941383558990265,-0.04999788934472803,0.005250066891816412,0.5713634269904135,-0.005250066891816412,-0.5713634269904135,-0.04999788934472803,-0.00045941383558990265,0.04999788934472803,0.00045941383558990265,2.1141626410995498,2.1141626410995498,2.1141626410995498
17.39100000000326,0.15144595503807068,0.28430062532424927,0.24019348621368408,0.17087146639823914,0.26052212715148926,2.354266881942749,0.0,0.0,0.0,0.0,0.00045941383558990265,0.04999788934472803,-0.00045941383558990265,-0.04999788934472803,0.00045941383558990265,0.04999788934472803,-0.00045941383558990265,-0.04999788934472803,0.005250066891816412,0.5713634269904135,-0.005250066891816412,-0.5713634269904135,-0.04999788934472803,-0.00045941383558990265,0.04999788934472803,0.00045941383558990265,2.1141626410995498,2.1141626410995498,2.1141626410995498
17.437999999994645,0.15144595503807068,0.28430062532424927,0.24019348621368408,0.17087146639823914,0.26052212715148926,2.354266881942749,0.0,0.0,0.0,0.0,0.00045941383558990265,0.04999788934472803,-0.00045941383558990265,-0.04999788934472803,0.00045941383558990265,0.04999788934472803,-0.00045941383558990265,-0.04999788934472803,0.005250066891816412,0.5713634269904135,-0.005250066891816412,-0.5713634269904135,-0.04999788934472803,-0.00045941383558990265,0.04999788934472803,0.00045941383558990265,2.1141626410995498,2.1141626410995498,2.1141626410995498
17.5,0.15144595503807068,0.28430062532424927,0.24019348621368408,0.17087146639823914,0.26052212715148926,2.354266881942749,0.0,0.0,0.0,0.0,0.00045941383558990265,0.04999788934472803,-0.00045941383558990265,-0.04999788934472803,0.00045941383558990265,0.04999788934472803,-0.00045941383558990265,-0.04999788934472803,0.005250066891816412,0.5713634269904135,-0.005250066891816412,-0.5713634269904135,-0.04999788934472803,-0.00045941383558990265,0.04999788934472803,0.00045941383558990265,2.1141626410995498,2.1141626410995498,2.1141626410995498
17.546999999991385,0.15144595503807068,0.28430062532424927,0.24019348621368408,0.17087146639823914,0.26052212715148926,2.354266881942749,0.0,0.0,0.0,0.0,0.00045941383558990265,0.04999788934472803,-0.00045941383558990265,-0.04999788934472803,0.00045941383558990265,0.04999788934472803,-0.00045941383558990265,-0.04999788934472803,0.005250066891816412,0.5713634269904135,-0.005250066891816412,-0.5713634269904135,-0.04999788934472803,-0.00045941383558990265,0.04999788934472803,0.00045941383558990265,2.1141626410995498,2.1141626410995498,2.1141626410995498
17.59399999998277,0.15144595503807068,0.28430062532424927,0.24019348621368408,0.17087146639823914,0.26052212715148926,2.354266881942749,0.0,0.0,0.0,0.0,0.00045941383558990265,0.04999788934472803,-0.00045941383558990265,-0.04999788934472803,0.00045941383558990265,0.04999788934472803,-0.00045941383558990265,-0.04999788934472803,0.005250066891816412,0.5713634269904135,-0.005250066891816412,-0.5713634269904135,-0.04999788934472803,-0.00045941383558990265,0.04999788934472803,0.00045941383558990265,2.1141626410995498,2.1141626410995498,2.1141626410995498
17.64100000000326,0.15144595503807068,0.28430062532424927,0.24019348621368408,0.17087146639823914,0.26052212715148926,2.354266881942749,0.0,0.0,0.0,0.0,0.00045941383558990265,0.04999788934472803,-0.00045941383558990265,-0.04999788934472803,0.00045941383558990265,0.04999788934472803,-0.00045941383558990265,-0.04999788934472803,0.005250066891816412,0.5713634269904135,-0.005250066891816412,-0.5713634269904135,-0.04999788934472803,-0.00045941383558990265,0.04999788934472803,0.00045941383558990265,2.1141626410995498,2.1141626410995498,2.1141626410995498
17.703000000008615,0.15144595503807068,0.28430062532424927,0.24019348621368408,0.17087146639823914,0.26052212715148926,2.354266881942749,0.0,0.0,0.0,0.0,0.00045941383558990265,0.04999788934472803,-0.00045941383558990265,-0.04999788934472803,0.00045941383558990265,0.04999788934472803,-0.00045941383558990265,-0.04999788934472803,0.005250066891816412,0.5713634269904135,-0.005250066891816412,-0.5713634269904135,-0.04999788934472803,-0.00045941383558990265,0.04999788934472803,0.00045941383558990265,2.1141626410995498,2.1141626410995498,2.1141626410995498
17.75,0.15144595503807068,0.28430062532424927,0.24019348621368408,0.17087146639823914,0.26052212715148926,2.354266881942749,0.0,0.0,0.0,0.0,0.00045941383558990265,0.04999788934472803,-0.00045941383558990265,-0.04999788934472803,0.00045941383558990265,0.04999788934472803,-0.00045941383558990265,-0.04999788934472803,0.005250066891816412,0.5713634269904135,-0.005250066891816412,-0.5713634269904135,-0.04999788934472803,-0.00045941383558990265,0.04999788934472803,0.00045941383558990265,2.1141626410995498,2.1141626410995498,2.1141626410995498
17.796999999991385,0.15144595503807068,0.28430062532424927,0.24019348621368408,0.17087146639823914,0.26052212715148926,2.354266881942749,0.0,0.0,0.0,0.0,0.00045941383558990265,0.04999788934472803,-0.00045941383558990265,-0.04999788934472803,0.00045941383558990265,0.04999788934472803,-0.00045941383558990265,-0.04999788934472803,0.005250066891816412,0.5713634269904135,-0.005250066891816412,-0.5713634269904135,-0.04999788934472803,-0.00045941383558990265,0.04999788934472803,0.00045941383558990265,2.1141626410995498,2.1141626410995498,2.1141626410995498
17.84399999998277,0.15144595503807068,0.28430062532424927,0.24019348621368408,0.17087146639823914,0.26052212715148926,2.354266881942749,0.0,0.0,0.0,0.0,0.00045941383558990265,0.04999788934472803,-0.00045941383558990265,-0.04999788934472803,0.00045941383558990265,0.04999788934472803,-0.00045941383558990265,-0.04999788934472803,0.005250066891816412,0.5713634269904135,-0.005250066891816412,-0.5713634269904135,-0.04999788934472803,-0.00045941383558990265,0.04999788934472803,0.00045941383558990265,2.1141626410995498,2.1141626410995498,2.1141626410995498
17.905999999988126,0.15144595503807068,0.28430062532424927,0.24019348621368408,0.17087146639823914,0.26052212715148926,2.354266881942749,0.0,0.0,0.0,0.0,0.00045941383558990265,0.04999788934472803,-0.00045941383558990265,-0.04999788934472803,0.00045941383558990265,0.04999788934472803,-0.00045941383558990265,-0.04999788934472803,0.005250066891816412,0.5713634269904135,-0.005250066891816412,-0.5713634269904135,-0.04999788934472803,-0.00045941383558990265,0.04999788934472803,0.00045941383558990265,2.1141626410995498,2.1141626410995498,2.1141626410995498
17.953000000008615,0.15144595503807068,0.28430062532424927,0.24019348621368408,0.17087146639823914,0.26052212715148926,2.354266881942749,0.0,0.0,0.0,0.0,0.00045941383558990265,0.04999788934472803,-0.00045941383558990265,-0.04999788934472803,0.00045941383558990265,0.04999788934472803,-0.00045941383558990265,-0.04999788934472803,0.005250066891816412,0.5713634269904135,-0.005250066891816412,-0.5713634269904135,-0.04999788934472803,-0.00045941383558990265,0.04999788934472803,0.00045941383558990265,2.1141626410995498,2.1141626410995498,2.1141626410995498
18.0,0.15144595503807068,0.28430062532424927,0.24019348621368408,0.17087146639823914,0.26052212715148926,2.354266881942749,0.0,0.0,0.0,0.0,0.00045941383558990265,0.04999788934472803,-0.00045941383558990265,-0.04999788934472803,0.00045941383558990265,0.04999788934472803,-0.00045941383558990265,-0.04999788934472803,0.005250066891816412,0.5713634269904135,-0.005250066891816412,-0.5713634269904135,-0.04999788934472803,-0.00045941383558990265,0.04999788934472803,0.00045941383558990265,2.1141626410995498,2.1141626410995498,2.1141626410995498
18.046999999991385,0.15144595503807068,0.28430062532424927,0.24019348621368408,0.17087146639823914,0.26052212715148926,2.354266881942749,0.0,0.0,0.0,0.0,0.00045941383558990265,0.04999788934472803,-0.00045941383558990265,-0.04999788934472803,0.00045941383558990265,0.04999788934472803,-0.00045941383558990265,-0.04999788934472803,0.005250066891816412,0.5713634269904135,-0.005250066891816412,-0.5713634269904135,-0.04999788934472803,-0.00045941383558990265,0.04999788934472803,0.00045941383558990265,2.1141626410995498,2.1141626410995498,2.1141626410995498
18.10899999999674,0.15144595503807068,0.28430062532424927,0.24019348621368408,0.17087146639823914,0.26052212715148926,2.354266881942749,0.0,0.0,0.0,0.0,0.00045941383558990265,0.04999788934472803,-0.00045941383558990265,-0.04999788934472803,0.00045941383558990265,0.04999788934472803,-0.00045941383558990265,-0.04999788934472803,0.005250066891816412,0.5713634269904135,-0.005250066891816412,-0.5713634269904135,-0.04999788934472803,-0.00045941383558990265,0.04999788934472803,0.00045941383558990265,2.1141626410995498,2.1141626410995498,2.1141626410995498
18.155999999988126,0.15144595503807068,0.28430062532424927,0.24019348621368408,0.17087146639823914,0.26052212715148926,2.354266881942749,0.0,0.0,0.0,0.0,0.00045941383558990265,0.04999788934472803,-0.00045941383558990265,-0.04999788934472803,0.00045941383558990265,0.04999788934472803,-0.00045941383558990265,-0.04999788934472803,0.005250066891816412,0.5713634269904135,-0.005250066891816412,-0.5713634269904135,-0.04999788934472803,-0.00045941383558990265,0.04999788934472803,0.00045941383558990265,2.1141626410995498,2.1141626410995498,2.1141626410995498
18.203000000008615,0.15144595503807068,0.28430062532424927,0.24019348621368408,0.17087146639823914,0.26052212715148926,2.354266881942749,0.0,0.0,0.0,0.0,0.00045941383558990265,0.04999788934472803,-0.00045941383558990265,-0.04999788934472803,0.00045941383558990265,0.04999788934472803,-0.00045941383558990265,-0.04999788934472803,0.005250066891816412,0.5713634269904135,-0.005250066891816412,-0.5713634269904135,-0.04999788934472803,-0.00045941383558990265,0.04999788934472803,0.00045941383558990265,2.1141626410995498,2.1141626410995498,2.1141626410995498
18.25,0.15144595503807068,0.28430062532424927,0.24019348621368408,0.17087146639823914,0.26052212715148926,2.354266881942749,0.0,0.0,0.0,0.0,0.00045941383558990265,0.04999788934472803,-0.00045941383558990265,-0.04999788934472803,0.00045941383558990265,0.04999788934472803,-0.00045941383558990265,-0.04999788934472803,0.005250066891816412,0.5713634269904135,-0.005250066891816412,-0.5713634269904135,-0.04999788934472803,-0.00045941383558990265,0.04999788934472803,0.00045941383558990265,2.1141626410995498,2.1141626410995498,2.1141626410995498
18.312999999994645,0.15144595503807068,0.28430062532424927,0.24019348621368408,0.17087146639823914,0.26052212715148926,2.354266881942749,0.0,0.0,0.0,0.0,0.00045941383558990265,0.04999788934472803,-0.00045941383558990265,-0.04999788934472803,0.00045941383558990265,0.04999788934472803,-0.00045941383558990265,-0.04999788934472803,0.005250066891816412,0.5713634269904135,-0.005250066891816412,-0.5713634269904135,-0.04999788934472803,-0.00045941383558990265,0.04999788934472803,0.00045941383558990265,2.1141626410995498,2.1141626410995498,2.1141626410995498
18.35899999999674,0.15144595503807068,0.28430062532424927,0.24019348621368408,0.17087146639823914,0.26052212715148926,2.354266881942749,0.0,0.0,0.0,0.0,0.00045941383558990265,0.04999788934472803,-0.00045941383558990265,-0.04999788934472803,0.00045941383558990265,0.04999788934472803,-0.00045941383558990265,-0.04999788934472803,0.005250066891816412,0.5713634269904135,-0.005250066891816412,-0.5713634269904135,-0.04999788934472803,-0.00045941383558990265,0.04999788934472803,0.00045941383558990265,2.1141626410995498,2.1141626410995498,2.1141626410995498
18.405999999988126,0.15144595503807068,0.28430062532424927,0.24019348621368408,0.17087146639823914,0.26052212715148926,2.354266881942749,0.0,0.0,0.0,0.0,0.00045941383558990265,0.04999788934472803,-0.00045941383558990265,-0.04999788934472803,0.00045941383558990265,0.04999788934472803,-0.00045941383558990265,-0.04999788934472803,0.005250066891816412,0.5713634269904135,-0.005250066891816412,-0.5713634269904135,-0.04999788934472803,-0.00045941383558990265,0.04999788934472803,0.00045941383558990265,2.1141626410995498,2.1141626410995498,2.1141626410995498
18.453000000008615,0.15144595503807068,0.28430062532424927,0.24019348621368408,0.17087146639823914,0.26052212715148926,2.354266881942749,0.0,0.0,0.0,0.0,0.00045941383558990265,0.04999788934472803,-0.00045941383558990265,-0.04999788934472803,0.00045941383558990265,0.04999788934472803,-0.00045941383558990265,-0.04999788934472803,0.005250066891816412,0.5713634269904135,-0.005250066891816412,-0.5713634269904135,-0.04999788934472803,-0.00045941383558990265,0.04999788934472803,0.00045941383558990265,2.1141626410995498,2.1141626410995498,2.1141626410995498
18.51600000000326,0.15144595503807068,0.28430062532424927,0.24019348621368408,0.17087146639823914,0.26052212715148926,2.354266881942749,0.0,0.0,0.0,0.0,0.00045941383558990265,0.04999788934472803,-0.00045941383558990265,-0.04999788934472803,0.00045941383558990265,0.04999788934472803,-0.00045941383558990265,-0.04999788934472803,0.005250066891816412,0.5713634269904135,-0.005250066891816412,-0.5713634269904135,-0.04999788934472803,-0.00045941383558990265,0.04999788934472803,0.00045941383558990265,2.1141626410995498,2.1141626410995498,2.1141626410995498
18.562999999994645,0.15144595503807068,0.28430062532424927,0.24019348621368408,0.17087146639823914,0.26052212715148926,2.354266881942749,0.0,0.0,0.0,0.0,0.00045941383558990265,0.04999788934472803,-0.00045941383558990265,-0.04999788934472803,0.00045941383558990265,0.04999788934472803,-0.00045941383558990265,-0.04999788934472803,0.005250066891816412,0.5713634269904135,-0.005250066891816412,-0.5713634269904135,-0.04999788934472803,-0.00045941383558990265,0.04999788934472803,0.00045941383558990265,2.1141626410995498,2.1141626410995498,2.1141626410995498
18.60899999999674,0.15144595503807068,0.28430062532424927,0.24019348621368408,0.17087146639823914,0.26052212715148926,2.354266881942749,0.0,0.0,0.0,0.0,0.00045941383558990265,0.04999788934472803,-0.00045941383558990265,-0.04999788934472803,0.00045941383558990265,0.04999788934472803,-0.00045941383558990265,-0.04999788934472803,0.005250066891816412,0.5713634269904135,-0.005250066891816412,-0.5713634269904135,-0.04999788934472803,-0.00045941383558990265,0.04999788934472803,0.00045941383558990265,2.1141626410995498,2.1141626410995498,2.1141626410995498
18.655999999988126,0.15144595503807068,0.28430062532424927,0.24019348621368408,0.17087146639823914,0.26052212715148926,2.354266881942749,0.0,0.0,0.0,0.0,0.00045941383558990265,0.04999788934472803,-0.00045941383558990265,-0.04999788934472803,0.00045941383558990265,0.04999788934472803,-0.00045941383558990265,-0.04999788934472803,0.005250066891816412,0.5713634269904135,-0.005250066891816412,-0.5713634269904135,-0.04999788934472803,-0.00045941383558990265,0.04999788934472803,0.00045941383558990265,2.1141626410995498,2.1141626410995498,2.1141626410995498
18.71899999998277,0.15144595503807068,0.28430062532424927,0.24019348621368408,0.17087146639823914,0.26052212715148926,2.354266881942749,0.0,0.0,0.0,0.0,0.00045941383558990265,0.04999788934472803,-0.00045941383558990265,-0.04999788934472803,0.00045941383558990265,0.04999788934472803,-0.00045941383558990265,-0.04999788934472803,0.005250066891816412,0.5713634269904135,-0.005250066891816412,-0.5713634269904135,-0.04999788934472803,-0.00045941383558990265,0.04999788934472803,0.00045941383558990265,2.1141626410995498,2.1141626410995498,2.1141626410995498
18.76600000000326,0.15144595503807068,0.28430062532424927,0.24019348621368408,0.17087146639823914,0.26052212715148926,2.354266881942749,0.0,0.0,0.0,0.0,0.00045941383558990265,0.04999788934472803,-0.00045941383558990265,-0.04999788934472803,0.00045941383558990265,0.04999788934472803,-0.00045941383558990265,-0.04999788934472803,0.005250066891816412,0.5713634269904135,-0.005250066891816412,-0.5713634269904135,-0.04999788934472803,-0.00045941383558990265,0.04999788934472803,0.00045941383558990265,2.1141626410995498,2.1141626410995498,2.1141626410995498
18.812999999994645,0.15144595503807068,0.28430062532424927,0.24019348621368408,0.17087146639823914,0.26052212715148926,2.354266881942749,0.0,0.0,0.0,0.0,0.00045941383558990265,0.04999788934472803,-0.00045941383558990265,-0.04999788934472803,0.00045941383558990265,0.04999788934472803,-0.00045941383558990265,-0.04999788934472803,0.005250066891816412,0.5713634269904135,-0.005250066891816412,-0.5713634269904135,-0.04999788934472803,-0.00045941383558990265,0.04999788934472803,0.00045941383558990265,2.1141626410995498,2.1141626410995498,2.1141626410995498
18.85899999999674,0.15144595503807068,0.28430062532424927,0.24019348621368408,0.17087146639823914,0.26052212715148926,2.354266881942749,0.0,0.0,0.0,0.0,0.00045941383558990265,0.04999788934472803,-0.00045941383558990265,-0.04999788934472803,0.00045941383558990265,0.04999788934472803,-0.00045941383558990265,-0.04999788934472803,0.005250066891816412,0.5713634269904135,-0.005250066891816412,-0.5713634269904135,-0.04999788934472803,-0.00045941383558990265,0.04999788934472803,0.00045941383558990265,2.1141626410995498,2.1141626410995498,2.1141626410995498
18.921999999991385,0.15144595503807068,0.28430062532424927,0.24019348621368408,0.17087146639823914,0.26052212715148926,2.354266881942749,0.0,0.0,0.0,0.0,0.00045941383558990265,0.04999788934472803,-0.00045941383558990265,-0.04999788934472803,0.00045941383558990265,0.04999788934472803,-0.00045941383558990265,-0.04999788934472803,0.005250066891816412,0.5713634269904135,-0.005250066891816412,-0.5713634269904135,-0.04999788934472803,-0.00045941383558990265,0.04999788934472803,0.00045941383558990265,2.1141626410995498,2.1141626410995498,2.1141626410995498
18.96899999998277,0.15144595503807068,0.28430062532424927,0.24019348621368408,0.17087146639823914,0.26052212715148926,2.354266881942749,0.0,0.0,0.0,0.0,0.00045941383558990265,0.04999788934472803,-0.00045941383558990265,-0.04999788934472803,0.00045941383558990265,0.04999788934472803,-0.00045941383558990265,-0.04999788934472803,0.005250066891816412,0.5713634269904135,-0.005250066891816412,-0.5713634269904135,-0.04999788934472803,-0.00045941383558990265,0.04999788934472803,0.00045941383558990265,2.1141626410995498,2.1141626410995498,2.1141626410995498
19.01600000000326,0.15144595503807068,0.28430062532424927,0.24019348621368408,0.17087146639823914,0.26052212715148926,2.354266881942749,0.0,0.0,0.0,0.0,0.00045941383558990265,0.04999788934472803,-0.00045941383558990265,-0.04999788934472803,0.00045941383558990265,0.04999788934472803,-0.00045941383558990265,-0.04999788934472803,0.005250066891816412,0.5713634269904135,-0.005250066891816412,-0.5713634269904135,-0.04999788934472803,-0.00045941383558990265,0.04999788934472803,0.00045941383558990265,2.1141626410995498,2.1141626410995498,2.1141626410995498
19.062999999994645,0.15144595503807068,0.28430062532424927,0.24019348621368408,0.17087146639823914,0.26052212715148926,2.354266881942749,0.0,0.0,0.0,0.0,0.00045941383558990265,0.04999788934472803,-0.00045941383558990265,-0.04999788934472803,0.00045941383558990265,0.04999788934472803,-0.00045941383558990265,-0.04999788934472803,0.005250066891816412,0.5713634269904135,-0.005250066891816412,-0.5713634269904135,-0.04999788934472803,-0.00045941383558990265,0.04999788934472803,0.00045941383558990265,2.1141626410995498,2.1141626410995498,2.1141626410995498
19.125,0.15144595503807068,0.28430062532424927,0.24019348621368408,0.17087146639823914,0.26052212715148926,2.354266881942749,0.0,0.0,0.0,0.0,0.00045941383558990265,0.04999788934472803,-0.00045941383558990265,-0.04999788934472803,0.00045941383558990265,0.04999788934472803,-0.00045941383558990265,-0.04999788934472803,0.005250066891816412,0.5713634269904135,-0.005250066891816412,-0.5713634269904135,-0.04999788934472803,-0.00045941383558990265,0.04999788934472803,0.00045941383558990265,2.1141626410995498,2.1141626410995498,2.1141626410995498
19.171999999991385,0.15144595503807068,0.28430062532424927,0.24019348621368408,0.17087146639823914,0.26052212715148926,2.354266881942749,0.0,0.0,0.0,0.0,0.00045941383558990265,0.04999788934472803,-0.00045941383558990265,-0.04999788934472803,0.00045941383558990265,0.04999788934472803,-0.00045941383558990265,-0.04999788934472803,0.005250066891816412,0.5713634269904135,-0.005250066891816412,-0.5713634269904135,-0.04999788934472803,-0.00045941383558990265,0.04999788934472803,0.00045941383558990265,2.1141626410995498,2.1141626410995498,2.1141626410995498
19.21899999998277,0.15144595503807068,0.28430062532424927,0.24019348621368408,0.17087146639823914,0.26052212715148926,2.354266881942749,0.0,0.0,0.0,0.0,0.00045941383558990265,0.04999788934472803,-0.00045941383558990265,-0.04999788934472803,0.00045941383558990265,0.04999788934472803,-0.00045941383558990265,-0.04999788934472803,0.005250066891816412,0.5713634269904135,-0.005250066891816412,-0.5713634269904135,-0.04999788934472803,-0.00045941383558990265,0.04999788934472803,0.00045941383558990265,2.1141626410995498,2.1141626410995498,2.1141626410995498
19.26600000000326,0.15144595503807068,0.28430062532424927,0.24019348621368408,0.17087146639823914,0.26052212715148926,2.354266881942749,0.0,0.0,0.0,0.0,0.00045941383558990265,0.04999788934472803,-0.00045941383558990265,-0.04999788934472803,0.00045941383558990265,0.04999788934472803,-0.00045941383558990265,-0.04999788934472803,0.005250066891816412,0.5713634269904135,-0.005250066891816412,-0.5713634269904135,-0.04999788934472803,-0.00045941383558990265,0.04999788934472803,0.00045941383558990265,2.1141626410995498,2.1141626410995498,2.1141626410995498
19.328000000008615,0.15144595503807068,0.28430062532424927,0.24019348621368408,0.17087146639823914,0.26052212715148926,2.354266881942749,0.0,0.0,0.0,0.0,0.00045941383558990265,0.04999788934472803,-0.00045941383558990265,-0.04999788934472803,0.00045941383558990265,0.04999788934472803,-0.00045941383558990265,-0.04999788934472803,0.005250066891816412,0.5713634269904135,-0.005250066891816412,-0.5713634269904135,-0.04999788934472803,-0.00045941383558990265,0.04999788934472803,0.00045941383558990265,2.1141626410995498,2.1141626410995498,2.1141626410995498
19.375,0.15144595503807068,0.28430062532424927,0.24019348621368408,0.17087146639823914,0.26052212715148926,2.354266881942749,0.0,0.0,0.0,0.0,0.00045941383558990265,0.04999788934472803,-0.00045941383558990265,-0.04999788934472803,0.00045941383558990265,0.04999788934472803,-0.00045941383558990265,-0.04999788934472803,0.005250066891816412,0.5713634269904135,-0.005250066891816412,-0.5713634269904135,-0.04999788934472803,-0.00045941383558990265,0.04999788934472803,0.00045941383558990265,2.1141626410995498,2.1141626410995498,2.1141626410995498
19.421999999991385,0.15144595503807068,0.28430062532424927,0.24019348621368408,0.17087146639823914,0.26052212715148926,2.354266881942749,0.0,0.0,0.0,0.0,0.00045941383558990265,0.04999788934472803,-0.00045941383558990265,-0.04999788934472803,0.00045941383558990265,0.04999788934472803,-0.00045941383558990265,-0.04999788934472803,0.005250066891816412,0.5713634269904135,-0.005250066891816412,-0.5713634269904135,-0.04999788934472803,-0.00045941383558990265,0.04999788934472803,0.00045941383558990265,2.1141626410995498,2.1141626410995498,2.1141626410995498
19.46899999998277,0.15144595503807068,0.28430062532424927,0.24019348621368408,0.17087146639823914,0.26052212715148926,2.354266881942749,0.0,0.0,0.0,0.0,0.00045941383558990265,0.04999788934472803,-0.00045941383558990265,-0.04999788934472803,0.00045941383558990265,0.04999788934472803,-0.00045941383558990265,-0.04999788934472803,0.005250066891816412,0.5713634269904135,-0.005250066891816412,-0.5713634269904135,-0.04999788934472803,-0.00045941383558990265,0.04999788934472803,0.00045941383558990265,2.1141626410995498,2.1141626410995498,2.1141626410995498
19.51600000000326,0.15144595503807068,0.28430062532424927,0.24019348621368408,0.17087146639823914,0.26052212715148926,2.354266881942749,0.0,0.0,0.0,0.0,0.00045941383558990265,0.04999788934472803,-0.00045941383558990265,-0.04999788934472803,0.00045941383558990265,0.04999788934472803,-0.00045941383558990265,-0.04999788934472803,0.005250066891816412,0.5713634269904135,-0.005250066891816412,-0.5713634269904135,-0.04999788934472803,-0.00045941383558990265,0.04999788934472803,0.00045941383558990265,2.1141626410995498,2.1141626410995498,2.1141626410995498
19.562999999994645,0.15144595503807068,0.28430062532424927,0.24019348621368408,0.17087146639823914,0.26052212715148926,2.354266881942749,0.0,0.0,0.0,0.0,0.00045941383558990265,0.04999788934472803,-0.00045941383558990265,-0.04999788934472803,0.00045941383558990265,0.04999788934472803,-0.00045941383558990265,-0.04999788934472803,0.005250066891816412,0.5713634269904135,-0.005250066891816412,-0.5713634269904135,-0.04999788934472803,-0.00045941383558990265,0.04999788934472803,0.00045941383558990265,2.1141626410995498,2.1141626410995498,2.1141626410995498
19.60899999999674,0.15144595503807068,0.28430062532424927,0.24019348621368408,0.17087146639823914,0.26052212715148926,2.354266881942749,0.0,0.0,0.0,0.0,0.00045941383558990265,0.04999788934472803,-0.00045941383558990265,-0.04999788934472803,0.00045941383558990265,0.04999788934472803,-0.00045941383558990265,-0.04999788934472803,0.005250066891816412,0.5713634269904135,-0.005250066891816412,-0.5713634269904135,-0.04999788934472803,-0.00045941383558990265,0.04999788934472803,0.00045941383558990265,2.1141626410995498,2.1141626410995498,2.1141626410995498
19.671999999991385,0.15144595503807068,0.28430062532424927,0.24019348621368408,0.17087146639823914,0.26052212715148926,2.354266881942749,0.0,0.0,0.0,0.0,0.00045941383558990265,0.04999788934472803,-0.00045941383558990265,-0.04999788934472803,0.00045941383558990265,0.04999788934472803,-0.00045941383558990265,-0.04999788934472803,0.005250066891816412,0.5713634269904135,-0.005250066891816412,-0.5713634269904135,-0.04999788934472803,-0.00045941383558990265,0.04999788934472803,0.00045941383558990265,2.1141626410995498,2.1141626410995498,2.1141626410995498
19.71899999998277,0.15144595503807068,0.28430062532424927,0.24019348621368408,0.17087146639823914,0.26052212715148926,2.354266881942749,0.0,0.0,0.0,0.0,0.00045941383558990265,0.04999788934472803,-0.00045941383558990265,-0.04999788934472803,0.00045941383558990265,0.04999788934472803,-0.00045941383558990265,-0.04999788934472803,0.005250066891816412,0.5713634269904135,-0.005250066891816412,-0.5713634269904135,-0.04999788934472803,-0.00045941383558990265,0.04999788934472803,0.00045941383558990265,2.1141626410995498,2.1141626410995498,2.1141626410995498
19.76600000000326,0.15144595503807068,0.28430062532424927,0.24019348621368408,0.17087146639823914,0.26052212715148926,2.354266881942749,0.0,0.0,0.0,0.0,0.00045941383558990265,0.04999788934472803,-0.00045941383558990265,-0.04999788934472803,0.00045941383558990265,0.04999788934472803,-0.00045941383558990265,-0.04999788934472803,0.005250066891816412,0.5713634269904135,-0.005250066891816412,-0.5713634269904135,-0.04999788934472803,-0.00045941383558990265,0.04999788934472803,0.00045941383558990265,2.1141626410995498,2.1141626410995498,2.1141626410995498
19.812999999994645,0.15144595503807068,0.28430062532424927,0.24019348621368408,0.17087146639823914,0.26052212715148926,2.354266881942749,0.0,0.0,0.0,0.0,0.00045941383558990265,0.04999788934472803,-0.00045941383558990265,-0.04999788934472803,0.00045941383558990265,0.04999788934472803,-0.00045941383558990265,-0.04999788934472803,0.005250066891816412,0.5713634269904135,-0.005250066891816412,-0.5713634269904135,-0.04999788934472803,-0.00045941383558990265,0.04999788934472803,0.00045941383558990265,2.1141626410995498,2.1141626410995498,2.1141626410995498
19.875,0.15144595503807068,0.28430062532424927,0.24019348621368408,0.17087146639823914,0.26052212715148926,2.354266881942749,0.0,0.0,0.0,0.0,0.00045941383558990265,0.04999788934472803,-0.00045941383558990265,-0.04999788934472803,0.00045941383558990265,0.04999788934472803,-0.00045941383558990265,-0.04999788934472803,0.005250066891816412,0.5713634269904135,-0.005250066891816412,-0.5713634269904135,-0.04999788934472803,-0.00045941383558990265,0.04999788934472803,0.00045941383558990265,2.1141626410995498,2.1141626410995498,2.1141626410995498
19.921999999991385,0.15144595503807068,0.28430062532424927,0.24019348621368408,0.17087146639823914,0.26052212715148926,2.354266881942749,0.0,0.0,0.0,0.0,0.00045941383558990265,0.04999788934472803,-0.00045941383558990265,-0.04999788934472803,0.00045941383558990265,0.04999788934472803,-0.00045941383558990265,-0.04999788934472803,0.005250066891816412,0.5713634269904135,-0.005250066891816412,-0.5713634269904135,-0.04999788934472803,-0.00045941383558990265,0.04999788934472803,0.00045941383558990265,2.1141626410995498,2.1141626410995498,2.1141626410995498
19.96899999998277,0.15144595503807068,0.28430062532424927,0.24019348621368408,0.17087146639823914,0.26052212715148926,2.354266881942749,0.0,0.0,0.0,0.0,0.00045941383558990265,0.04999788934472803,-0.00045941383558990265,-0.04999788934472803,0.00045941383558990265,0.04999788934472803,-0.00045941383558990265,-0.04999788934472803,0.005250066891816412,0.5713634269904135,-0.005250066891816412,-0.5713634269904135,-0.04999788934472803,-0.00045941383558990265,0.04999788934472803,0.00045941383558990265,2.1141626410995498,2.1141626410995498,2.1141626410995498
